#
# A fatal error has been detected by the Java Runtime Environment:
#
#  SIGSEGV (0xb) at pc=0x00007f3f26b26b60, pid=6254, tid=6268
#
# JRE version: OpenJDK Runtime Environment Temurin-21.0.4+7 (21.0.4+7) (build 21.0.4+7-LTS)
# Java VM: OpenJDK 64-Bit Server VM Temurin-21.0.4+7 (21.0.4+7-LTS, mixed mode, sharing, tiered, compressed oops, compressed class ptrs, g1 gc, linux-amd64)
# Problematic frame:
# V  [libjvm.so+0xf26b60]  void ConcurrentHashTable<SymbolTableConfig, (MEMFLAGS)11>::do_bulk_delete_locked_for<SymbolTableDeleteCheck, SymbolTableDoDelete>(Thread*, unsigned long, unsigned long, SymbolTableDeleteCheck&, SymbolTableDoDelete&, bool)+0x100
#
# Core dump will be written. Default location: Core dumps may be processed with "/usr/lib/systemd/systemd-coredump %P %u %g %s %t %c %h %d %F" (or dumping to /home/notch/.gemini/antigravity/scratch/Wammy/core.6254)
#
# If you would like to submit a bug report, please visit:
#   https://github.com/adoptium/adoptium-support/issues
#

---------------  S U M M A R Y ------------

Command Line: --add-opens=java.base/java.lang=ALL-UNNAMED --add-opens=java.base/java.lang.invoke=ALL-UNNAMED --add-opens=java.base/java.util=ALL-UNNAMED --add-opens=java.prefs/java.util.prefs=ALL-UNNAMED --add-exports=jdk.compiler/com.sun.tools.javac.api=ALL-UNNAMED --add-exports=jdk.compiler/com.sun.tools.javac.util=ALL-UNNAMED --add-opens=java.base/java.util=ALL-UNNAMED --add-opens=java.prefs/java.util.prefs=ALL-UNNAMED --add-opens=java.base/java.nio.charset=ALL-UNNAMED --add-opens=java.base/java.net=ALL-UNNAMED --add-opens=java.base/java.util.concurrent=ALL-UNNAMED --add-opens=java.base/java.util.concurrent.atomic=ALL-UNNAMED --add-opens=java.xml/javax.xml.namespace=ALL-UNNAMED --add-opens=java.base/java.time=ALL-UNNAMED -Xmx2048m -Dfile.encoding=UTF-8 -Duser.country=US -Duser.language=en -Duser.variant -javaagent:/home/notch/.gradle/wrapper/dists/gradle-9.1.0-bin/9agqghryom9wkf8r80qlhnts3/gradle-9.1.0/lib/agents/gradle-instrumentation-agent-9.1.0.jar org.gradle.launcher.daemon.bootstrap.GradleDaemon 9.1.0

Host: 12th Gen Intel(R) Core(TM) i5-12400F, 12 cores, 15G, Fedora release 44 (Forty Four)
Time: Sat Aug 29 12:42:43 2026 IST elapsed time: 3625.282269 seconds (0d 1h 0m 25s)

---------------  T H R E A D  ---------------

Current thread (0x00007f3f201e3160):  JavaThread "Service Thread" daemon [_thread_in_vm, id=6268, stack(0x00007f3ef76fb000,0x00007f3ef77fb000) (1024K)]

Stack: [0x00007f3ef76fb000,0x00007f3ef77fb000],  sp=0x00007f3ef77f92b0,  free space=1016k
Native frames: (J=compiled Java code, j=interpreted, Vv=VM code, C=native code)
V  [libjvm.so+0xf26b60]  void ConcurrentHashTable<SymbolTableConfig, (MEMFLAGS)11>::do_bulk_delete_locked_for<SymbolTableDeleteCheck, SymbolTableDoDelete>(Thread*, unsigned long, unsigned long, SymbolTableDeleteCheck&, SymbolTableDoDelete&, bool)+0x100
V  [libjvm.so+0xf26493]  SymbolTable::clean_dead_entries(JavaThread*)+0x263
V  [libjvm.so+0xf265e7]  SymbolTable::do_concurrent_work(JavaThread*)+0x87
V  [libjvm.so+0xdbe4f2]  ServiceThread::service_thread_entry(JavaThread*, JavaThread*)+0x372
V  [libjvm.so+0x9276b8]  JavaThread::thread_main_inner()+0x1d8
V  [libjvm.so+0xf79b58]  Thread::call_run()+0xa8
V  [libjvm.so+0xd048ea]  thread_native_entry(Thread*)+0xda
C  [libc.so.6+0x72c19]  start_thread+0x399

siginfo: si_signo: 11 (SIGSEGV), si_code: 128 (SI_KERNEL), si_addr: 0x0000000000000000

Registers:
RAX=0x537463656a624f2f, RBX=0x0000000000005e80, RCX=0x0000000000005e80, RDX=0x0000000000000075
RSP=0x00007f3ef77f92b0, RBP=0x00007f3ef77f9b50, RSI=0x0000000000005e78, RDI=0x00007f3f201b3500
R8 =0x00007f3ef77f9b70, R9 =0x00007f3ef77f9b78, R10=0x0000000000000000, R11=0x0000000000000000
R12=0x00007f3ef77f9b78, R13=0x0000000000000000, R14=0x00007f3e780aa688, R15=0x00007f3ef77f9b70
RIP=0x00007f3f26b26b60, EFLAGS=0x0000000000010206, CSGSFS=0x002b000000000033, ERR=0x0000000000000000
  TRAPNO=0x000000000000000d


Register to memory mapping:

RAX=0x537463656a624f2f is an unknown value
RBX=0x0000000000005e80 is an unknown value
RCX=0x0000000000005e80 is an unknown value
RDX=0x0000000000000075 is an unknown value
RSP=0x00007f3ef77f92b0 is pointing into the stack for thread: 0x00007f3f201e3160
RBP=0x00007f3ef77f9b50 is pointing into the stack for thread: 0x00007f3f201e3160
RSI=0x0000000000005e78 is an unknown value
RDI=0x00007f3f201b3500 points into unknown readable memory: 0x00007f3f201b3560 | 60 35 1b 20 3f 7f 00 00
R8 =0x00007f3ef77f9b70 is pointing into the stack for thread: 0x00007f3f201e3160
R9 =0x00007f3ef77f9b78 is pointing into the stack for thread: 0x00007f3f201e3160
R10=0x0 is null
R11=0x0 is null
R12=0x00007f3ef77f9b78 is pointing into the stack for thread: 0x00007f3f201e3160
R13=0x0 is null
R14=0x00007f3e780aa688 points into unknown readable memory: 0x00007f3d989fd4a0 | a0 d4 9f 98 3d 7f 00 00
R15=0x00007f3ef77f9b70 is pointing into the stack for thread: 0x00007f3f201e3160

Top of Stack: (sp=0x00007f3ef77f92b0)
0x00007f3ef77f92b0:   00007f3ef77f9b78 0000000000000000
0x00007f3ef77f92c0:   00007f3f201e3308 00007f3ef77f9b70
0x00007f3ef77f92d0:   00007f3f201b3500 00007f3ef77f9320
0x00007f3ef77f92e0:   0000000000000000 0000000000000000
0x00007f3ef77f92f0:   00007f3f201e3160 00007f3f201b3bb0
0x00007f3ef77f9300:   0000000000005e80 0000000000005e78
0x00007f3ef77f9310:   0000000000000000 0000000000000000
0x00007f3ef77f9320:   00007f3da4053a20 00007f3d99538670
0x00007f3ef77f9330:   0000000000000000 0000000000000000
0x00007f3ef77f9340:   0000000000000000 0000000000000000
0x00007f3ef77f9350:   0000000000000000 0000000000000000
0x00007f3ef77f9360:   0000000000000000 0000000000000000
0x00007f3ef77f9370:   0000000000000000 0000000000000000
0x00007f3ef77f9380:   0000000000000000 0000000000000000
0x00007f3ef77f9390:   0000000000000000 0000000000000000
0x00007f3ef77f93a0:   0000000000000000 0000000000000000
0x00007f3ef77f93b0:   0000000000000000 0000000000000000
0x00007f3ef77f93c0:   0000000000000000 0000000000000000
0x00007f3ef77f93d0:   0000000000000000 0000000000000000
0x00007f3ef77f93e0:   0000000000000000 0000000000000000
0x00007f3ef77f93f0:   0000000000000000 0000000000000000
0x00007f3ef77f9400:   0000000000000000 0000000000000000
0x00007f3ef77f9410:   0000000000000000 0000000000000000
0x00007f3ef77f9420:   0000000000000000 0000000000000000
0x00007f3ef77f9430:   0000000000000000 0000000000000000
0x00007f3ef77f9440:   0000000000000000 0000000000000000
0x00007f3ef77f9450:   0000000000000000 0000000000000000
0x00007f3ef77f9460:   0000000000000000 0000000000000000
0x00007f3ef77f9470:   0000000000000000 0000000000000000
0x00007f3ef77f9480:   0000000000000000 0000000000000000
0x00007f3ef77f9490:   0000000000000000 0000000000000000
0x00007f3ef77f94a0:   0000000000000000 0000000000000000 

Instructions: (pc=0x00007f3f26b26b60)
0x00007f3f26b26a60:   55 48 89 e5 41 57 41 56 41 55 4d 89 c5 41 54 53
0x00007f3f26b26a70:   48 81 ec 78 08 00 00 0f b6 45 10 48 89 bd 80 f7
0x00007f3f26b26a80:   ff ff 48 89 b5 a0 f7 ff ff 88 85 6f f7 ff ff 48
0x00007f3f26b26a90:   8b 47 10 48 89 95 b8 f7 ff ff 48 89 8d b0 f7 ff
0x00007f3f26b26aa0:   ff 4c 89 8d 60 f7 ff ff 48 89 85 a8 f7 ff ff 4c
0x00007f3f26b26ab0:   8b b6 a8 01 00 00 4c 89 f0 41 f6 c6 01 75 12 48
0x00007f3f26b26ac0:   8d 05 5a f2 5f 00 48 8b 80 80 00 00 00 48 83 c8
0x00007f3f26b26ad0:   01 48 8b 9d a0 f7 ff ff 48 81 c3 a8 01 00 00 48
0x00007f3f26b26ae0:   89 9d 70 f7 ff ff 48 87 03 48 8b 9d b0 f7 ff ff
0x00007f3f26b26af0:   48 39 9d b8 f7 ff ff 0f 83 3a 01 00 00 48 8d 85
0x00007f3f26b26b00:   d0 f7 ff ff 4d 89 ef 4d 89 f5 48 89 85 88 f7 ff
0x00007f3f26b26b10:   ff 0f 1f 80 00 00 00 00 48 8b 85 a8 f7 ff ff 48
0x00007f3f26b26b20:   8b b5 b8 f7 ff ff 48 8b 00 4c 8d 34 f0 48 83 c6
0x00007f3f26b26b30:   01 48 89 b5 b8 f7 ff ff 49 8b 06 48 83 e0 fc 75
0x00007f3f26b26b40:   1b e9 da 00 00 00 66 2e 0f 1f 84 00 00 00 00 00
0x00007f3f26b26b50:   48 8b 00 48 85 c0 0f 84 c4 00 00 00 49 83 07 01
0x00007f3f26b26b60:   8b 50 08 66 85 d2 75 e8 48 8b 85 a0 f7 ff ff 4d
0x00007f3f26b26b70:   89 f4 4c 89 a8 a8 01 00 00 45 31 ed 49 8b 06 a8
0x00007f3f26b26b80:   01 75 1f 49 8b 16 48 83 e2 fc 48 89 d1 48 89 d0
0x00007f3f26b26b90:   48 83 c9 01 f0 49 0f b1 0e 48 39 c2 0f 84 ce 00
0x00007f3f26b26ba0:   00 00 41 83 c5 01 41 81 fd 00 20 00 00 0f 84 ad
0x00007f3f26b26bb0:   00 00 00 e8 d8 79 c6 ff 49 8b 06 a8 01 74 c4 eb
0x00007f3f26b26bc0:   e1 0f 1f 80 00 00 00 00 4c 8b bd 78 f7 ff ff 48
0x00007f3f26b26bd0:   8b 85 a0 f7 ff ff 4c 8b a8 a8 01 00 00 4c 89 e8
0x00007f3f26b26be0:   41 f6 c5 01 75 12 48 8d 05 33 f1 5f 00 48 8b 80
0x00007f3f26b26bf0:   80 00 00 00 48 83 c8 01 48 8b 9d 70 f7 ff ff 48
0x00007f3f26b26c00:   87 03 8b 85 c4 f7 ff ff 85 c0 74 14 48 8b bd c8
0x00007f3f26b26c10:   f7 ff ff 48 85 ff 74 08 e8 f3 46 97 ff 0f 1f 00
0x00007f3f26b26c20:   48 8b 9d b0 f7 ff ff 48 39 9d b8 f7 ff ff 0f 82
0x00007f3f26b26c30:   e4 fe ff ff 4d 89 ee 48 8b 85 a0 f7 ff ff 4c 89
0x00007f3f26b26c40:   b0 a8 01 00 00 48 81 c4 78 08 00 00 5b 41 5c 41
0x00007f3f26b26c50:   5d 41 5e 41 5f 5d c3 66 0f 1f 84 00 00 00 00 00 


Stack slot to memory mapping:

stack at sp + 0 slots: 0x00007f3ef77f9b78 is pointing into the stack for thread: 0x00007f3f201e3160
stack at sp + 1 slots: 0x0 is null
stack at sp + 2 slots: 0x00007f3f201e3308 points into unknown readable memory: 0x0000000000042187 | 87 21 04 00 00 00 00 00
stack at sp + 3 slots: 0x00007f3ef77f9b70 is pointing into the stack for thread: 0x00007f3f201e3160
stack at sp + 4 slots: 0x00007f3f201b3500 points into unknown readable memory: 0x00007f3f201b3560 | 60 35 1b 20 3f 7f 00 00
stack at sp + 5 slots: 0x00007f3ef77f9320 is pointing into the stack for thread: 0x00007f3f201e3160
stack at sp + 6 slots: 0x0 is null
stack at sp + 7 slots: 0x0 is null


---------------  P R O C E S S  ---------------

Threads class SMR info:
_java_thread_list=0x00007f3e70363510, length=205, elements={
0x00007f3f2002db00, 0x00007f3f201de9f0, 0x00007f3f201e0040, 0x00007f3f201e1b20,
0x00007f3f201e3160, 0x00007f3f201e4700, 0x00007f3f201e6240, 0x00007f3f201e7900,
0x00007f3f20209bb0, 0x00007f3f202acce0, 0x00007f3f214144e0, 0x00007f3f20aae0c0,
0x00007f3f214dbff0, 0x00007f3e30246d60, 0x00007f3e3024cb90, 0x00007f3e3028e280,
0x00007f3e30dc4980, 0x00007f3e30dc80f0, 0x00007f3e30e04d90, 0x00007f3e30e05920,
0x00007f3e30e069d0, 0x00007f3e30e07a60, 0x00007f3e30e08e70, 0x00007f3e30e0a120,
0x00007f3e30e0b2b0, 0x00007f3e30e0c570, 0x00007f3e30e0d700, 0x00007f3e30e0e9d0,
0x00007f3e30e0fcb0, 0x00007f3e30e10f90, 0x00007f3e3108f5d0, 0x00007f3e3242b670,
0x00007f3d98b66fa0, 0x00007f3d986569c0, 0x00007f3d994fe3b0, 0x00007f3d99bba070,
0x00007f3dd00f00e0, 0x00007f3dd01129e0, 0x00007f3e748e74e0, 0x00007f3e54046f80,
0x00007f3e54038060, 0x00007f3dbc006100, 0x00007f3e540432a0, 0x00007f3e4c016aa0,
0x00007f3dac006460, 0x00007f3db050ab20, 0x00007f3e3c001be0, 0x00007f3e44014a60,
0x00007f3e4400ce00, 0x00007f3db0428f90, 0x00007f3d5429f990, 0x00007f3dac0071b0,
0x00007f3dac0051b0, 0x00007f3dac00c160, 0x00007f3db04ac320, 0x00007f3db05a8f50,
0x00007f3db04172a0, 0x00007f3db050cf90, 0x00007f3db0606100, 0x00007f3db04d9a90,
0x00007f3db05b8a90, 0x00007f3db04e6c10, 0x00007f3db08f2900, 0x00007f3db04f8d70,
0x00007f3db05e1220, 0x00007f3db05cf1b0, 0x00007f3db04ad510, 0x00007f3db04d3f70,
0x00007f3db0633f10, 0x00007f3db06075a0, 0x00007f3db041c7d0, 0x00007f3db04c5fc0,
0x00007f3db04d2d40, 0x00007f3db0609f30, 0x00007f3db05c0100, 0x00007f3db0608a60,
0x00007f3db05bec20, 0x00007f3db04ae730, 0x00007f3db058da40, 0x00007f3db0588790,
0x00007f3db05f91c0, 0x00007f3db051c900, 0x00007f3db00048b0, 0x00007f3db05ea160,
0x00007f3db04bd980, 0x00007f3db05eb730, 0x00007f3db0624b80, 0x00007f3db0625dc0,
0x00007f3db04defc0, 0x00007f3db0627000, 0x00007f3db04de5d0, 0x00007f3db061cab0,
0x00007f3db0429a00, 0x00007f3db0629b60, 0x00007f3db062c090, 0x00007f3db062d2d0,
0x00007f3db062e500, 0x00007f3db01950c0, 0x00007f3db062f740, 0x00007f3db05e4780,
0x00007f3db09734c0, 0x00007f3db05d1bc0, 0x00007f3db0180e80, 0x00007f3db05fe780,
0x00007f3db05ec930, 0x00007f3db05ffab0, 0x00007f3db04bee60, 0x00007f3db04e8970,
0x00007f3d54770c50, 0x00007f3e4c020690, 0x00007f3db04dd120, 0x00007f3db08f6b20,
0x00007f3d8401c830, 0x00007f3d84003080, 0x00007f3d84032160, 0x00007f3d84032870,
0x00007f3d84032f80, 0x00007f3d84033690, 0x00007f3d84033da0, 0x00007f3d840344b0,
0x00007f3d84034bc0, 0x00007f3d840352d0, 0x00007f3d84035df0, 0x00007f3d940a65b0,
0x00007f3d84036900, 0x00007f3d84037420, 0x00007f3d84037f40, 0x00007f3d84038a70,
0x00007f3d840395a0, 0x00007f3d8403a0e0, 0x00007f3d8403ac20, 0x00007f3d8403b770,
0x00007f3d8403c2c0, 0x00007f3d8403ce20, 0x00007f3d8403d980, 0x00007f3d8403e4f0,
0x00007f3d8403f060, 0x00007f3d8403fbe0, 0x00007f3d84040760, 0x00007f3d840412f0,
0x00007f3d84041e80, 0x00007f3d84042a20, 0x00007f3d840435c0, 0x00007f3d84044170,
0x00007f3d84044d20, 0x00007f3d840458e0, 0x00007f3d84048380, 0x00007f3d84049430,
0x00007f3d8404a1b0, 0x00007f3d8404ad90, 0x00007f3d8404bb20, 0x00007f3d8404c8c0,
0x00007f3d8404d660, 0x00007f3d8404e410, 0x00007f3d8404f1c0, 0x00007f3d8404ff80,
0x00007f3d84050b90, 0x00007f3d84051960, 0x00007f3d84052730, 0x00007f3d84053610,
0x00007f3d84056320, 0x00007f3d840570b0, 0x00007f3d84057ea0, 0x00007f3d84058ca0,
0x00007f3d84059aa0, 0x00007f3d8405a700, 0x00007f3d8405b3b0, 0x00007f3d8405c1d0,
0x00007f3d8405ce70, 0x00007f3d8405dca0, 0x00007f3d8405ead0, 0x00007f3d8405f760,
0x00007f3d840603f0, 0x00007f3d84061240, 0x00007f3d84061ee0, 0x00007f3d9c01b650,
0x00007f3da4128e90, 0x00007f3da4125a90, 0x00007f3da41241b0, 0x00007f3da4051d90,
0x00007f3da40589a0, 0x00007f3da4133e00, 0x00007f3da45230d0, 0x00007f3da403b7b0,
0x00007f3da41b72b0, 0x00007f3da4126220, 0x00007f3da4140bd0, 0x00007f3d9c01d4c0,
0x00007f3d9c01e700, 0x00007f3e8400f9c0, 0x00007f3e84004960, 0x00007f3e84003360,
0x00007f3e8403ef60, 0x00007f3d9c034ff0, 0x00007f3d9c022010, 0x00007f3d9c020280,
0x00007f3d9c038950, 0x00007f3d9c020b00, 0x00007f3d9c02f6f0, 0x00007f3d9c037760,
0x00007f3d9c035a40, 0x00007f3d9c02b100, 0x00007f3d9c028cd0, 0x00007f3d9c030e90,
0x00007f3e70362960
}

Java Threads: ( => current thread )
  0x00007f3f2002db00 JavaThread "main"                              [_thread_blocked, id=6257, stack(0x00007f3f25b00000,0x00007f3f25c00000) (1024K)]
  0x00007f3f201de9f0 JavaThread "Reference Handler"          daemon [_thread_blocked, id=6265, stack(0x00007f3ef79fb000,0x00007f3ef7afb000) (1024K)]
  0x00007f3f201e0040 JavaThread "Finalizer"                  daemon [_thread_blocked, id=6266, stack(0x00007f3ef78fb000,0x00007f3ef79fb000) (1024K)]
  0x00007f3f201e1b20 JavaThread "Signal Dispatcher"          daemon [_thread_blocked, id=6267, stack(0x00007f3ef77fb000,0x00007f3ef78fb000) (1024K)]
=>0x00007f3f201e3160 JavaThread "Service Thread"             daemon [_thread_in_vm, id=6268, stack(0x00007f3ef76fb000,0x00007f3ef77fb000) (1024K)]
  0x00007f3f201e4700 JavaThread "Monitor Deflation Thread"   daemon [_thread_blocked, id=6269, stack(0x00007f3ef75fb000,0x00007f3ef76fb000) (1024K)]
  0x00007f3f201e6240 JavaThread "C2 CompilerThread0"         daemon [_thread_in_native, id=6270, stack(0x00007f3ef74fb000,0x00007f3ef75fb000) (1024K)]
  0x00007f3f201e7900 JavaThread "C1 CompilerThread0"         daemon [_thread_blocked, id=6271, stack(0x00007f3ef73fb000,0x00007f3ef74fb000) (1024K)]
  0x00007f3f20209bb0 JavaThread "Common-Cleaner"             daemon [_thread_blocked, id=6272, stack(0x00007f3ef72fb000,0x00007f3ef73fb000) (1024K)]
  0x00007f3f202acce0 JavaThread "Notification Thread"        daemon [_thread_blocked, id=6274, stack(0x00007f3ef70fb000,0x00007f3ef71fb000) (1024K)]
  0x00007f3f214144e0 JavaThread "Daemon health stats"               [_thread_blocked, id=6280, stack(0x00007f3ef6af7000,0x00007f3ef6bf7000) (1024K)]
  0x00007f3f20aae0c0 JavaThread "Incoming local TCP Connector on port 40363"        [_thread_in_native, id=6281, stack(0x00007f3ef6700000,0x00007f3ef6800000) (1024K)]
  0x00007f3f214dbff0 JavaThread "Daemon periodic checks"            [_thread_blocked, id=6282, stack(0x00007f3ef6600000,0x00007f3ef6700000) (1024K)]
  0x00007f3e30246d60 JavaThread "Cache worker for journal cache (/home/notch/.gradle/caches/journal-1)"        [_thread_blocked, id=6290, stack(0x00007f3ef5e00000,0x00007f3ef5f00000) (1024K)]
  0x00007f3e3024cb90 JavaThread "File lock request listener"        [_thread_in_native, id=6291, stack(0x00007f3ef5d00000,0x00007f3ef5e00000) (1024K)]
  0x00007f3e3028e280 JavaThread "Cache worker for file hash cache (/home/notch/.gradle/caches/9.1.0/fileHashes)"        [_thread_blocked, id=6292, stack(0x00007f3ef5c00000,0x00007f3ef5d00000) (1024K)]
  0x00007f3e30dc4980 JavaThread "File watcher server"        daemon [_thread_in_native, id=6302, stack(0x00007f3ef51f9000,0x00007f3ef52f9000) (1024K)]
  0x00007f3e30dc80f0 JavaThread "File watcher consumer"      daemon [_thread_in_Java, id=6303, stack(0x00007f3ef50f9000,0x00007f3ef51f9000) (1024K)]
  0x00007f3e30e04d90 JavaThread "jar transforms"                    [_thread_blocked, id=6304, stack(0x00007f3ef4ff9000,0x00007f3ef50f9000) (1024K)]
  0x00007f3e30e05920 JavaThread "jar transforms Thread 2"           [_thread_blocked, id=6305, stack(0x00007f3ef4ef9000,0x00007f3ef4ff9000) (1024K)]
  0x00007f3e30e069d0 JavaThread "jar transforms Thread 3"           [_thread_blocked, id=6306, stack(0x00007f3ef4df9000,0x00007f3ef4ef9000) (1024K)]
  0x00007f3e30e07a60 JavaThread "jar transforms Thread 4"           [_thread_blocked, id=6307, stack(0x00007f3ef4cf9000,0x00007f3ef4df9000) (1024K)]
  0x00007f3e30e08e70 JavaThread "jar transforms Thread 5"           [_thread_blocked, id=6308, stack(0x00007f3ef4bf9000,0x00007f3ef4cf9000) (1024K)]
  0x00007f3e30e0a120 JavaThread "jar transforms Thread 6"           [_thread_blocked, id=6309, stack(0x00007f3ef4af9000,0x00007f3ef4bf9000) (1024K)]
  0x00007f3e30e0b2b0 JavaThread "jar transforms Thread 7"           [_thread_blocked, id=6310, stack(0x00007f3ef49f9000,0x00007f3ef4af9000) (1024K)]
  0x00007f3e30e0c570 JavaThread "jar transforms Thread 8"           [_thread_blocked, id=6311, stack(0x00007f3ef48f9000,0x00007f3ef49f9000) (1024K)]
  0x00007f3e30e0d700 JavaThread "jar transforms Thread 9"           [_thread_blocked, id=6312, stack(0x00007f3ef47f9000,0x00007f3ef48f9000) (1024K)]
  0x00007f3e30e0e9d0 JavaThread "jar transforms Thread 10"          [_thread_blocked, id=6313, stack(0x00007f3ef46f9000,0x00007f3ef47f9000) (1024K)]
  0x00007f3e30e0fcb0 JavaThread "jar transforms Thread 11"          [_thread_blocked, id=6314, stack(0x00007f3ef45f9000,0x00007f3ef46f9000) (1024K)]
  0x00007f3e30e10f90 JavaThread "jar transforms Thread 12"          [_thread_blocked, id=6315, stack(0x00007f3ef44f9000,0x00007f3ef45f9000) (1024K)]
  0x00007f3e3108f5d0 JavaThread "Cache worker for file content cache (/home/notch/.gradle/caches/9.1.0/fileContent)"        [_thread_blocked, id=6317, stack(0x00007f3ef42f9000,0x00007f3ef43f9000) (1024K)]
  0x00007f3e3242b670 JavaThread "Memory manager"                    [_thread_blocked, id=6387, stack(0x00007f3e8d500000,0x00007f3e8d600000) (1024K)]
  0x00007f3d98b66fa0 JavaThread "Periodic tasks thread"      daemon [_thread_blocked, id=18219, stack(0x00007f3d29900000,0x00007f3d29a00000) (1024K)]
  0x00007f3d986569c0 JavaThread "ApplicationImpl pooled thread 1" daemon [_thread_blocked, id=18220, stack(0x00007f3d29800000,0x00007f3d29900000) (1024K)]
  0x00007f3d994fe3b0 JavaThread "DirectBufferWrapper allocation thread" daemon [_thread_blocked, id=18225, stack(0x00007f3d29600000,0x00007f3d29700000) (1024K)]
  0x00007f3d99bba070 JavaThread "process reaper (pid 18245)" daemon [_thread_in_native, id=18227, stack(0x00007f3f04007000,0x00007f3f04029000) (136K)]
  0x00007f3dd00f00e0 JavaThread "RMI Scheduler(0)"           daemon [_thread_blocked, id=18269, stack(0x00007f3e8c900000,0x00007f3e8ca00000) (1024K)]
  0x00007f3dd01129e0 JavaThread "RMI TCP Accept-0"           daemon [_thread_in_native, id=18273, stack(0x00007f3d27b00000,0x00007f3d27c00000) (1024K)]
  0x00007f3e748e74e0 JavaThread "Cache worker for Java compile cache (/home/notch/.gradle/caches/9.1.0/javaCompile)"        [_thread_blocked, id=18296, stack(0x00007f3d27800000,0x00007f3d27900000) (1024K)]
  0x00007f3e54046f80 JavaThread "ForkJoinPool.commonPool-worker-46" daemon [_thread_blocked, id=25646, stack(0x00007f3ea0600000,0x00007f3ea0700000) (1024K)]
  0x00007f3e54038060 JavaThread "ForkJoinPool.commonPool-worker-48" daemon [_thread_blocked, id=25648, stack(0x00007f3ea0100000,0x00007f3ea0200000) (1024K)]
  0x00007f3dbc006100 JavaThread "ForkJoinPool.commonPool-worker-51" daemon [_thread_blocked, id=25650, stack(0x00007f3e9bf00000,0x00007f3e9c000000) (1024K)]
  0x00007f3e540432a0 JavaThread "ForkJoinPool.commonPool-worker-52" daemon [_thread_blocked, id=25651, stack(0x00007f3e8de00000,0x00007f3e8df00000) (1024K)]
  0x00007f3e4c016aa0 JavaThread "Daemon Thread 7"                   [_thread_blocked, id=28670, stack(0x00007f3ea2000000,0x00007f3ea2100000) (1024K)]
  0x00007f3dac006460 JavaThread "Daemon worker Thread 7"            [_thread_blocked, id=28673, stack(0x00007f3ea1500000,0x00007f3ea1600000) (1024K)]
  0x00007f3db050ab20 JavaThread "included builds"                   [_thread_blocked, id=28722, stack(0x00007f3ea2e00000,0x00007f3ea2f00000) (1024K)]
  0x00007f3e3c001be0 JavaThread "ForkJoinPool.commonPool-worker-56" daemon [_thread_blocked, id=28748, stack(0x00007f3ea0900000,0x00007f3ea0a00000) (1024K)]
  0x00007f3e44014a60 JavaThread "ForkJoinPool.commonPool-worker-55" daemon [_thread_blocked, id=28749, stack(0x00007f3ea0300000,0x00007f3ea0400000) (1024K)]
  0x00007f3e4400ce00 JavaThread "ForkJoinPool.commonPool-worker-58" daemon [_thread_blocked, id=28750, stack(0x00007f3e8df00000,0x00007f3e8e000000) (1024K)]
  0x00007f3db0428f90 JavaThread "ForkJoinPool.commonPool-worker-57" daemon [_thread_blocked, id=28751, stack(0x00007f3e8dc00000,0x00007f3e8dd00000) (1024K)]
  0x00007f3d5429f990 JavaThread "ForkJoinPool.commonPool-worker-59" daemon [_thread_blocked, id=28752, stack(0x00007f3e8db00000,0x00007f3e8dc00000) (1024K)]
  0x00007f3dac0071b0 JavaThread "VFS cleanup Thread 7"              [_thread_blocked, id=28830, stack(0x00007f3e8dd00000,0x00007f3e8de00000) (1024K)]
  0x00007f3dac0051b0 JavaThread "Handler for socket connection from /127.0.0.1:40363 to /127.0.0.1:50556"        [_thread_in_native, id=28852, stack(0x00007f3ea0c00000,0x00007f3ea0d00000) (1024K)]
  0x00007f3dac00c160 JavaThread "Cancel handler"                    [_thread_blocked, id=28853, stack(0x00007f3d29100000,0x00007f3d29200000) (1024K)]
  0x00007f3db04ac320 JavaThread "Asynchronous log dispatcher for DefaultDaemonConnection: socket connection from /127.0.0.1:40363 to /127.0.0.1:50556"        [_thread_blocked, id=28854, stack(0x00007f3d27400000,0x00007f3d27500000) (1024K)]
  0x00007f3db05a8f50 JavaThread "Stdin handler"                     [_thread_blocked, id=28855, stack(0x00007f3ea2a00000,0x00007f3ea2b00000) (1024K)]
  0x00007f3db04172a0 JavaThread "Daemon client event forwarder"        [_thread_blocked, id=28856, stack(0x00007f3ea2600000,0x00007f3ea2700000) (1024K)]
  0x00007f3db050cf90 JavaThread "Cache worker for file hash cache (/home/notch/.gemini/antigravity/scratch/Wammy/.gradle/9.1.0/fileHashes)"        [_thread_blocked, id=28857, stack(0x00007f3ea0000000,0x00007f3ea0100000) (1024K)]
  0x00007f3db0606100 JavaThread "Cache worker for Build Output Cleanup Cache (/home/notch/.gemini/antigravity/scratch/Wammy/.gradle/buildOutputCleanup)"        [_thread_blocked, id=28858, stack(0x00007f3ea0d00000,0x00007f3ea0e00000) (1024K)]
  0x00007f3db04d9a90 JavaThread "Cache worker for checksums cache (/home/notch/.gemini/antigravity/scratch/Wammy/.gradle/9.1.0/checksums)"        [_thread_blocked, id=28859, stack(0x00007f3d29e00000,0x00007f3d29f00000) (1024K)]
  0x00007f3db05b8a90 JavaThread "Cache worker for cache directory md-supplier (/home/notch/.gradle/caches/9.1.0/md-supplier)"        [_thread_blocked, id=28860, stack(0x00007f3d28f00000,0x00007f3d29000000) (1024K)]
  0x00007f3db04e6c10 JavaThread "Cache worker for cache directory md-rule (/home/notch/.gradle/caches/9.1.0/md-rule)"        [_thread_blocked, id=28861, stack(0x00007f3d29000000,0x00007f3d29100000) (1024K)]
  0x00007f3db08f2900 JavaThread "Unconstrained build operations"        [_thread_blocked, id=28862, stack(0x00007f3ea0700000,0x00007f3ea0800000) (1024K)]
  0x00007f3db04f8d70 JavaThread "Unconstrained build operations Thread 2"        [_thread_blocked, id=28863, stack(0x00007f3ef6000000,0x00007f3ef6100000) (1024K)]
  0x00007f3db05e1220 JavaThread "Unconstrained build operations Thread 3"        [_thread_blocked, id=28864, stack(0x00007f3e8c600000,0x00007f3e8c700000) (1024K)]
  0x00007f3db05cf1b0 JavaThread "Unconstrained build operations Thread 4"        [_thread_blocked, id=28865, stack(0x00007f3d28d00000,0x00007f3d28e00000) (1024K)]
  0x00007f3db04ad510 JavaThread "Unconstrained build operations Thread 5"        [_thread_blocked, id=28866, stack(0x00007f3ef6300000,0x00007f3ef6400000) (1024K)]
  0x00007f3db04d3f70 JavaThread "Unconstrained build operations Thread 6"        [_thread_blocked, id=28867, stack(0x00007f3d27e00000,0x00007f3d27f00000) (1024K)]
  0x00007f3db0633f10 JavaThread "Unconstrained build operations Thread 7"        [_thread_blocked, id=28868, stack(0x00007f3d2a400000,0x00007f3d2a500000) (1024K)]
  0x00007f3db06075a0 JavaThread "Unconstrained build operations Thread 8"        [_thread_blocked, id=28869, stack(0x00007f3d27c00000,0x00007f3d27d00000) (1024K)]
  0x00007f3db041c7d0 JavaThread "Unconstrained build operations Thread 9"        [_thread_blocked, id=28870, stack(0x00007f3d2a200000,0x00007f3d2a300000) (1024K)]
  0x00007f3db04c5fc0 JavaThread "Unconstrained build operations Thread 10"        [_thread_blocked, id=28871, stack(0x00007f3d2bc00000,0x00007f3d2bd00000) (1024K)]
  0x00007f3db04d2d40 JavaThread "Unconstrained build operations Thread 11"        [_thread_blocked, id=28872, stack(0x00007f3d28700000,0x00007f3d28800000) (1024K)]
  0x00007f3db0609f30 JavaThread "Unconstrained build operations Thread 12"        [_thread_blocked, id=28873, stack(0x00007f3ef6500000,0x00007f3ef6600000) (1024K)]
  0x00007f3db05c0100 JavaThread "Unconstrained build operations Thread 13"        [_thread_blocked, id=28874, stack(0x00007f3ea1b00000,0x00007f3ea1c00000) (1024K)]
  0x00007f3db0608a60 JavaThread "Unconstrained build operations Thread 14"        [_thread_blocked, id=28875, stack(0x00007f3d2b900000,0x00007f3d2ba00000) (1024K)]
  0x00007f3db05bec20 JavaThread "Unconstrained build operations Thread 15"        [_thread_blocked, id=28876, stack(0x00007f3ea1100000,0x00007f3ea1200000) (1024K)]
  0x00007f3db04ae730 JavaThread "Unconstrained build operations Thread 16"        [_thread_blocked, id=28877, stack(0x00007f3d2be00000,0x00007f3d2bf00000) (1024K)]
  0x00007f3db058da40 JavaThread "Unconstrained build operations Thread 17"        [_thread_blocked, id=28878, stack(0x00007f3e8c500000,0x00007f3e8c600000) (1024K)]
  0x00007f3db0588790 JavaThread "Unconstrained build operations Thread 18"        [_thread_blocked, id=28879, stack(0x00007f3d28400000,0x00007f3d28500000) (1024K)]
  0x00007f3db05f91c0 JavaThread "Unconstrained build operations Thread 19"        [_thread_blocked, id=28880, stack(0x00007f3d29f00000,0x00007f3d2a000000) (1024K)]
  0x00007f3db051c900 JavaThread "Unconstrained build operations Thread 20"        [_thread_blocked, id=28881, stack(0x00007f3e8d700000,0x00007f3e8d800000) (1024K)]
  0x00007f3db00048b0 JavaThread "Unconstrained build operations Thread 21"        [_thread_blocked, id=28882, stack(0x00007f3d29d00000,0x00007f3d29e00000) (1024K)]
  0x00007f3db05ea160 JavaThread "Unconstrained build operations Thread 22"        [_thread_blocked, id=28883, stack(0x00007f3ef6ffb000,0x00007f3ef70fb000) (1024K)]
  0x00007f3db04bd980 JavaThread "Unconstrained build operations Thread 23"        [_thread_blocked, id=28886, stack(0x00007f3e8d900000,0x00007f3e8da00000) (1024K)]
  0x00007f3db05eb730 JavaThread "Unconstrained build operations Thread 24"        [_thread_blocked, id=28887, stack(0x00007f3d28900000,0x00007f3d28a00000) (1024K)]
  0x00007f3db0624b80 JavaThread "Unconstrained build operations Thread 25"        [_thread_blocked, id=28888, stack(0x00007f3d2b400000,0x00007f3d2b500000) (1024K)]
  0x00007f3db0625dc0 JavaThread "Unconstrained build operations Thread 26"        [_thread_blocked, id=28889, stack(0x00007f3ea1000000,0x00007f3ea1100000) (1024K)]
  0x00007f3db04defc0 JavaThread "Unconstrained build operations Thread 27"        [_thread_blocked, id=28890, stack(0x00007f3d28a00000,0x00007f3d28b00000) (1024K)]
  0x00007f3db0627000 JavaThread "Unconstrained build operations Thread 28"        [_thread_blocked, id=28891, stack(0x00007f3d2b200000,0x00007f3d2b300000) (1024K)]
  0x00007f3db04de5d0 JavaThread "Unconstrained build operations Thread 29"        [_thread_blocked, id=28892, stack(0x00007f3ef71fb000,0x00007f3ef72fb000) (1024K)]
  0x00007f3db061cab0 JavaThread "Unconstrained build operations Thread 30"        [_thread_blocked, id=28893, stack(0x00007f3ef6400000,0x00007f3ef6500000) (1024K)]
  0x00007f3db0429a00 JavaThread "Unconstrained build operations Thread 31"        [_thread_blocked, id=28894, stack(0x00007f3ef6200000,0x00007f3ef6300000) (1024K)]
  0x00007f3db0629b60 JavaThread "Unconstrained build operations Thread 32"        [_thread_blocked, id=28895, stack(0x00007f3ef6100000,0x00007f3ef6200000) (1024K)]
  0x00007f3db062c090 JavaThread "Unconstrained build operations Thread 33"        [_thread_blocked, id=28896, stack(0x00007f3ef5f00000,0x00007f3ef6000000) (1024K)]
  0x00007f3db062d2d0 JavaThread "Unconstrained build operations Thread 34"        [_thread_blocked, id=28897, stack(0x00007f3ef53f9000,0x00007f3ef54f9000) (1024K)]
  0x00007f3db062e500 JavaThread "Unconstrained build operations Thread 35"        [_thread_blocked, id=28898, stack(0x00007f3ef52f9000,0x00007f3ef53f9000) (1024K)]
  0x00007f3db01950c0 JavaThread "Unconstrained build operations Thread 36"        [_thread_blocked, id=28899, stack(0x00007f3ef43f9000,0x00007f3ef44f9000) (1024K)]
  0x00007f3db062f740 JavaThread "Unconstrained build operations Thread 37"        [_thread_blocked, id=28900, stack(0x00007f3ef41f9000,0x00007f3ef42f9000) (1024K)]
  0x00007f3db05e4780 JavaThread "Unconstrained build operations Thread 38"        [_thread_blocked, id=28901, stack(0x00007f3ef40f9000,0x00007f3ef41f9000) (1024K)]
  0x00007f3db09734c0 JavaThread "Unconstrained build operations Thread 39"        [_thread_blocked, id=28902, stack(0x00007f3ea2f00000,0x00007f3ea3000000) (1024K)]
  0x00007f3db05d1bc0 JavaThread "Unconstrained build operations Thread 40"        [_thread_blocked, id=28903, stack(0x00007f3ea2d00000,0x00007f3ea2e00000) (1024K)]
  0x00007f3db0180e80 JavaThread "Unconstrained build operations Thread 41"        [_thread_blocked, id=28904, stack(0x00007f3ea2c00000,0x00007f3ea2d00000) (1024K)]
  0x00007f3db05fe780 JavaThread "Unconstrained build operations Thread 42"        [_thread_blocked, id=28905, stack(0x00007f3ea2b00000,0x00007f3ea2c00000) (1024K)]
  0x00007f3db05ec930 JavaThread "Unconstrained build operations Thread 43"        [_thread_blocked, id=28906, stack(0x00007f3ea2900000,0x00007f3ea2a00000) (1024K)]
  0x00007f3db05ffab0 JavaThread "Unconstrained build operations Thread 44"        [_thread_blocked, id=28907, stack(0x00007f3ea2800000,0x00007f3ea2900000) (1024K)]
  0x00007f3db04bee60 JavaThread "build event listener"              [_thread_blocked, id=28908, stack(0x00007f3ea2700000,0x00007f3ea2800000) (1024K)]
  0x00007f3db04e8970 JavaThread "build event listener"              [_thread_blocked, id=28909, stack(0x00007f3ea2500000,0x00007f3ea2600000) (1024K)]
  0x00007f3d54770c50 JavaThread "ForkJoinPool.commonPool-worker-60" daemon [_thread_blocked, id=28910, stack(0x00007f3ea2400000,0x00007f3ea2500000) (1024K)]
  0x00007f3e4c020690 JavaThread "ForkJoinPool.commonPool-worker-61" daemon [_thread_blocked, id=28911, stack(0x00007f3ea2300000,0x00007f3ea2400000) (1024K)]
  0x00007f3db04dd120 JavaThread "Problems report writer"            [_thread_blocked, id=28912, stack(0x00007f3ea2200000,0x00007f3ea2300000) (1024K)]
  0x00007f3db08f6b20 JavaThread "included builds"                   [_thread_blocked, id=28913, stack(0x00007f3ea2100000,0x00007f3ea2200000) (1024K)]
  0x00007f3d8401c830 JavaThread "Execution worker"                  [_thread_blocked, id=28914, stack(0x00007f3ea1f00000,0x00007f3ea2000000) (1024K)]
  0x00007f3d84003080 JavaThread "Execution worker Thread 2"         [_thread_blocked, id=28915, stack(0x00007f3ea1e00000,0x00007f3ea1f00000) (1024K)]
  0x00007f3d84032160 JavaThread "Execution worker Thread 3"         [_thread_blocked, id=28916, stack(0x00007f3ea1d00000,0x00007f3ea1e00000) (1024K)]
  0x00007f3d84032870 JavaThread "Execution worker Thread 4"         [_thread_blocked, id=28917, stack(0x00007f3ea1c00000,0x00007f3ea1d00000) (1024K)]
  0x00007f3d84032f80 JavaThread "Execution worker Thread 5"         [_thread_blocked, id=28918, stack(0x00007f3ea1a00000,0x00007f3ea1b00000) (1024K)]
  0x00007f3d84033690 JavaThread "Execution worker Thread 6"         [_thread_blocked, id=28919, stack(0x00007f3ea1900000,0x00007f3ea1a00000) (1024K)]
  0x00007f3d84033da0 JavaThread "Execution worker Thread 7"         [_thread_blocked, id=28920, stack(0x00007f3ea1800000,0x00007f3ea1900000) (1024K)]
  0x00007f3d840344b0 JavaThread "Execution worker Thread 8"         [_thread_blocked, id=28921, stack(0x00007f3ea1700000,0x00007f3ea1800000) (1024K)]
  0x00007f3d84034bc0 JavaThread "Execution worker Thread 9"         [_thread_blocked, id=28922, stack(0x00007f3ea1600000,0x00007f3ea1700000) (1024K)]
  0x00007f3d840352d0 JavaThread "Execution worker Thread 10"        [_thread_blocked, id=28923, stack(0x00007f3ea1400000,0x00007f3ea1500000) (1024K)]
  0x00007f3d84035df0 JavaThread "Execution worker Thread 11"        [_thread_blocked, id=28924, stack(0x00007f3ea1300000,0x00007f3ea1400000) (1024K)]
  0x00007f3d940a65b0 JavaThread "Cache worker for execution history cache (/home/notch/.gemini/antigravity/scratch/Wammy/.gradle/9.1.0/executionHistory)"        [_thread_blocked, id=28925, stack(0x00007f3ea1200000,0x00007f3ea1300000) (1024K)]
  0x00007f3d84036900 JavaThread "Unconstrained build operations Thread 45"        [_thread_blocked, id=28927, stack(0x00007f3ea0f00000,0x00007f3ea1000000) (1024K)]
  0x00007f3d84037420 JavaThread "Unconstrained build operations Thread 46"        [_thread_blocked, id=28928, stack(0x00007f3ea0e00000,0x00007f3ea0f00000) (1024K)]
  0x00007f3d84037f40 JavaThread "Unconstrained build operations Thread 47"        [_thread_blocked, id=28929, stack(0x00007f3ea0b00000,0x00007f3ea0c00000) (1024K)]
  0x00007f3d84038a70 JavaThread "Unconstrained build operations Thread 48"        [_thread_blocked, id=28930, stack(0x00007f3ea0a00000,0x00007f3ea0b00000) (1024K)]
  0x00007f3d840395a0 JavaThread "Unconstrained build operations Thread 49"        [_thread_blocked, id=28931, stack(0x00007f3ea0800000,0x00007f3ea0900000) (1024K)]
  0x00007f3d8403a0e0 JavaThread "Unconstrained build operations Thread 50"        [_thread_blocked, id=28932, stack(0x00007f3ea0500000,0x00007f3ea0600000) (1024K)]
  0x00007f3d8403ac20 JavaThread "Unconstrained build operations Thread 51"        [_thread_blocked, id=28933, stack(0x00007f3ea0400000,0x00007f3ea0500000) (1024K)]
  0x00007f3d8403b770 JavaThread "Unconstrained build operations Thread 52"        [_thread_blocked, id=28934, stack(0x00007f3ea0200000,0x00007f3ea0300000) (1024K)]
  0x00007f3d8403c2c0 JavaThread "Unconstrained build operations Thread 53"        [_thread_blocked, id=28935, stack(0x00007f3e8da00000,0x00007f3e8db00000) (1024K)]
  0x00007f3d8403ce20 JavaThread "Unconstrained build operations Thread 54"        [_thread_blocked, id=28936, stack(0x00007f3e8d800000,0x00007f3e8d900000) (1024K)]
  0x00007f3d8403d980 JavaThread "Unconstrained build operations Thread 55"        [_thread_blocked, id=28937, stack(0x00007f3e8d600000,0x00007f3e8d700000) (1024K)]
  0x00007f3d8403e4f0 JavaThread "Unconstrained build operations Thread 56"        [_thread_blocked, id=28938, stack(0x00007f3e8d400000,0x00007f3e8d500000) (1024K)]
  0x00007f3d8403f060 JavaThread "Unconstrained build operations Thread 57"        [_thread_blocked, id=28939, stack(0x00007f3e8d300000,0x00007f3e8d400000) (1024K)]
  0x00007f3d8403fbe0 JavaThread "Unconstrained build operations Thread 58"        [_thread_blocked, id=28940, stack(0x00007f3e8d200000,0x00007f3e8d300000) (1024K)]
  0x00007f3d84040760 JavaThread "Unconstrained build operations Thread 59"        [_thread_blocked, id=28941, stack(0x00007f3e8d100000,0x00007f3e8d200000) (1024K)]
  0x00007f3d840412f0 JavaThread "Unconstrained build operations Thread 60"        [_thread_blocked, id=28942, stack(0x00007f3e8d000000,0x00007f3e8d100000) (1024K)]
  0x00007f3d84041e80 JavaThread "Unconstrained build operations Thread 61"        [_thread_blocked, id=28943, stack(0x00007f3e8cf00000,0x00007f3e8d000000) (1024K)]
  0x00007f3d84042a20 JavaThread "Unconstrained build operations Thread 62"        [_thread_blocked, id=28944, stack(0x00007f3e8ce00000,0x00007f3e8cf00000) (1024K)]
  0x00007f3d840435c0 JavaThread "Unconstrained build operations Thread 63"        [_thread_blocked, id=28945, stack(0x00007f3e8cd00000,0x00007f3e8ce00000) (1024K)]
  0x00007f3d84044170 JavaThread "Unconstrained build operations Thread 64"        [_thread_blocked, id=28946, stack(0x00007f3e8cc00000,0x00007f3e8cd00000) (1024K)]
  0x00007f3d84044d20 JavaThread "Unconstrained build operations Thread 65"        [_thread_blocked, id=28947, stack(0x00007f3e8cb00000,0x00007f3e8cc00000) (1024K)]
  0x00007f3d840458e0 JavaThread "Unconstrained build operations Thread 66"        [_thread_blocked, id=28948, stack(0x00007f3e8ca00000,0x00007f3e8cb00000) (1024K)]
  0x00007f3d84048380 JavaThread "Unconstrained build operations Thread 67"        [_thread_blocked, id=28949, stack(0x00007f3e8c800000,0x00007f3e8c900000) (1024K)]
  0x00007f3d84049430 JavaThread "Unconstrained build operations Thread 68"        [_thread_blocked, id=28950, stack(0x00007f3e8c700000,0x00007f3e8c800000) (1024K)]
  0x00007f3d8404a1b0 JavaThread "Unconstrained build operations Thread 69"        [_thread_blocked, id=28951, stack(0x00007f3e8c400000,0x00007f3e8c500000) (1024K)]
  0x00007f3d8404ad90 JavaThread "Unconstrained build operations Thread 70"        [_thread_blocked, id=28952, stack(0x00007f3e8c300000,0x00007f3e8c400000) (1024K)]
  0x00007f3d8404bb20 JavaThread "Unconstrained build operations Thread 71"        [_thread_blocked, id=28953, stack(0x00007f3e8c200000,0x00007f3e8c300000) (1024K)]
  0x00007f3d8404c8c0 JavaThread "Unconstrained build operations Thread 72"        [_thread_blocked, id=28954, stack(0x00007f3e8c100000,0x00007f3e8c200000) (1024K)]
  0x00007f3d8404d660 JavaThread "Unconstrained build operations Thread 73"        [_thread_blocked, id=28955, stack(0x00007f3e8c000000,0x00007f3e8c100000) (1024K)]
  0x00007f3d8404e410 JavaThread "Unconstrained build operations Thread 74"        [_thread_blocked, id=28956, stack(0x00007f3d2bf00000,0x00007f3d2c000000) (1024K)]
  0x00007f3d8404f1c0 JavaThread "Unconstrained build operations Thread 75"        [_thread_blocked, id=28957, stack(0x00007f3d2bd00000,0x00007f3d2be00000) (1024K)]
  0x00007f3d8404ff80 JavaThread "Unconstrained build operations Thread 76"        [_thread_blocked, id=28958, stack(0x00007f3d2bb00000,0x00007f3d2bc00000) (1024K)]
  0x00007f3d84050b90 JavaThread "Unconstrained build operations Thread 77"        [_thread_blocked, id=28959, stack(0x00007f3d2ba00000,0x00007f3d2bb00000) (1024K)]
  0x00007f3d84051960 JavaThread "Unconstrained build operations Thread 78"        [_thread_blocked, id=28960, stack(0x00007f3d2b800000,0x00007f3d2b900000) (1024K)]
  0x00007f3d84052730 JavaThread "Unconstrained build operations Thread 79"        [_thread_blocked, id=28961, stack(0x00007f3d2b700000,0x00007f3d2b800000) (1024K)]
  0x00007f3d84053610 JavaThread "Unconstrained build operations Thread 80"        [_thread_blocked, id=28962, stack(0x00007f3d2b600000,0x00007f3d2b700000) (1024K)]
  0x00007f3d84056320 JavaThread "Unconstrained build operations Thread 81"        [_thread_blocked, id=28963, stack(0x00007f3d2b500000,0x00007f3d2b600000) (1024K)]
  0x00007f3d840570b0 JavaThread "Unconstrained build operations Thread 82"        [_thread_blocked, id=28964, stack(0x00007f3d2b300000,0x00007f3d2b400000) (1024K)]
  0x00007f3d84057ea0 JavaThread "Unconstrained build operations Thread 83"        [_thread_blocked, id=28965, stack(0x00007f3d2b100000,0x00007f3d2b200000) (1024K)]
  0x00007f3d84058ca0 JavaThread "Unconstrained build operations Thread 84"        [_thread_blocked, id=28966, stack(0x00007f3d2b000000,0x00007f3d2b100000) (1024K)]
  0x00007f3d84059aa0 JavaThread "Unconstrained build operations Thread 85"        [_thread_blocked, id=28967, stack(0x00007f3d2af00000,0x00007f3d2b000000) (1024K)]
  0x00007f3d8405a700 JavaThread "Unconstrained build operations Thread 86"        [_thread_blocked, id=28968, stack(0x00007f3d2ae00000,0x00007f3d2af00000) (1024K)]
  0x00007f3d8405b3b0 JavaThread "Unconstrained build operations Thread 87"        [_thread_blocked, id=28969, stack(0x00007f3d2ac00000,0x00007f3d2ad00000) (1024K)]
  0x00007f3d8405c1d0 JavaThread "Unconstrained build operations Thread 88"        [_thread_blocked, id=28970, stack(0x00007f3d2ab00000,0x00007f3d2ac00000) (1024K)]
  0x00007f3d8405ce70 JavaThread "Unconstrained build operations Thread 89"        [_thread_blocked, id=28971, stack(0x00007f3d2aa00000,0x00007f3d2ab00000) (1024K)]
  0x00007f3d8405dca0 JavaThread "Unconstrained build operations Thread 90"        [_thread_blocked, id=28972, stack(0x00007f3d2a900000,0x00007f3d2aa00000) (1024K)]
  0x00007f3d8405ead0 JavaThread "Unconstrained build operations Thread 91"        [_thread_blocked, id=28973, stack(0x00007f3d2a800000,0x00007f3d2a900000) (1024K)]
  0x00007f3d8405f760 JavaThread "Unconstrained build operations Thread 92"        [_thread_blocked, id=28974, stack(0x00007f3d2a700000,0x00007f3d2a800000) (1024K)]
  0x00007f3d840603f0 JavaThread "Unconstrained build operations Thread 93"        [_thread_blocked, id=28975, stack(0x00007f3d2a500000,0x00007f3d2a600000) (1024K)]
  0x00007f3d84061240 JavaThread "Unconstrained build operations Thread 94"        [_thread_blocked, id=28976, stack(0x00007f3d2a300000,0x00007f3d2a400000) (1024K)]
  0x00007f3d84061ee0 JavaThread "Unconstrained build operations Thread 95"        [_thread_blocked, id=28977, stack(0x00007f3d2a100000,0x00007f3d2a200000) (1024K)]
  0x00007f3d9c01b650 JavaThread "WorkerExecutor Queue"              [_thread_in_Java, id=28985, stack(0x00007f3d2a000000,0x00007f3d2a100000) (1024K)]
  0x00007f3da4128e90 JavaThread "Unconstrained build operations Thread 96"        [_thread_blocked, id=28986, stack(0x00007f3d29c00000,0x00007f3d29d00000) (1024K)]
  0x00007f3da4125a90 JavaThread "Unconstrained build operations Thread 97"        [_thread_blocked, id=28987, stack(0x00007f3d29b00000,0x00007f3d29c00000) (1024K)]
  0x00007f3da41241b0 JavaThread "Unconstrained build operations Thread 98"        [_thread_blocked, id=28988, stack(0x00007f3d29a00000,0x00007f3d29b00000) (1024K)]
  0x00007f3da4051d90 JavaThread "Unconstrained build operations Thread 99"        [_thread_blocked, id=28989, stack(0x00007f3d29700000,0x00007f3d29800000) (1024K)]
  0x00007f3da40589a0 JavaThread "Unconstrained build operations Thread 100"        [_thread_blocked, id=28990, stack(0x00007f3d29500000,0x00007f3d29600000) (1024K)]
  0x00007f3da4133e00 JavaThread "Unconstrained build operations Thread 101"        [_thread_blocked, id=28991, stack(0x00007f3d29400000,0x00007f3d29500000) (1024K)]
  0x00007f3da45230d0 JavaThread "Unconstrained build operations Thread 102"        [_thread_blocked, id=28992, stack(0x00007f3d29300000,0x00007f3d29400000) (1024K)]
  0x00007f3da403b7b0 JavaThread "Unconstrained build operations Thread 103"        [_thread_blocked, id=28993, stack(0x00007f3d29200000,0x00007f3d29300000) (1024K)]
  0x00007f3da41b72b0 JavaThread "Unconstrained build operations Thread 104"        [_thread_blocked, id=28994, stack(0x00007f3d28e00000,0x00007f3d28f00000) (1024K)]
  0x00007f3da4126220 JavaThread "Unconstrained build operations Thread 105"        [_thread_blocked, id=28995, stack(0x00007f3d28c00000,0x00007f3d28d00000) (1024K)]
  0x00007f3da4140bd0 JavaThread "Unconstrained build operations Thread 106"        [_thread_blocked, id=28996, stack(0x00007f3d28b00000,0x00007f3d28c00000) (1024K)]
  0x00007f3d9c01d4c0 JavaThread "Unconstrained build operations Thread 107"        [_thread_blocked, id=28997, stack(0x00007f3d28800000,0x00007f3d28900000) (1024K)]
  0x00007f3d9c01e700 JavaThread "WorkerExecutor Queue Thread 2"        [_thread_in_Java, id=29003, stack(0x00007f3d28600000,0x00007f3d28700000) (1024K)]
  0x00007f3e8400f9c0 JavaThread "pool-42-thread-1"                  [_thread_blocked, id=29004, stack(0x00007f3d28500000,0x00007f3d28600000) (1024K)]
  0x00007f3e84004960 JavaThread "process reaper (pid 29005)" daemon [_thread_in_native, id=29006, stack(0x00007f3f24e79000,0x00007f3f24e9b000) (136K)]
  0x00007f3e84003360 JavaThread "stderr"                            [_thread_in_native, id=29007, stack(0x00007f3d28300000,0x00007f3d28400000) (1024K)]
  0x00007f3e8403ef60 JavaThread "stdout"                            [_thread_in_native, id=29008, stack(0x00007f3d28200000,0x00007f3d28300000) (1024K)]
  0x00007f3d9c034ff0 JavaThread "WorkerExecutor Queue Thread 3"        [_thread_in_Java, id=29010, stack(0x00007f3d2ad00000,0x00007f3d2ae00000) (1024K)]
  0x00007f3d9c022010 JavaThread "WorkerExecutor Queue Thread 4"        [_thread_in_Java, id=29011, stack(0x00007f3d28100000,0x00007f3d28200000) (1024K)]
  0x00007f3d9c020280 JavaThread "WorkerExecutor Queue Thread 5"        [_thread_in_Java, id=29012, stack(0x00007f3d28000000,0x00007f3d28100000) (1024K)]
  0x00007f3d9c038950 JavaThread "WorkerExecutor Queue Thread 6"        [_thread_in_Java, id=29013, stack(0x00007f3d2a600000,0x00007f3d2a700000) (1024K)]
  0x00007f3d9c020b00 JavaThread "WorkerExecutor Queue Thread 7"        [_thread_blocked, id=29014, stack(0x00007f3d27f00000,0x00007f3d28000000) (1024K)]
  0x00007f3d9c02f6f0 JavaThread "WorkerExecutor Queue Thread 8"        [_thread_blocked, id=29015, stack(0x00007f3d27d00000,0x00007f3d27e00000) (1024K)]
  0x00007f3d9c037760 JavaThread "WorkerExecutor Queue Thread 9"        [_thread_blocked, id=29016, stack(0x00007f3d27a00000,0x00007f3d27b00000) (1024K)]
  0x00007f3d9c035a40 JavaThread "WorkerExecutor Queue Thread 10"        [_thread_blocked, id=29017, stack(0x00007f3d27900000,0x00007f3d27a00000) (1024K)]
  0x00007f3d9c02b100 JavaThread "WorkerExecutor Queue Thread 11"        [_thread_blocked, id=29018, stack(0x00007f3d27700000,0x00007f3d27800000) (1024K)]
  0x00007f3d9c028cd0 JavaThread "WorkerExecutor Queue Thread 12"        [_thread_blocked, id=29019, stack(0x00007f3d27600000,0x00007f3d27700000) (1024K)]
  0x00007f3d9c030e90 JavaThread "WorkerExecutor Queue Thread 13"        [_thread_blocked, id=29020, stack(0x00007f3d27500000,0x00007f3d27600000) (1024K)]
  0x00007f3e70362960 JavaThread "C2 CompilerThread1"         daemon [_thread_in_native, id=29021, stack(0x00007f3d27300000,0x00007f3d27400000) (1024K)]
Total: 205

Other Threads:
  0x00007f3f201d16b0 VMThread "VM Thread"                           [id=6264, stack(0x00007f3ef7afc000,0x00007f3ef7bfc000) (1024K)]
  0x00007f3f201b7550 WatcherThread "VM Periodic Task Thread"        [id=6263, stack(0x00007f3ef7bfd000,0x00007f3ef7cfd000) (1024K)]
  0x00007f3f200875e0 WorkerThread "GC Thread#0"                     [id=6258, stack(0x00007f3f24500000,0x00007f3f24600000) (1024K)]
  0x00007f3e9c007ff0 WorkerThread "GC Thread#1"                     [id=6276, stack(0x00007f3ef6efb000,0x00007f3ef6ffb000) (1024K)]
  0x00007f3e9c008b10 WorkerThread "GC Thread#2"                     [id=6277, stack(0x00007f3ef6dfa000,0x00007f3ef6efa000) (1024K)]
  0x00007f3e9c009630 WorkerThread "GC Thread#3"                     [id=6278, stack(0x00007f3ef6cf9000,0x00007f3ef6df9000) (1024K)]
  0x00007f3e9c00a150 WorkerThread "GC Thread#4"                     [id=6279, stack(0x00007f3ef6bf8000,0x00007f3ef6cf8000) (1024K)]
  0x00007f3e9c00c690 WorkerThread "GC Thread#5"                     [id=6293, stack(0x00007f3ef5b00000,0x00007f3ef5c00000) (1024K)]
  0x00007f3e9c00d070 WorkerThread "GC Thread#6"                     [id=6294, stack(0x00007f3ef59ff000,0x00007f3ef5aff000) (1024K)]
  0x00007f3e9c00df30 WorkerThread "GC Thread#7"                     [id=6295, stack(0x00007f3ef58fe000,0x00007f3ef59fe000) (1024K)]
  0x00007f3e9c00ea20 WorkerThread "GC Thread#8"                     [id=6296, stack(0x00007f3ef57fd000,0x00007f3ef58fd000) (1024K)]
  0x00007f3e9c00f510 WorkerThread "GC Thread#9"                     [id=6297, stack(0x00007f3ef56fc000,0x00007f3ef57fc000) (1024K)]
  0x00007f3f20098c00 ConcurrentGCThread "G1 Main Marker"            [id=6259, stack(0x00007f3f243ff000,0x00007f3f244ff000) (1024K)]
  0x00007f3f20099ba0 WorkerThread "G1 Conc#0"                       [id=6260, stack(0x00007f3f242fe000,0x00007f3f243fe000) (1024K)] _threads_hazard_ptr=0x00007f3e70363510
  0x00007f3ef8000d00 WorkerThread "G1 Conc#1"                       [id=6298, stack(0x00007f3ef55fb000,0x00007f3ef56fb000) (1024K)]
  0x00007f3ef8001830 WorkerThread "G1 Conc#2"                       [id=6299, stack(0x00007f3ef54fa000,0x00007f3ef55fa000) (1024K)] _threads_hazard_ptr=0x00007f3e70363510
  0x00007f3f201a3990 ConcurrentGCThread "G1 Refine#0"               [id=6261, stack(0x00007f3ef7dff000,0x00007f3ef7eff000) (1024K)]
  0x00007f3f201a4940 ConcurrentGCThread "G1 Service"                [id=6262, stack(0x00007f3ef7cfe000,0x00007f3ef7dfe000) (1024K)]
Total: 18

Threads with active compile tasks:
C2 CompilerThread0  3625325 48012       4       com.android.tools.r8.internal.t52::b (2121 bytes)
C2 CompilerThread1  3625326 48028       4       com.android.tools.r8.internal.re0::b (3610 bytes)
Total: 2

VM state: not at safepoint (normal execution)

VM Mutex/Monitor currently owned by a thread: None

Heap address: 0x0000000080000000, size: 2048 MB, Compressed Oops mode: 32-bit

CDS archive(s) mapped at: [0x00007f3ea7000000-0x00007f3ea7cae000-0x00007f3ea7cae000), size 13295616, SharedBaseAddress: 0x00007f3ea7000000, ArchiveRelocationMode: 1.
Compressed class space mapped at: 0x00007f3ea8000000-0x00007f3ee8000000, reserved size: 1073741824
Narrow klass base: 0x00007f3ea7000000, Narrow klass shift: 0, Narrow klass range: 0x100000000

GC Precious Log:
 CardTable entry size: 512
 Card Set container configuration: InlinePtr #cards 5 size 8 Array Of Cards #cards 12 size 40 Howl #buckets 4 coarsen threshold 1843 Howl Bitmap #cards 512 size 80 coarsen threshold 460 Card regions per heap region 1 cards per card region 2048
 CPUs: 12 total, 12 available
 Memory: 15688M
 Large Page Support: Disabled
 NUMA Support: Disabled
 Compressed Oops: Enabled (32-bit)
 Heap Region Size: 1M
 Heap Min Capacity: 8M
 Heap Initial Capacity: 246M
 Heap Max Capacity: 2G
 Pre-touch: Disabled
 Parallel Workers: 10
 Concurrent Workers: 3
 Concurrent Refinement Workers: 10
 Periodic GC: Disabled

Heap:
 garbage-first heap   total 1183744K, used 1041920K [0x0000000080000000, 0x0000000100000000)
  region size 1024K, 668 young (684032K), 14 survivors (14336K)
 Metaspace       used 234672K, committed 237376K, reserved 1310720K
  class space    used 29994K, committed 31296K, reserved 1048576K

Heap Regions: E=young(eden), S=young(survivor), O=old, HS=humongous(starts), HC=humongous(continues), CS=collection set, F=free, TAMS=top-at-mark-start, PB=parsable bottom
|   0|0x0000000080000000, 0x0000000080100000, 0x0000000080100000|100%|HS|  |TAMS 0x0000000080100000| PB 0x0000000080000000| Complete 
|   1|0x0000000080100000, 0x0000000080200000, 0x0000000080200000|100%|HC|  |TAMS 0x0000000080200000| PB 0x0000000080100000| Complete 
|   2|0x0000000080200000, 0x0000000080300000, 0x0000000080300000|100%|HC|  |TAMS 0x0000000080300000| PB 0x0000000080200000| Complete 
|   3|0x0000000080300000, 0x0000000080400000, 0x0000000080400000|100%| O|  |TAMS 0x0000000080400000| PB 0x0000000080300000| Untracked 
|   4|0x0000000080400000, 0x0000000080500000, 0x0000000080500000|100%| O|  |TAMS 0x0000000080500000| PB 0x0000000080400000| Untracked 
|   5|0x0000000080500000, 0x0000000080600000, 0x0000000080600000|100%| O|  |TAMS 0x0000000080600000| PB 0x0000000080500000| Updating 
|   6|0x0000000080600000, 0x0000000080700000, 0x0000000080700000|100%|HS|  |TAMS 0x0000000080700000| PB 0x0000000080600000| Complete 
|   7|0x0000000080700000, 0x0000000080800000, 0x0000000080800000|100%|HS|  |TAMS 0x0000000080800000| PB 0x0000000080700000| Complete 
|   8|0x0000000080800000, 0x0000000080900000, 0x0000000080900000|100%|HC|  |TAMS 0x0000000080900000| PB 0x0000000080800000| Complete 
|   9|0x0000000080900000, 0x0000000080a00000, 0x0000000080a00000|100%|HC|  |TAMS 0x0000000080a00000| PB 0x0000000080900000| Complete 
|  10|0x0000000080a00000, 0x0000000080b00000, 0x0000000080b00000|100%|HC|  |TAMS 0x0000000080b00000| PB 0x0000000080a00000| Complete 
|  11|0x0000000080b00000, 0x0000000080c00000, 0x0000000080c00000|100%|HC|  |TAMS 0x0000000080c00000| PB 0x0000000080b00000| Complete 
|  12|0x0000000080c00000, 0x0000000080d00000, 0x0000000080d00000|100%|HC|  |TAMS 0x0000000080d00000| PB 0x0000000080c00000| Complete 
|  13|0x0000000080d00000, 0x0000000080e00000, 0x0000000080e00000|100%|HS|  |TAMS 0x0000000080e00000| PB 0x0000000080d00000| Complete 
|  14|0x0000000080e00000, 0x0000000080f00000, 0x0000000080f00000|100%|HS|  |TAMS 0x0000000080f00000| PB 0x0000000080e00000| Complete 
|  15|0x0000000080f00000, 0x0000000081000000, 0x0000000081000000|100%|HS|  |TAMS 0x0000000081000000| PB 0x0000000080f00000| Complete 
|  16|0x0000000081000000, 0x0000000081100000, 0x0000000081100000|100%|HC|  |TAMS 0x0000000081100000| PB 0x0000000081000000| Complete 
|  17|0x0000000081100000, 0x0000000081200000, 0x0000000081200000|100%|HC|  |TAMS 0x0000000081200000| PB 0x0000000081100000| Complete 
|  18|0x0000000081200000, 0x0000000081300000, 0x0000000081300000|100%|HC|  |TAMS 0x0000000081300000| PB 0x0000000081200000| Complete 
|  19|0x0000000081300000, 0x0000000081400000, 0x0000000081400000|100%|HC|  |TAMS 0x0000000081400000| PB 0x0000000081300000| Complete 
|  20|0x0000000081400000, 0x0000000081500000, 0x0000000081500000|100%|HC|  |TAMS 0x0000000081500000| PB 0x0000000081400000| Complete 
|  21|0x0000000081500000, 0x0000000081600000, 0x0000000081600000|100%|HS|  |TAMS 0x0000000081600000| PB 0x0000000081500000| Complete 
|  22|0x0000000081600000, 0x0000000081700000, 0x0000000081700000|100%|HS|  |TAMS 0x0000000081700000| PB 0x0000000081600000| Complete 
|  23|0x0000000081700000, 0x0000000081800000, 0x0000000081800000|100%| O|  |TAMS 0x0000000081800000| PB 0x0000000081700000| Untracked 
|  24|0x0000000081800000, 0x0000000081900000, 0x0000000081900000|100%| O|  |TAMS 0x0000000081900000| PB 0x0000000081800000| Untracked 
|  25|0x0000000081900000, 0x0000000081a00000, 0x0000000081a00000|100%| O|  |TAMS 0x0000000081a00000| PB 0x0000000081900000| Untracked 
|  26|0x0000000081a00000, 0x0000000081b00000, 0x0000000081b00000|100%| O|  |TAMS 0x0000000081b00000| PB 0x0000000081a00000| Updating 
|  27|0x0000000081b00000, 0x0000000081c00000, 0x0000000081c00000|100%| O|  |TAMS 0x0000000081c00000| PB 0x0000000081c00000| Updating 
|  28|0x0000000081c00000, 0x0000000081d00000, 0x0000000081d00000|100%| O|  |TAMS 0x0000000081d00000| PB 0x0000000081d00000| Updating 
|  29|0x0000000081d00000, 0x0000000081e00000, 0x0000000081e00000|100%| O|  |TAMS 0x0000000081e00000| PB 0x0000000081e00000| Updating 
|  30|0x0000000081e00000, 0x0000000081f00000, 0x0000000081f00000|100%| O|  |TAMS 0x0000000081f00000| PB 0x0000000081f00000| Updating 
|  31|0x0000000081f00000, 0x0000000082000000, 0x0000000082000000|100%| O|  |TAMS 0x0000000082000000| PB 0x0000000082000000| Updating 
|  32|0x0000000082000000, 0x0000000082100000, 0x0000000082100000|100%| O|  |TAMS 0x0000000082100000| PB 0x0000000082100000| Updating 
|  33|0x0000000082100000, 0x0000000082200000, 0x0000000082200000|100%| O|  |TAMS 0x0000000082200000| PB 0x0000000082200000| Updating 
|  34|0x0000000082200000, 0x0000000082300000, 0x0000000082300000|100%| O|  |TAMS 0x0000000082300000| PB 0x0000000082300000| Updating 
|  35|0x0000000082300000, 0x0000000082400000, 0x0000000082400000|100%| O|  |TAMS 0x0000000082400000| PB 0x0000000082400000| Untracked 
|  36|0x0000000082400000, 0x0000000082500000, 0x0000000082500000|100%| O|  |TAMS 0x0000000082500000| PB 0x0000000082500000| Untracked 
|  37|0x0000000082500000, 0x0000000082600000, 0x0000000082600000|100%| O|  |TAMS 0x0000000082600000| PB 0x0000000082600000| Untracked 
|  38|0x0000000082600000, 0x0000000082700000, 0x0000000082700000|100%| O|  |TAMS 0x0000000082700000| PB 0x0000000082700000| Updating 
|  39|0x0000000082700000, 0x0000000082800000, 0x0000000082800000|100%| O|  |TAMS 0x0000000082800000| PB 0x0000000082800000| Updating 
|  40|0x0000000082800000, 0x0000000082900000, 0x0000000082900000|100%| O|  |TAMS 0x0000000082800000| PB 0x0000000082800000| Untracked 
|  41|0x0000000082900000, 0x0000000082a00000, 0x0000000082a00000|100%| O|  |TAMS 0x0000000082a00000| PB 0x0000000082a00000| Untracked 
|  42|0x0000000082a00000, 0x0000000082b00000, 0x0000000082b00000|100%| O|  |TAMS 0x0000000082b00000| PB 0x0000000082b00000| Updating 
|  43|0x0000000082b00000, 0x0000000082c00000, 0x0000000082c00000|100%| O|  |TAMS 0x0000000082c00000| PB 0x0000000082c00000| Updating 
|  44|0x0000000082c00000, 0x0000000082d00000, 0x0000000082d00000|100%| O|  |TAMS 0x0000000082d00000| PB 0x0000000082d00000| Updating 
|  45|0x0000000082d00000, 0x0000000082e00000, 0x0000000082e00000|100%| O|  |TAMS 0x0000000082e00000| PB 0x0000000082e00000| Untracked 
|  46|0x0000000082e00000, 0x0000000082f00000, 0x0000000082f00000|100%| O|  |TAMS 0x0000000082f00000| PB 0x0000000082f00000| Untracked 
|  47|0x0000000082f00000, 0x0000000083000000, 0x0000000083000000|100%| O|  |TAMS 0x0000000083000000| PB 0x0000000083000000| Updating 
|  48|0x0000000083000000, 0x0000000083100000, 0x0000000083100000|100%| O|  |TAMS 0x0000000083100000| PB 0x0000000083100000| Untracked 
|  49|0x0000000083100000, 0x0000000083200000, 0x0000000083200000|100%| O|  |TAMS 0x0000000083200000| PB 0x0000000083200000| Updating 
|  50|0x0000000083200000, 0x0000000083300000, 0x0000000083300000|100%| O|  |TAMS 0x0000000083300000| PB 0x0000000083300000| Updating 
|  51|0x0000000083300000, 0x0000000083400000, 0x0000000083400000|100%| O|  |TAMS 0x0000000083400000| PB 0x0000000083400000| Updating 
|  52|0x0000000083400000, 0x0000000083500000, 0x0000000083500000|100%| O|  |TAMS 0x0000000083500000| PB 0x0000000083500000| Updating 
|  53|0x0000000083500000, 0x0000000083600000, 0x0000000083600000|100%| O|  |TAMS 0x0000000083600000| PB 0x0000000083600000| Untracked 
|  54|0x0000000083600000, 0x0000000083700000, 0x0000000083700000|100%| O|  |TAMS 0x0000000083700000| PB 0x0000000083700000| Updating 
|  55|0x0000000083700000, 0x0000000083800000, 0x0000000083800000|100%| O|  |TAMS 0x0000000083800000| PB 0x0000000083800000| Updating 
|  56|0x0000000083800000, 0x0000000083900000, 0x0000000083900000|100%| O|  |TAMS 0x0000000083800000| PB 0x0000000083800000| Untracked 
|  57|0x0000000083900000, 0x0000000083a00000, 0x0000000083a00000|100%| O|  |TAMS 0x0000000083a00000| PB 0x0000000083a00000| Updating 
|  58|0x0000000083a00000, 0x0000000083b00000, 0x0000000083b00000|100%| O|  |TAMS 0x0000000083b00000| PB 0x0000000083b00000| Updating 
|  59|0x0000000083b00000, 0x0000000083c00000, 0x0000000083c00000|100%| O|  |TAMS 0x0000000083c00000| PB 0x0000000083c00000| Untracked 
|  60|0x0000000083c00000, 0x0000000083d00000, 0x0000000083d00000|100%| O|  |TAMS 0x0000000083d00000| PB 0x0000000083d00000| Untracked 
|  61|0x0000000083d00000, 0x0000000083e00000, 0x0000000083e00000|100%| O|  |TAMS 0x0000000083e00000| PB 0x0000000083e00000| Updating 
|  62|0x0000000083e00000, 0x0000000083f00000, 0x0000000083f00000|100%|HS|  |TAMS 0x0000000083f00000| PB 0x0000000083e00000| Complete 
|  63|0x0000000083f00000, 0x0000000084000000, 0x0000000084000000|100%|HS|  |TAMS 0x0000000084000000| PB 0x0000000083f00000| Complete 
|  64|0x0000000084000000, 0x0000000084100000, 0x0000000084100000|100%|HS|  |TAMS 0x0000000084100000| PB 0x0000000084000000| Complete 
|  65|0x0000000084100000, 0x0000000084200000, 0x0000000084200000|100%|HS|  |TAMS 0x0000000084200000| PB 0x0000000084100000| Complete 
|  66|0x0000000084200000, 0x0000000084300000, 0x0000000084300000|100%|HC|  |TAMS 0x0000000084300000| PB 0x0000000084200000| Complete 
|  67|0x0000000084300000, 0x0000000084400000, 0x0000000084400000|100%|HS|  |TAMS 0x0000000084400000| PB 0x0000000084300000| Complete 
|  68|0x0000000084400000, 0x0000000084500000, 0x0000000084500000|100%|HS|  |TAMS 0x0000000084500000| PB 0x0000000084400000| Complete 
|  69|0x0000000084500000, 0x0000000084600000, 0x0000000084600000|100%| O|  |TAMS 0x0000000084600000| PB 0x0000000084600000| Updating 
|  70|0x0000000084600000, 0x0000000084700000, 0x0000000084700000|100%|HS|  |TAMS 0x0000000084700000| PB 0x0000000084600000| Complete 
|  71|0x0000000084700000, 0x0000000084800000, 0x0000000084800000|100%| O|  |TAMS 0x0000000084800000| PB 0x0000000084800000| Updating 
|  72|0x0000000084800000, 0x0000000084900000, 0x0000000084900000|100%| O|  |TAMS 0x0000000084900000| PB 0x0000000084900000| Untracked 
|  73|0x0000000084900000, 0x0000000084a00000, 0x0000000084a00000|100%| O|  |TAMS 0x0000000084a00000| PB 0x0000000084a00000| Updating 
|  74|0x0000000084a00000, 0x0000000084b00000, 0x0000000084b00000|100%|HS|  |TAMS 0x0000000084b00000| PB 0x0000000084a00000| Complete 
|  75|0x0000000084b00000, 0x0000000084c00000, 0x0000000084c00000|100%|HC|  |TAMS 0x0000000084c00000| PB 0x0000000084b00000| Complete 
|  76|0x0000000084c00000, 0x0000000084d00000, 0x0000000084d00000|100%| O|  |TAMS 0x0000000084d00000| PB 0x0000000084d00000| Updating 
|  77|0x0000000084d00000, 0x0000000084e00000, 0x0000000084e00000|100%| O|  |TAMS 0x0000000084d00000| PB 0x0000000084d00000| Untracked 
|  78|0x0000000084e00000, 0x0000000084f00000, 0x0000000084f00000|100%| O|  |TAMS 0x0000000084f00000| PB 0x0000000084f00000| Updating 
|  79|0x0000000084f00000, 0x0000000085000000, 0x0000000085000000|100%| O|  |TAMS 0x0000000085000000| PB 0x0000000085000000| Untracked 
|  80|0x0000000085000000, 0x0000000085100000, 0x0000000085100000|100%| O|  |TAMS 0x0000000085100000| PB 0x0000000085100000| Updating 
|  81|0x0000000085100000, 0x0000000085200000, 0x0000000085200000|100%|HS|  |TAMS 0x0000000085200000| PB 0x0000000085100000| Complete 
|  82|0x0000000085200000, 0x0000000085300000, 0x0000000085300000|100%| O|  |TAMS 0x0000000085300000| PB 0x0000000085300000| Updating 
|  83|0x0000000085300000, 0x0000000085400000, 0x0000000085400000|100%| O|  |TAMS 0x0000000085400000| PB 0x0000000085400000| Updating 
|  84|0x0000000085400000, 0x0000000085500000, 0x0000000085500000|100%| O|  |TAMS 0x0000000085500000| PB 0x0000000085500000| Updating 
|  85|0x0000000085500000, 0x0000000085600000, 0x0000000085600000|100%| O|  |TAMS 0x0000000085600000| PB 0x0000000085600000| Updating 
|  86|0x0000000085600000, 0x0000000085700000, 0x0000000085700000|100%| O|  |TAMS 0x0000000085600000| PB 0x0000000085600000| Untracked 
|  87|0x0000000085700000, 0x0000000085800000, 0x0000000085800000|100%| O|  |TAMS 0x0000000085800000| PB 0x0000000085800000| Updating 
|  88|0x0000000085800000, 0x0000000085900000, 0x0000000085900000|100%| O|  |TAMS 0x0000000085900000| PB 0x0000000085900000| Updating 
|  89|0x0000000085900000, 0x0000000085a00000, 0x0000000085a00000|100%| O|  |TAMS 0x0000000085a00000| PB 0x0000000085a00000| Updating 
|  90|0x0000000085a00000, 0x0000000085b00000, 0x0000000085b00000|100%| O|  |TAMS 0x0000000085b00000| PB 0x0000000085b00000| Updating 
|  91|0x0000000085b00000, 0x0000000085c00000, 0x0000000085c00000|100%| O|  |TAMS 0x0000000085c00000| PB 0x0000000085c00000| Updating 
|  92|0x0000000085c00000, 0x0000000085d00000, 0x0000000085d00000|100%| O|  |TAMS 0x0000000085d00000| PB 0x0000000085d00000| Updating 
|  93|0x0000000085d00000, 0x0000000085e00000, 0x0000000085e00000|100%| O|  |TAMS 0x0000000085e00000| PB 0x0000000085e00000| Updating 
|  94|0x0000000085e00000, 0x0000000085f00000, 0x0000000085f00000|100%| O|  |TAMS 0x0000000085f00000| PB 0x0000000085f00000| Updating 
|  95|0x0000000085f00000, 0x0000000086000000, 0x0000000086000000|100%| O|  |TAMS 0x0000000086000000| PB 0x0000000086000000| Updating 
|  96|0x0000000086000000, 0x0000000086100000, 0x0000000086100000|100%| O|  |TAMS 0x0000000086100000| PB 0x0000000086100000| Untracked 
|  97|0x0000000086100000, 0x0000000086200000, 0x0000000086200000|100%| O|  |TAMS 0x0000000086200000| PB 0x0000000086200000| Updating 
|  98|0x0000000086200000, 0x0000000086300000, 0x0000000086300000|100%| O|  |TAMS 0x0000000086300000| PB 0x0000000086300000| Updating 
|  99|0x0000000086300000, 0x0000000086400000, 0x0000000086400000|100%| O|  |TAMS 0x0000000086400000| PB 0x0000000086400000| Updating 
| 100|0x0000000086400000, 0x0000000086500000, 0x0000000086500000|100%| O|  |TAMS 0x0000000086500000| PB 0x0000000086500000| Updating 
| 101|0x0000000086500000, 0x0000000086600000, 0x0000000086600000|100%| O|  |TAMS 0x0000000086600000| PB 0x0000000086600000| Updating 
| 102|0x0000000086600000, 0x0000000086700000, 0x0000000086700000|100%| O|  |TAMS 0x0000000086700000| PB 0x0000000086700000| Updating 
| 103|0x0000000086700000, 0x0000000086800000, 0x0000000086800000|100%| O|  |TAMS 0x0000000086800000| PB 0x0000000086800000| Updating 
| 104|0x0000000086800000, 0x0000000086900000, 0x0000000086900000|100%| O|  |TAMS 0x0000000086800000| PB 0x0000000086800000| Untracked 
| 105|0x0000000086900000, 0x0000000086a00000, 0x0000000086a00000|100%| O|  |TAMS 0x0000000086900000| PB 0x0000000086900000| Untracked 
| 106|0x0000000086a00000, 0x0000000086b00000, 0x0000000086b00000|100%| O|  |TAMS 0x0000000086b00000| PB 0x0000000086b00000| Untracked 
| 107|0x0000000086b00000, 0x0000000086c00000, 0x0000000086c00000|100%| O|  |TAMS 0x0000000086c00000| PB 0x0000000086c00000| Updating 
| 108|0x0000000086c00000, 0x0000000086d00000, 0x0000000086d00000|100%| O|  |TAMS 0x0000000086d00000| PB 0x0000000086d00000| Updating 
| 109|0x0000000086d00000, 0x0000000086e00000, 0x0000000086e00000|100%| O|  |TAMS 0x0000000086e00000| PB 0x0000000086e00000| Updating 
| 110|0x0000000086e00000, 0x0000000086f00000, 0x0000000086f00000|100%| O|  |TAMS 0x0000000086e00000| PB 0x0000000086e00000| Untracked 
| 111|0x0000000086f00000, 0x0000000087000000, 0x0000000087000000|100%| O|  |TAMS 0x0000000086f00000| PB 0x0000000086f00000| Untracked 
| 112|0x0000000087000000, 0x0000000087100000, 0x0000000087100000|100%| O|  |TAMS 0x0000000087100000| PB 0x0000000087100000| Updating 
| 113|0x0000000087100000, 0x0000000087200000, 0x0000000087200000|100%| O|  |TAMS 0x0000000087200000| PB 0x0000000087200000| Updating 
| 114|0x0000000087200000, 0x0000000087300000, 0x0000000087300000|100%| O|  |TAMS 0x0000000087300000| PB 0x0000000087300000| Updating 
| 115|0x0000000087300000, 0x0000000087400000, 0x0000000087400000|100%| O|  |TAMS 0x0000000087400000| PB 0x0000000087400000| Updating 
| 116|0x0000000087400000, 0x0000000087500000, 0x0000000087500000|100%| O|  |TAMS 0x0000000087400000| PB 0x0000000087400000| Untracked 
| 117|0x0000000087500000, 0x0000000087600000, 0x0000000087600000|100%| O|  |TAMS 0x0000000087500000| PB 0x0000000087500000| Untracked 
| 118|0x0000000087600000, 0x0000000087700000, 0x0000000087700000|100%| O|  |TAMS 0x0000000087700000| PB 0x0000000087700000| Updating 
| 119|0x0000000087700000, 0x0000000087800000, 0x0000000087800000|100%| O|  |TAMS 0x0000000087800000| PB 0x0000000087800000| Untracked 
| 120|0x0000000087800000, 0x0000000087900000, 0x0000000087900000|100%| O|  |TAMS 0x0000000087900000| PB 0x0000000087900000| Updating 
| 121|0x0000000087900000, 0x0000000087a00000, 0x0000000087a00000|100%| O|  |TAMS 0x0000000087900000| PB 0x0000000087900000| Untracked 
| 122|0x0000000087a00000, 0x0000000087b00000, 0x0000000087b00000|100%| O|  |TAMS 0x0000000087a00000| PB 0x0000000087a00000| Untracked 
| 123|0x0000000087b00000, 0x0000000087c00000, 0x0000000087c00000|100%| O|  |TAMS 0x0000000087b00000| PB 0x0000000087b00000| Untracked 
| 124|0x0000000087c00000, 0x0000000087d00000, 0x0000000087d00000|100%| O|  |TAMS 0x0000000087d00000| PB 0x0000000087d00000| Untracked 
| 125|0x0000000087d00000, 0x0000000087e00000, 0x0000000087e00000|100%| O|  |TAMS 0x0000000087d00000| PB 0x0000000087d00000| Untracked 
| 126|0x0000000087e00000, 0x0000000087f00000, 0x0000000087f00000|100%| O|  |TAMS 0x0000000087e00000| PB 0x0000000087e00000| Untracked 
| 127|0x0000000087f00000, 0x0000000088000000, 0x0000000088000000|100%| O|  |TAMS 0x0000000087f00000| PB 0x0000000087f00000| Untracked 
| 128|0x0000000088000000, 0x0000000088100000, 0x0000000088100000|100%| O|  |TAMS 0x0000000088100000| PB 0x0000000088100000| Updating 
| 129|0x0000000088100000, 0x0000000088200000, 0x0000000088200000|100%| O|  |TAMS 0x0000000088200000| PB 0x0000000088200000| Updating 
| 130|0x0000000088200000, 0x0000000088300000, 0x0000000088300000|100%| O|  |TAMS 0x0000000088300000| PB 0x0000000088300000| Untracked 
| 131|0x0000000088300000, 0x0000000088400000, 0x0000000088400000|100%| O|  |TAMS 0x0000000088400000| PB 0x0000000088400000| Updating 
| 132|0x0000000088400000, 0x0000000088500000, 0x0000000088500000|100%| O|  |TAMS 0x0000000088400000| PB 0x0000000088400000| Untracked 
| 133|0x0000000088500000, 0x0000000088600000, 0x0000000088600000|100%| O|  |TAMS 0x0000000088500000| PB 0x0000000088500000| Untracked 
| 134|0x0000000088600000, 0x0000000088700000, 0x0000000088700000|100%| O|  |TAMS 0x0000000088700000| PB 0x0000000088700000| Untracked 
| 135|0x0000000088700000, 0x0000000088800000, 0x0000000088800000|100%| O|  |TAMS 0x0000000088800000| PB 0x0000000088800000| Updating 
| 136|0x0000000088800000, 0x0000000088900000, 0x0000000088900000|100%| O|  |TAMS 0x0000000088900000| PB 0x0000000088900000| Updating 
| 137|0x0000000088900000, 0x0000000088a00000, 0x0000000088a00000|100%| O|  |TAMS 0x0000000088a00000| PB 0x0000000088a00000| Untracked 
| 138|0x0000000088a00000, 0x0000000088b00000, 0x0000000088b00000|100%| O|  |TAMS 0x0000000088b00000| PB 0x0000000088b00000| Untracked 
| 139|0x0000000088b00000, 0x0000000088c00000, 0x0000000088c00000|100%| O|  |TAMS 0x0000000088c00000| PB 0x0000000088c00000| Updating 
| 140|0x0000000088c00000, 0x0000000088d00000, 0x0000000088d00000|100%| O|  |TAMS 0x0000000088d00000| PB 0x0000000088d00000| Untracked 
| 141|0x0000000088d00000, 0x0000000088e00000, 0x0000000088e00000|100%| O|  |TAMS 0x0000000088e00000| PB 0x0000000088e00000| Updating 
| 142|0x0000000088e00000, 0x0000000088f00000, 0x0000000088f00000|100%| O|  |TAMS 0x0000000088f00000| PB 0x0000000088f00000| Updating 
| 143|0x0000000088f00000, 0x0000000089000000, 0x0000000089000000|100%| O|  |TAMS 0x0000000089000000| PB 0x0000000089000000| Updating 
| 144|0x0000000089000000, 0x0000000089100000, 0x0000000089100000|100%| O|  |TAMS 0x0000000089100000| PB 0x0000000089100000| Updating 
| 145|0x0000000089100000, 0x0000000089200000, 0x0000000089200000|100%| O|  |TAMS 0x0000000089100000| PB 0x0000000089100000| Untracked 
| 146|0x0000000089200000, 0x0000000089300000, 0x0000000089300000|100%| O|  |TAMS 0x0000000089300000| PB 0x0000000089300000| Untracked 
| 147|0x0000000089300000, 0x0000000089400000, 0x0000000089400000|100%| O|  |TAMS 0x0000000089300000| PB 0x0000000089300000| Untracked 
| 148|0x0000000089400000, 0x0000000089500000, 0x0000000089500000|100%| O|  |TAMS 0x0000000089500000| PB 0x0000000089500000| Untracked 
| 149|0x0000000089500000, 0x0000000089600000, 0x0000000089600000|100%| O|  |TAMS 0x0000000089500000| PB 0x0000000089500000| Untracked 
| 150|0x0000000089600000, 0x0000000089700000, 0x0000000089700000|100%| O|  |TAMS 0x0000000089700000| PB 0x0000000089700000| Updating 
| 151|0x0000000089700000, 0x0000000089800000, 0x0000000089800000|100%| O|  |TAMS 0x0000000089800000| PB 0x0000000089800000| Updating 
| 152|0x0000000089800000, 0x0000000089900000, 0x0000000089900000|100%| O|  |TAMS 0x0000000089900000| PB 0x0000000089900000| Updating 
| 153|0x0000000089900000, 0x0000000089a00000, 0x0000000089a00000|100%| O|  |TAMS 0x0000000089a00000| PB 0x0000000089a00000| Updating 
| 154|0x0000000089a00000, 0x0000000089b00000, 0x0000000089b00000|100%| O|  |TAMS 0x0000000089b00000| PB 0x0000000089b00000| Untracked 
| 155|0x0000000089b00000, 0x0000000089c00000, 0x0000000089c00000|100%| O|  |TAMS 0x0000000089c00000| PB 0x0000000089c00000| Updating 
| 156|0x0000000089c00000, 0x0000000089d00000, 0x0000000089d00000|100%| O|  |TAMS 0x0000000089d00000| PB 0x0000000089d00000| Updating 
| 157|0x0000000089d00000, 0x0000000089e00000, 0x0000000089e00000|100%| O|  |TAMS 0x0000000089e00000| PB 0x0000000089e00000| Updating 
| 158|0x0000000089e00000, 0x0000000089f00000, 0x0000000089f00000|100%| O|  |TAMS 0x0000000089f00000| PB 0x0000000089f00000| Updating 
| 159|0x0000000089f00000, 0x000000008a000000, 0x000000008a000000|100%| O|  |TAMS 0x0000000089f2a700| PB 0x0000000089f2a700| Untracked 
| 160|0x000000008a000000, 0x000000008a100000, 0x000000008a100000|100%| O|  |TAMS 0x000000008a000000| PB 0x000000008a000000| Untracked 
| 161|0x000000008a100000, 0x000000008a200000, 0x000000008a200000|100%| O|  |TAMS 0x000000008a100000| PB 0x000000008a100000| Untracked 
| 162|0x000000008a200000, 0x000000008a300000, 0x000000008a300000|100%| O|  |TAMS 0x000000008a300000| PB 0x000000008a300000| Updating 
| 163|0x000000008a300000, 0x000000008a400000, 0x000000008a400000|100%| O|  |TAMS 0x000000008a400000| PB 0x000000008a400000| Updating 
| 164|0x000000008a400000, 0x000000008a500000, 0x000000008a500000|100%| O|  |TAMS 0x000000008a500000| PB 0x000000008a500000| Updating 
| 165|0x000000008a500000, 0x000000008a600000, 0x000000008a600000|100%| O|  |TAMS 0x000000008a600000| PB 0x000000008a600000| Updating 
| 166|0x000000008a600000, 0x000000008a700000, 0x000000008a700000|100%| O|  |TAMS 0x000000008a600000| PB 0x000000008a600000| Untracked 
| 167|0x000000008a700000, 0x000000008a800000, 0x000000008a800000|100%| O|  |TAMS 0x000000008a700000| PB 0x000000008a700000| Untracked 
| 168|0x000000008a800000, 0x000000008a900000, 0x000000008a900000|100%| O|  |TAMS 0x000000008a800000| PB 0x000000008a800000| Untracked 
| 169|0x000000008a900000, 0x000000008aa00000, 0x000000008aa00000|100%| O|  |TAMS 0x000000008aa00000| PB 0x000000008aa00000| Updating 
| 170|0x000000008aa00000, 0x000000008ab00000, 0x000000008ab00000|100%| O|  |TAMS 0x000000008aa00000| PB 0x000000008aa00000| Untracked 
| 171|0x000000008ab00000, 0x000000008ac00000, 0x000000008ac00000|100%| O|  |TAMS 0x000000008ab00000| PB 0x000000008ab00000| Untracked 
| 172|0x000000008ac00000, 0x000000008ad00000, 0x000000008ad00000|100%| O|  |TAMS 0x000000008ad00000| PB 0x000000008ad00000| Updating 
| 173|0x000000008ad00000, 0x000000008ae00000, 0x000000008ae00000|100%| O|  |TAMS 0x000000008ad00000| PB 0x000000008ad00000| Untracked 
| 174|0x000000008ae00000, 0x000000008af00000, 0x000000008af00000|100%| O|  |TAMS 0x000000008af00000| PB 0x000000008af00000| Updating 
| 175|0x000000008af00000, 0x000000008b000000, 0x000000008b000000|100%| O|  |TAMS 0x000000008af00000| PB 0x000000008af00000| Untracked 
| 176|0x000000008b000000, 0x000000008b100000, 0x000000008b100000|100%| O|  |TAMS 0x000000008b000000| PB 0x000000008b000000| Untracked 
| 177|0x000000008b100000, 0x000000008b200000, 0x000000008b200000|100%| O|  |TAMS 0x000000008b200000| PB 0x000000008b200000| Updating 
| 178|0x000000008b200000, 0x000000008b300000, 0x000000008b300000|100%| O|  |TAMS 0x000000008b300000| PB 0x000000008b300000| Updating 
| 179|0x000000008b300000, 0x000000008b400000, 0x000000008b400000|100%| O|  |TAMS 0x000000008b400000| PB 0x000000008b400000| Updating 
| 180|0x000000008b400000, 0x000000008b500000, 0x000000008b500000|100%| O|  |TAMS 0x000000008b500000| PB 0x000000008b500000| Updating 
| 181|0x000000008b500000, 0x000000008b600000, 0x000000008b600000|100%| O|  |TAMS 0x000000008b600000| PB 0x000000008b600000| Updating 
| 182|0x000000008b600000, 0x000000008b700000, 0x000000008b700000|100%| O|  |TAMS 0x000000008b700000| PB 0x000000008b700000| Updating 
| 183|0x000000008b700000, 0x000000008b800000, 0x000000008b800000|100%| O|  |TAMS 0x000000008b800000| PB 0x000000008b800000| Updating 
| 184|0x000000008b800000, 0x000000008b900000, 0x000000008b900000|100%| O|  |TAMS 0x000000008b800000| PB 0x000000008b800000| Untracked 
| 185|0x000000008b900000, 0x000000008ba00000, 0x000000008ba00000|100%| O|  |TAMS 0x000000008b900000| PB 0x000000008b900000| Untracked 
| 186|0x000000008ba00000, 0x000000008bb00000, 0x000000008bb00000|100%| O|  |TAMS 0x000000008bb00000| PB 0x000000008bb00000| Updating 
| 187|0x000000008bb00000, 0x000000008bc00000, 0x000000008bc00000|100%| O|  |TAMS 0x000000008bc00000| PB 0x000000008bc00000| Updating 
| 188|0x000000008bc00000, 0x000000008bd00000, 0x000000008bd00000|100%| O|  |TAMS 0x000000008bd00000| PB 0x000000008bd00000| Untracked 
| 189|0x000000008bd00000, 0x000000008be00000, 0x000000008be00000|100%| O|  |TAMS 0x000000008bd00000| PB 0x000000008bd00000| Untracked 
| 190|0x000000008be00000, 0x000000008bf00000, 0x000000008bf00000|100%| O|  |TAMS 0x000000008bf00000| PB 0x000000008bf00000| Updating 
| 191|0x000000008bf00000, 0x000000008c000000, 0x000000008c000000|100%| O|  |TAMS 0x000000008c000000| PB 0x000000008c000000| Updating 
| 192|0x000000008c000000, 0x000000008c100000, 0x000000008c100000|100%| O|  |TAMS 0x000000008c000000| PB 0x000000008c000000| Untracked 
| 193|0x000000008c100000, 0x000000008c200000, 0x000000008c200000|100%| O|  |TAMS 0x000000008c100000| PB 0x000000008c100000| Untracked 
| 194|0x000000008c200000, 0x000000008c300000, 0x000000008c300000|100%| O|  |TAMS 0x000000008c300000| PB 0x000000008c300000| Updating 
| 195|0x000000008c300000, 0x000000008c400000, 0x000000008c400000|100%| O|  |TAMS 0x000000008c400000| PB 0x000000008c400000| Updating 
| 196|0x000000008c400000, 0x000000008c500000, 0x000000008c500000|100%|HS|  |TAMS 0x000000008c500000| PB 0x000000008c400000| Complete 
| 197|0x000000008c500000, 0x000000008c600000, 0x000000008c600000|100%|HC|  |TAMS 0x000000008c600000| PB 0x000000008c500000| Complete 
| 198|0x000000008c600000, 0x000000008c700000, 0x000000008c700000|100%|HC|  |TAMS 0x000000008c700000| PB 0x000000008c600000| Complete 
| 199|0x000000008c700000, 0x000000008c800000, 0x000000008c800000|100%|HC|  |TAMS 0x000000008c800000| PB 0x000000008c700000| Complete 
| 200|0x000000008c800000, 0x000000008c900000, 0x000000008c900000|100%| O|  |TAMS 0x000000008c900000| PB 0x000000008c900000| Updating 
| 201|0x000000008c900000, 0x000000008ca00000, 0x000000008ca00000|100%| O|  |TAMS 0x000000008c900000| PB 0x000000008c900000| Untracked 
| 202|0x000000008ca00000, 0x000000008cb00000, 0x000000008cb00000|100%| O|  |TAMS 0x000000008cb00000| PB 0x000000008cb00000| Updating 
| 203|0x000000008cb00000, 0x000000008cc00000, 0x000000008cc00000|100%| O|  |TAMS 0x000000008cb00000| PB 0x000000008cb00000| Untracked 
| 204|0x000000008cc00000, 0x000000008cd00000, 0x000000008cd00000|100%| O|  |TAMS 0x000000008cc00000| PB 0x000000008cc00000| Untracked 
| 205|0x000000008cd00000, 0x000000008ce00000, 0x000000008ce00000|100%| O|  |TAMS 0x000000008ce00000| PB 0x000000008ce00000| Updating 
| 206|0x000000008ce00000, 0x000000008cf00000, 0x000000008cf00000|100%| O|  |TAMS 0x000000008ce00000| PB 0x000000008ce00000| Untracked 
| 207|0x000000008cf00000, 0x000000008d000000, 0x000000008d000000|100%| O|  |TAMS 0x000000008d000000| PB 0x000000008d000000| Updating 
| 208|0x000000008d000000, 0x000000008d100000, 0x000000008d100000|100%| O|  |TAMS 0x000000008d100000| PB 0x000000008d100000| Updating 
| 209|0x000000008d100000, 0x000000008d200000, 0x000000008d200000|100%| O|  |TAMS 0x000000008d200000| PB 0x000000008d200000| Updating 
| 210|0x000000008d200000, 0x000000008d300000, 0x000000008d300000|100%| O|  |TAMS 0x000000008d300000| PB 0x000000008d300000| Updating 
| 211|0x000000008d300000, 0x000000008d400000, 0x000000008d400000|100%| O|  |TAMS 0x000000008d300000| PB 0x000000008d300000| Untracked 
| 212|0x000000008d400000, 0x000000008d500000, 0x000000008d500000|100%| O|  |TAMS 0x000000008d400000| PB 0x000000008d400000| Untracked 
| 213|0x000000008d500000, 0x000000008d600000, 0x000000008d600000|100%| O|  |TAMS 0x000000008d500000| PB 0x000000008d500000| Untracked 
| 214|0x000000008d600000, 0x000000008d700000, 0x000000008d700000|100%| O|  |TAMS 0x000000008d600000| PB 0x000000008d600000| Untracked 
| 215|0x000000008d700000, 0x000000008d800000, 0x000000008d800000|100%| O|  |TAMS 0x000000008d700000| PB 0x000000008d700000| Untracked 
| 216|0x000000008d800000, 0x000000008d900000, 0x000000008d900000|100%| O|  |TAMS 0x000000008d800000| PB 0x000000008d800000| Untracked 
| 217|0x000000008d900000, 0x000000008da00000, 0x000000008da00000|100%| O|  |TAMS 0x000000008d900000| PB 0x000000008d900000| Untracked 
| 218|0x000000008da00000, 0x000000008db00000, 0x000000008db00000|100%| O|  |TAMS 0x000000008da00000| PB 0x000000008da00000| Untracked 
| 219|0x000000008db00000, 0x000000008dc00000, 0x000000008dc00000|100%| O|  |TAMS 0x000000008db00000| PB 0x000000008db00000| Untracked 
| 220|0x000000008dc00000, 0x000000008dd00000, 0x000000008dd00000|100%| O|  |TAMS 0x000000008dc00000| PB 0x000000008dc00000| Untracked 
| 221|0x000000008dd00000, 0x000000008de00000, 0x000000008de00000|100%| O|  |TAMS 0x000000008de00000| PB 0x000000008de00000| Updating 
| 222|0x000000008de00000, 0x000000008df00000, 0x000000008df00000|100%| O|  |TAMS 0x000000008df00000| PB 0x000000008df00000| Untracked 
| 223|0x000000008df00000, 0x000000008e000000, 0x000000008e000000|100%| O|  |TAMS 0x000000008e000000| PB 0x000000008e000000| Updating 
| 224|0x000000008e000000, 0x000000008e100000, 0x000000008e100000|100%| O|  |TAMS 0x000000008e100000| PB 0x000000008e100000| Updating 
| 225|0x000000008e100000, 0x000000008e200000, 0x000000008e200000|100%| O|  |TAMS 0x000000008e200000| PB 0x000000008e200000| Updating 
| 226|0x000000008e200000, 0x000000008e300000, 0x000000008e300000|100%| O|  |TAMS 0x000000008e300000| PB 0x000000008e300000| Updating 
| 227|0x000000008e300000, 0x000000008e400000, 0x000000008e400000|100%| O|  |TAMS 0x000000008e400000| PB 0x000000008e400000| Updating 
| 228|0x000000008e400000, 0x000000008e500000, 0x000000008e500000|100%| O|  |TAMS 0x000000008e500000| PB 0x000000008e500000| Untracked 
| 229|0x000000008e500000, 0x000000008e600000, 0x000000008e600000|100%| O|  |TAMS 0x000000008e600000| PB 0x000000008e600000| Updating 
| 230|0x000000008e600000, 0x000000008e700000, 0x000000008e700000|100%| O|  |TAMS 0x000000008e700000| PB 0x000000008e700000| Updating 
| 231|0x000000008e700000, 0x000000008e800000, 0x000000008e800000|100%| O|  |TAMS 0x000000008e800000| PB 0x000000008e800000| Updating 
| 232|0x000000008e800000, 0x000000008e900000, 0x000000008e900000|100%| O|  |TAMS 0x000000008e900000| PB 0x000000008e900000| Updating 
| 233|0x000000008e900000, 0x000000008ea00000, 0x000000008ea00000|100%| O|  |TAMS 0x000000008ea00000| PB 0x000000008ea00000| Untracked 
| 234|0x000000008ea00000, 0x000000008eb00000, 0x000000008eb00000|100%| O|  |TAMS 0x000000008ea00000| PB 0x000000008ea00000| Untracked 
| 235|0x000000008eb00000, 0x000000008ec00000, 0x000000008ec00000|100%| O|  |TAMS 0x000000008ec00000| PB 0x000000008ec00000| Updating 
| 236|0x000000008ec00000, 0x000000008ed00000, 0x000000008ed00000|100%| O|  |TAMS 0x000000008ed00000| PB 0x000000008ed00000| Untracked 
| 237|0x000000008ed00000, 0x000000008ee00000, 0x000000008ee00000|100%| O|  |TAMS 0x000000008ee00000| PB 0x000000008ee00000| Updating 
| 238|0x000000008ee00000, 0x000000008ef00000, 0x000000008ef00000|100%| O|  |TAMS 0x000000008ef00000| PB 0x000000008ef00000| Untracked 
| 239|0x000000008ef00000, 0x000000008f000000, 0x000000008f000000|100%| O|  |TAMS 0x000000008f000000| PB 0x000000008f000000| Updating 
| 240|0x000000008f000000, 0x000000008f100000, 0x000000008f100000|100%| O|  |TAMS 0x000000008f000000| PB 0x000000008f000000| Untracked 
| 241|0x000000008f100000, 0x000000008f200000, 0x000000008f200000|100%| O|  |TAMS 0x000000008f100000| PB 0x000000008f100000| Untracked 
| 242|0x000000008f200000, 0x000000008f300000, 0x000000008f300000|100%| O|  |TAMS 0x000000008f300000| PB 0x000000008f300000| Updating 
| 243|0x000000008f300000, 0x000000008f400000, 0x000000008f400000|100%| O|  |TAMS 0x000000008f400000| PB 0x000000008f400000| Untracked 
| 244|0x000000008f400000, 0x000000008f500000, 0x000000008f500000|100%| O|  |TAMS 0x000000008f400000| PB 0x000000008f400000| Untracked 
| 245|0x000000008f500000, 0x000000008f600000, 0x000000008f600000|100%| O|  |TAMS 0x000000008f600000| PB 0x000000008f600000| Untracked 
| 246|0x000000008f600000, 0x000000008f700000, 0x000000008f700000|100%| O|  |TAMS 0x000000008f700000| PB 0x000000008f700000| Untracked 
| 247|0x000000008f700000, 0x000000008f800000, 0x000000008f800000|100%| O|  |TAMS 0x000000008f800000| PB 0x000000008f800000| Untracked 
| 248|0x000000008f800000, 0x000000008f900000, 0x000000008f900000|100%| O|  |TAMS 0x000000008f800000| PB 0x000000008f800000| Untracked 
| 249|0x000000008f900000, 0x000000008fa00000, 0x000000008fa00000|100%| O|  |TAMS 0x000000008fa00000| PB 0x000000008fa00000| Untracked 
| 250|0x000000008fa00000, 0x000000008fb00000, 0x000000008fb00000|100%| O|  |TAMS 0x000000008fb00000| PB 0x000000008fb00000| Updating 
| 251|0x000000008fb00000, 0x000000008fc00000, 0x000000008fc00000|100%| O|  |TAMS 0x000000008fc00000| PB 0x000000008fc00000| Updating 
| 252|0x000000008fc00000, 0x000000008fd00000, 0x000000008fd00000|100%| O|  |TAMS 0x000000008fd00000| PB 0x000000008fd00000| Untracked 
| 253|0x000000008fd00000, 0x000000008fe00000, 0x000000008fe00000|100%| O|  |TAMS 0x000000008fd00000| PB 0x000000008fd00000| Untracked 
| 254|0x000000008fe00000, 0x000000008ff00000, 0x000000008ff00000|100%| O|  |TAMS 0x000000008fe00000| PB 0x000000008fe00000| Untracked 
| 255|0x000000008ff00000, 0x0000000090000000, 0x0000000090000000|100%| O|  |TAMS 0x0000000090000000| PB 0x0000000090000000| Untracked 
| 256|0x0000000090000000, 0x0000000090100000, 0x0000000090100000|100%| O|  |TAMS 0x0000000090000000| PB 0x0000000090000000| Untracked 
| 257|0x0000000090100000, 0x0000000090200000, 0x0000000090200000|100%| O|  |TAMS 0x0000000090100000| PB 0x0000000090100000| Untracked 
| 258|0x0000000090200000, 0x0000000090300000, 0x0000000090300000|100%| O|  |TAMS 0x0000000090300000| PB 0x0000000090300000| Untracked 
| 259|0x0000000090300000, 0x0000000090400000, 0x0000000090400000|100%| O|  |TAMS 0x0000000090300000| PB 0x0000000090300000| Untracked 
| 260|0x0000000090400000, 0x0000000090500000, 0x0000000090500000|100%| O|  |TAMS 0x0000000090400000| PB 0x0000000090400000| Untracked 
| 261|0x0000000090500000, 0x0000000090600000, 0x0000000090600000|100%| O|  |TAMS 0x0000000090600000| PB 0x0000000090600000| Untracked 
| 262|0x0000000090600000, 0x0000000090700000, 0x0000000090700000|100%| O|  |TAMS 0x0000000090600000| PB 0x0000000090600000| Untracked 
| 263|0x0000000090700000, 0x0000000090800000, 0x0000000090800000|100%| O|  |TAMS 0x0000000090700000| PB 0x0000000090700000| Untracked 
| 264|0x0000000090800000, 0x0000000090900000, 0x0000000090900000|100%| O|  |TAMS 0x0000000090800000| PB 0x0000000090800000| Untracked 
| 265|0x0000000090900000, 0x0000000090a00000, 0x0000000090a00000|100%| O|  |TAMS 0x0000000090900000| PB 0x0000000090900000| Untracked 
| 266|0x0000000090a00000, 0x0000000090b00000, 0x0000000090b00000|100%| O|  |TAMS 0x0000000090b00000| PB 0x0000000090b00000| Updating 
| 267|0x0000000090b00000, 0x0000000090c00000, 0x0000000090c00000|100%| O|  |TAMS 0x0000000090c00000| PB 0x0000000090c00000| Untracked 
| 268|0x0000000090c00000, 0x0000000090d00000, 0x0000000090d00000|100%| O|  |TAMS 0x0000000090d00000| PB 0x0000000090d00000| Updating 
| 269|0x0000000090d00000, 0x0000000090e00000, 0x0000000090e00000|100%| O|  |TAMS 0x0000000090e00000| PB 0x0000000090e00000| Untracked 
| 270|0x0000000090e00000, 0x0000000090f00000, 0x0000000090f00000|100%| O|  |TAMS 0x0000000090e00000| PB 0x0000000090e00000| Untracked 
| 271|0x0000000090f00000, 0x0000000091000000, 0x0000000091000000|100%| O|  |TAMS 0x0000000090f00000| PB 0x0000000090f00000| Untracked 
| 272|0x0000000091000000, 0x0000000091100000, 0x0000000091100000|100%| O|  |TAMS 0x0000000091100000| PB 0x0000000091100000| Updating 
| 273|0x0000000091100000, 0x0000000091200000, 0x0000000091200000|100%| O|  |TAMS 0x0000000091100000| PB 0x0000000091100000| Untracked 
| 274|0x0000000091200000, 0x0000000091300000, 0x0000000091300000|100%| O|  |TAMS 0x0000000091300000| PB 0x0000000091300000| Untracked 
| 275|0x0000000091300000, 0x0000000091400000, 0x0000000091400000|100%| O|  |TAMS 0x0000000091400000| PB 0x0000000091400000| Updating 
| 276|0x0000000091400000, 0x0000000091500000, 0x0000000091500000|100%| O|  |TAMS 0x0000000091500000| PB 0x0000000091500000| Updating 
| 277|0x0000000091500000, 0x0000000091600000, 0x0000000091600000|100%| O|  |TAMS 0x0000000091600000| PB 0x0000000091600000| Untracked 
| 278|0x0000000091600000, 0x0000000091700000, 0x0000000091700000|100%| O|  |TAMS 0x0000000091700000| PB 0x0000000091700000| Untracked 
| 279|0x0000000091700000, 0x0000000091800000, 0x0000000091800000|100%| O|  |TAMS 0x0000000091800000| PB 0x0000000091800000| Updating 
| 280|0x0000000091800000, 0x0000000091900000, 0x0000000091900000|100%| O|  |TAMS 0x0000000091900000| PB 0x0000000091900000| Updating 
| 281|0x0000000091900000, 0x0000000091a00000, 0x0000000091a00000|100%| O|  |TAMS 0x0000000091a00000| PB 0x0000000091a00000| Updating 
| 282|0x0000000091a00000, 0x0000000091b00000, 0x0000000091b00000|100%| O|  |TAMS 0x0000000091b00000| PB 0x0000000091b00000| Updating 
| 283|0x0000000091b00000, 0x0000000091c00000, 0x0000000091c00000|100%| O|  |TAMS 0x0000000091c00000| PB 0x0000000091c00000| Untracked 
| 284|0x0000000091c00000, 0x0000000091d00000, 0x0000000091d00000|100%| O|  |TAMS 0x0000000091c00000| PB 0x0000000091c00000| Untracked 
| 285|0x0000000091d00000, 0x0000000091e00000, 0x0000000091e00000|100%| O|  |TAMS 0x0000000091e00000| PB 0x0000000091e00000| Updating 
| 286|0x0000000091e00000, 0x0000000091f00000, 0x0000000091f00000|100%| O|  |TAMS 0x0000000091f00000| PB 0x0000000091f00000| Updating 
| 287|0x0000000091f00000, 0x0000000092000000, 0x0000000092000000|100%| O|  |TAMS 0x0000000092000000| PB 0x0000000092000000| Updating 
| 288|0x0000000092000000, 0x0000000092100000, 0x0000000092100000|100%| O|  |TAMS 0x0000000092100000| PB 0x0000000092100000| Updating 
| 289|0x0000000092100000, 0x0000000092200000, 0x0000000092200000|100%| O|  |TAMS 0x0000000092200000| PB 0x0000000092200000| Updating 
| 290|0x0000000092200000, 0x0000000092300000, 0x0000000092300000|100%| O|  |TAMS 0x0000000092300000| PB 0x0000000092300000| Updating 
| 291|0x0000000092300000, 0x0000000092400000, 0x0000000092400000|100%| O|  |TAMS 0x0000000092400000| PB 0x0000000092400000| Updating 
| 292|0x0000000092400000, 0x0000000092500000, 0x0000000092500000|100%| O|  |TAMS 0x0000000092500000| PB 0x0000000092500000| Updating 
| 293|0x0000000092500000, 0x0000000092600000, 0x0000000092600000|100%| O|  |TAMS 0x0000000092600000| PB 0x0000000092600000| Updating 
| 294|0x0000000092600000, 0x0000000092700000, 0x0000000092700000|100%| O|  |TAMS 0x0000000092700000| PB 0x0000000092700000| Updating 
| 295|0x0000000092700000, 0x0000000092800000, 0x0000000092800000|100%| O|  |TAMS 0x0000000092800000| PB 0x0000000092800000| Updating 
| 296|0x0000000092800000, 0x0000000092900000, 0x0000000092900000|100%| O|  |TAMS 0x0000000092900000| PB 0x0000000092900000| Updating 
| 297|0x0000000092900000, 0x0000000092a00000, 0x0000000092a00000|100%| O|  |TAMS 0x0000000092a00000| PB 0x0000000092a00000| Updating 
| 298|0x0000000092a00000, 0x0000000092b00000, 0x0000000092b00000|100%| O|  |TAMS 0x0000000092b00000| PB 0x0000000092b00000| Updating 
| 299|0x0000000092b00000, 0x0000000092c00000, 0x0000000092c00000|100%| O|  |TAMS 0x0000000092c00000| PB 0x0000000092c00000| Updating 
| 300|0x0000000092c00000, 0x0000000092d00000, 0x0000000092d00000|100%| O|  |TAMS 0x0000000092d00000| PB 0x0000000092d00000| Updating 
| 301|0x0000000092d00000, 0x0000000092e00000, 0x0000000092e00000|100%| O|  |TAMS 0x0000000092d00000| PB 0x0000000092d00000| Untracked 
| 302|0x0000000092e00000, 0x0000000092f00000, 0x0000000092f00000|100%| O|  |TAMS 0x0000000092e00000| PB 0x0000000092e00000| Untracked 
| 303|0x0000000092f00000, 0x0000000093000000, 0x0000000093000000|100%| O|  |TAMS 0x0000000092f00000| PB 0x0000000092f00000| Untracked 
| 304|0x0000000093000000, 0x0000000093100000, 0x0000000093100000|100%| O|  |TAMS 0x0000000093000000| PB 0x0000000093000000| Untracked 
| 305|0x0000000093100000, 0x0000000093200000, 0x0000000093200000|100%| O|  |TAMS 0x0000000093100000| PB 0x0000000093100000| Untracked 
| 306|0x0000000093200000, 0x0000000093300000, 0x0000000093300000|100%| O|  |TAMS 0x0000000093300000| PB 0x0000000093300000| Updating 
| 307|0x0000000093300000, 0x0000000093400000, 0x0000000093400000|100%| O|  |TAMS 0x0000000093400000| PB 0x0000000093400000| Updating 
| 308|0x0000000093400000, 0x0000000093500000, 0x0000000093500000|100%| O|  |TAMS 0x0000000093500000| PB 0x0000000093500000| Updating 
| 309|0x0000000093500000, 0x0000000093600000, 0x0000000093600000|100%| O|  |TAMS 0x0000000093600000| PB 0x0000000093600000| Updating 
| 310|0x0000000093600000, 0x0000000093700000, 0x0000000093700000|100%| O|  |TAMS 0x0000000093700000| PB 0x0000000093700000| Updating 
| 311|0x0000000093700000, 0x0000000093800000, 0x0000000093800000|100%| O|  |TAMS 0x0000000093700000| PB 0x0000000093700000| Untracked 
| 312|0x0000000093800000, 0x0000000093900000, 0x0000000093900000|100%| O|  |TAMS 0x0000000093900000| PB 0x0000000093900000| Updating 
| 313|0x0000000093900000, 0x0000000093a00000, 0x0000000093a00000|100%| O|  |TAMS 0x0000000093900000| PB 0x0000000093900000| Untracked 
| 314|0x0000000093a00000, 0x0000000093b00000, 0x0000000093b00000|100%| O|  |TAMS 0x0000000093a00000| PB 0x0000000093a00000| Untracked 
| 315|0x0000000093b00000, 0x0000000093c00000, 0x0000000093c00000|100%| O|  |TAMS 0x0000000093b00000| PB 0x0000000093b00000| Untracked 
| 316|0x0000000093c00000, 0x0000000093d00000, 0x0000000093d00000|100%| O|  |TAMS 0x0000000093c00000| PB 0x0000000093c00000| Untracked 
| 317|0x0000000093d00000, 0x0000000093d00000, 0x0000000093e00000|  0%| F|  |TAMS 0x0000000093d00000| PB 0x0000000093d00000| Untracked 
| 318|0x0000000093e00000, 0x0000000093e00000, 0x0000000093f00000|  0%| F|  |TAMS 0x0000000093e00000| PB 0x0000000093e00000| Untracked 
| 319|0x0000000093f00000, 0x0000000093f00000, 0x0000000094000000|  0%| F|  |TAMS 0x0000000093f00000| PB 0x0000000093f00000| Untracked 
| 320|0x0000000094000000, 0x0000000094000000, 0x0000000094100000|  0%| F|  |TAMS 0x0000000094000000| PB 0x0000000094000000| Untracked 
| 321|0x0000000094100000, 0x0000000094100000, 0x0000000094200000|  0%| F|  |TAMS 0x0000000094100000| PB 0x0000000094100000| Untracked 
| 322|0x0000000094200000, 0x0000000094200000, 0x0000000094300000|  0%| F|  |TAMS 0x0000000094200000| PB 0x0000000094200000| Untracked 
| 323|0x0000000094300000, 0x0000000094300000, 0x0000000094400000|  0%| F|  |TAMS 0x0000000094300000| PB 0x0000000094300000| Untracked 
| 324|0x0000000094400000, 0x0000000094500000, 0x0000000094500000|100%| O|  |TAMS 0x0000000094500000| PB 0x0000000094500000| Updating 
| 325|0x0000000094500000, 0x0000000094600000, 0x0000000094600000|100%| O|  |TAMS 0x0000000094600000| PB 0x0000000094600000| Updating 
| 326|0x0000000094600000, 0x0000000094600000, 0x0000000094700000|  0%| F|  |TAMS 0x0000000094600000| PB 0x0000000094600000| Untracked 
| 327|0x0000000094700000, 0x0000000094700000, 0x0000000094800000|  0%| F|  |TAMS 0x0000000094700000| PB 0x0000000094700000| Untracked 
| 328|0x0000000094800000, 0x0000000094800000, 0x0000000094900000|  0%| F|  |TAMS 0x0000000094800000| PB 0x0000000094800000| Untracked 
| 329|0x0000000094900000, 0x0000000094900000, 0x0000000094a00000|  0%| F|  |TAMS 0x0000000094900000| PB 0x0000000094900000| Untracked 
| 330|0x0000000094a00000, 0x0000000094b00000, 0x0000000094b00000|100%| O|  |TAMS 0x0000000094b00000| PB 0x0000000094b00000| Updating 
| 331|0x0000000094b00000, 0x0000000094b00000, 0x0000000094c00000|  0%| F|  |TAMS 0x0000000094b00000| PB 0x0000000094b00000| Untracked 
| 332|0x0000000094c00000, 0x0000000094c00000, 0x0000000094d00000|  0%| F|  |TAMS 0x0000000094c00000| PB 0x0000000094c00000| Untracked 
| 333|0x0000000094d00000, 0x0000000094e00000, 0x0000000094e00000|100%| O|  |TAMS 0x0000000094e00000| PB 0x0000000094e00000| Updating 
| 334|0x0000000094e00000, 0x0000000094e00000, 0x0000000094f00000|  0%| F|  |TAMS 0x0000000094e00000| PB 0x0000000094e00000| Untracked 
| 335|0x0000000094f00000, 0x0000000095000000, 0x0000000095000000|100%| O|  |TAMS 0x0000000095000000| PB 0x0000000095000000| Updating 
| 336|0x0000000095000000, 0x0000000095000000, 0x0000000095100000|  0%| F|  |TAMS 0x0000000095000000| PB 0x0000000095000000| Untracked 
| 337|0x0000000095100000, 0x0000000095200000, 0x0000000095200000|100%| O|  |TAMS 0x0000000095200000| PB 0x0000000095200000| Updating 
| 338|0x0000000095200000, 0x0000000095300000, 0x0000000095300000|100%| O|  |TAMS 0x0000000095300000| PB 0x0000000095300000| Updating 
| 339|0x0000000095300000, 0x0000000095300000, 0x0000000095400000|  0%| F|  |TAMS 0x0000000095300000| PB 0x0000000095300000| Untracked 
| 340|0x0000000095400000, 0x0000000095400000, 0x0000000095500000|  0%| F|  |TAMS 0x0000000095400000| PB 0x0000000095400000| Untracked 
| 341|0x0000000095500000, 0x0000000095500000, 0x0000000095600000|  0%| F|  |TAMS 0x0000000095500000| PB 0x0000000095500000| Untracked 
| 342|0x0000000095600000, 0x0000000095600000, 0x0000000095700000|  0%| F|  |TAMS 0x0000000095600000| PB 0x0000000095600000| Untracked 
| 343|0x0000000095700000, 0x0000000095700000, 0x0000000095800000|  0%| F|  |TAMS 0x0000000095700000| PB 0x0000000095700000| Untracked 
| 344|0x0000000095800000, 0x0000000095900000, 0x0000000095900000|100%| O|  |TAMS 0x0000000095900000| PB 0x0000000095900000| Updating 
| 345|0x0000000095900000, 0x0000000095a00000, 0x0000000095a00000|100%| O|  |TAMS 0x0000000095a00000| PB 0x0000000095a00000| Updating 
| 346|0x0000000095a00000, 0x0000000095a00000, 0x0000000095b00000|  0%| F|  |TAMS 0x0000000095a00000| PB 0x0000000095a00000| Untracked 
| 347|0x0000000095b00000, 0x0000000095c00000, 0x0000000095c00000|100%| O|  |TAMS 0x0000000095c00000| PB 0x0000000095c00000| Untracked 
| 348|0x0000000095c00000, 0x0000000095d00000, 0x0000000095d00000|100%| O|  |TAMS 0x0000000095d00000| PB 0x0000000095d00000| Untracked 
| 349|0x0000000095d00000, 0x0000000095d00000, 0x0000000095e00000|  0%| F|  |TAMS 0x0000000095d00000| PB 0x0000000095d00000| Untracked 
| 350|0x0000000095e00000, 0x0000000095f00000, 0x0000000095f00000|100%| O|  |TAMS 0x0000000095f00000| PB 0x0000000095f00000| Untracked 
| 351|0x0000000095f00000, 0x0000000095f00000, 0x0000000096000000|  0%| F|  |TAMS 0x0000000095f00000| PB 0x0000000095f00000| Untracked 
| 352|0x0000000096000000, 0x0000000096100000, 0x0000000096100000|100%| O|  |TAMS 0x0000000096100000| PB 0x0000000096100000| Updating 
| 353|0x0000000096100000, 0x0000000096200000, 0x0000000096200000|100%| O|  |TAMS 0x0000000096200000| PB 0x0000000096200000| Updating 
| 354|0x0000000096200000, 0x0000000096200000, 0x0000000096300000|  0%| F|  |TAMS 0x0000000096200000| PB 0x0000000096200000| Untracked 
| 355|0x0000000096300000, 0x0000000096400000, 0x0000000096400000|100%| O|  |TAMS 0x0000000096400000| PB 0x0000000096400000| Updating 
| 356|0x0000000096400000, 0x0000000096500000, 0x0000000096500000|100%| O|  |TAMS 0x0000000096500000| PB 0x0000000096500000| Updating 
| 357|0x0000000096500000, 0x0000000096500000, 0x0000000096600000|  0%| F|  |TAMS 0x0000000096500000| PB 0x0000000096500000| Untracked 
| 358|0x0000000096600000, 0x0000000096600000, 0x0000000096700000|  0%| F|  |TAMS 0x0000000096600000| PB 0x0000000096600000| Untracked 
| 359|0x0000000096700000, 0x0000000096700000, 0x0000000096800000|  0%| F|  |TAMS 0x0000000096700000| PB 0x0000000096700000| Untracked 
| 360|0x0000000096800000, 0x0000000096800000, 0x0000000096900000|  0%| F|  |TAMS 0x0000000096800000| PB 0x0000000096800000| Untracked 
| 361|0x0000000096900000, 0x0000000096a00000, 0x0000000096a00000|100%| O|  |TAMS 0x0000000096a00000| PB 0x0000000096a00000| Updating 
| 362|0x0000000096a00000, 0x0000000096b00000, 0x0000000096b00000|100%| O|  |TAMS 0x0000000096b00000| PB 0x0000000096b00000| Updating 
| 363|0x0000000096b00000, 0x0000000096b00000, 0x0000000096c00000|  0%| F|  |TAMS 0x0000000096b00000| PB 0x0000000096b00000| Untracked 
| 364|0x0000000096c00000, 0x0000000096c00000, 0x0000000096d00000|  0%| F|  |TAMS 0x0000000096c00000| PB 0x0000000096c00000| Untracked 
| 365|0x0000000096d00000, 0x0000000096d00000, 0x0000000096e00000|  0%| F|  |TAMS 0x0000000096d00000| PB 0x0000000096d00000| Untracked 
| 366|0x0000000096e00000, 0x0000000096e00000, 0x0000000096f00000|  0%| F|  |TAMS 0x0000000096e00000| PB 0x0000000096e00000| Untracked 
| 367|0x0000000096f00000, 0x0000000096f00000, 0x0000000097000000|  0%| F|  |TAMS 0x0000000096f00000| PB 0x0000000096f00000| Untracked 
| 368|0x0000000097000000, 0x0000000097000000, 0x0000000097100000|  0%| F|  |TAMS 0x0000000097000000| PB 0x0000000097000000| Untracked 
| 369|0x0000000097100000, 0x0000000097100000, 0x0000000097200000|  0%| F|  |TAMS 0x0000000097100000| PB 0x0000000097100000| Untracked 
| 370|0x0000000097200000, 0x0000000097200000, 0x0000000097300000|  0%| F|  |TAMS 0x0000000097200000| PB 0x0000000097200000| Untracked 
| 371|0x0000000097300000, 0x0000000097300000, 0x0000000097400000|  0%| F|  |TAMS 0x0000000097300000| PB 0x0000000097300000| Untracked 
| 372|0x0000000097400000, 0x0000000097400000, 0x0000000097500000|  0%| F|  |TAMS 0x0000000097400000| PB 0x0000000097400000| Untracked 
| 373|0x0000000097500000, 0x0000000097500000, 0x0000000097600000|  0%| F|  |TAMS 0x0000000097500000| PB 0x0000000097500000| Untracked 
| 374|0x0000000097600000, 0x0000000097600000, 0x0000000097700000|  0%| F|  |TAMS 0x0000000097600000| PB 0x0000000097600000| Untracked 
| 375|0x0000000097700000, 0x0000000097700000, 0x0000000097800000|  0%| F|  |TAMS 0x0000000097700000| PB 0x0000000097700000| Untracked 
| 376|0x0000000097800000, 0x0000000097800000, 0x0000000097900000|  0%| F|  |TAMS 0x0000000097800000| PB 0x0000000097800000| Untracked 
| 377|0x0000000097900000, 0x0000000097900000, 0x0000000097a00000|  0%| F|  |TAMS 0x0000000097900000| PB 0x0000000097900000| Untracked 
| 378|0x0000000097a00000, 0x0000000097a00000, 0x0000000097b00000|  0%| F|  |TAMS 0x0000000097a00000| PB 0x0000000097a00000| Untracked 
| 379|0x0000000097b00000, 0x0000000097b00000, 0x0000000097c00000|  0%| F|  |TAMS 0x0000000097b00000| PB 0x0000000097b00000| Untracked 
| 380|0x0000000097c00000, 0x0000000097c00000, 0x0000000097d00000|  0%| F|  |TAMS 0x0000000097c00000| PB 0x0000000097c00000| Untracked 
| 381|0x0000000097d00000, 0x0000000097d00000, 0x0000000097e00000|  0%| F|  |TAMS 0x0000000097d00000| PB 0x0000000097d00000| Untracked 
| 382|0x0000000097e00000, 0x0000000097e00000, 0x0000000097f00000|  0%| F|  |TAMS 0x0000000097e00000| PB 0x0000000097e00000| Untracked 
| 383|0x0000000097f00000, 0x0000000097f00000, 0x0000000098000000|  0%| F|  |TAMS 0x0000000097f00000| PB 0x0000000097f00000| Untracked 
| 384|0x0000000098000000, 0x0000000098000000, 0x0000000098100000|  0%| F|  |TAMS 0x0000000098000000| PB 0x0000000098000000| Untracked 
| 385|0x0000000098100000, 0x0000000098100000, 0x0000000098200000|  0%| F|  |TAMS 0x0000000098100000| PB 0x0000000098100000| Untracked 
| 386|0x0000000098200000, 0x0000000098200000, 0x0000000098300000|  0%| F|  |TAMS 0x0000000098200000| PB 0x0000000098200000| Untracked 
| 387|0x0000000098300000, 0x0000000098300000, 0x0000000098400000|  0%| F|  |TAMS 0x0000000098300000| PB 0x0000000098300000| Untracked 
| 388|0x0000000098400000, 0x0000000098400000, 0x0000000098500000|  0%| F|  |TAMS 0x0000000098400000| PB 0x0000000098400000| Untracked 
| 389|0x0000000098500000, 0x0000000098500000, 0x0000000098600000|  0%| F|  |TAMS 0x0000000098500000| PB 0x0000000098500000| Untracked 
| 390|0x0000000098600000, 0x0000000098600000, 0x0000000098700000|  0%| F|  |TAMS 0x0000000098600000| PB 0x0000000098600000| Untracked 
| 391|0x0000000098700000, 0x0000000098700000, 0x0000000098800000|  0%| F|  |TAMS 0x0000000098700000| PB 0x0000000098700000| Untracked 
| 392|0x0000000098800000, 0x0000000098800000, 0x0000000098900000|  0%| F|  |TAMS 0x0000000098800000| PB 0x0000000098800000| Untracked 
| 393|0x0000000098900000, 0x0000000098900000, 0x0000000098a00000|  0%| F|  |TAMS 0x0000000098900000| PB 0x0000000098900000| Untracked 
| 394|0x0000000098a00000, 0x0000000098a00000, 0x0000000098b00000|  0%| F|  |TAMS 0x0000000098a00000| PB 0x0000000098a00000| Untracked 
| 395|0x0000000098b00000, 0x0000000098b00000, 0x0000000098c00000|  0%| F|  |TAMS 0x0000000098b00000| PB 0x0000000098b00000| Untracked 
| 396|0x0000000098c00000, 0x0000000098c00000, 0x0000000098d00000|  0%| F|  |TAMS 0x0000000098c00000| PB 0x0000000098c00000| Untracked 
| 397|0x0000000098d00000, 0x0000000098d00000, 0x0000000098e00000|  0%| F|  |TAMS 0x0000000098d00000| PB 0x0000000098d00000| Untracked 
| 398|0x0000000098e00000, 0x0000000098e00000, 0x0000000098f00000|  0%| F|  |TAMS 0x0000000098e00000| PB 0x0000000098e00000| Untracked 
| 399|0x0000000098f00000, 0x0000000098f00000, 0x0000000099000000|  0%| F|  |TAMS 0x0000000098f00000| PB 0x0000000098f00000| Untracked 
| 400|0x0000000099000000, 0x0000000099000000, 0x0000000099100000|  0%| F|  |TAMS 0x0000000099000000| PB 0x0000000099000000| Untracked 
| 401|0x0000000099100000, 0x0000000099100000, 0x0000000099200000|  0%| F|  |TAMS 0x0000000099100000| PB 0x0000000099100000| Untracked 
| 402|0x0000000099200000, 0x0000000099200000, 0x0000000099300000|  0%| F|  |TAMS 0x0000000099200000| PB 0x0000000099200000| Untracked 
| 403|0x0000000099300000, 0x0000000099300000, 0x0000000099400000|  0%| F|  |TAMS 0x0000000099300000| PB 0x0000000099300000| Untracked 
| 404|0x0000000099400000, 0x0000000099400000, 0x0000000099500000|  0%| F|  |TAMS 0x0000000099400000| PB 0x0000000099400000| Untracked 
| 405|0x0000000099500000, 0x0000000099500000, 0x0000000099600000|  0%| F|  |TAMS 0x0000000099500000| PB 0x0000000099500000| Untracked 
| 406|0x0000000099600000, 0x0000000099600000, 0x0000000099700000|  0%| F|  |TAMS 0x0000000099600000| PB 0x0000000099600000| Untracked 
| 407|0x0000000099700000, 0x0000000099700000, 0x0000000099800000|  0%| F|  |TAMS 0x0000000099700000| PB 0x0000000099700000| Untracked 
| 408|0x0000000099800000, 0x0000000099800000, 0x0000000099900000|  0%| F|  |TAMS 0x0000000099800000| PB 0x0000000099800000| Untracked 
| 409|0x0000000099900000, 0x0000000099900000, 0x0000000099a00000|  0%| F|  |TAMS 0x0000000099900000| PB 0x0000000099900000| Untracked 
| 410|0x0000000099a00000, 0x0000000099a00000, 0x0000000099b00000|  0%| F|  |TAMS 0x0000000099a00000| PB 0x0000000099a00000| Untracked 
| 411|0x0000000099b00000, 0x0000000099b00000, 0x0000000099c00000|  0%| F|  |TAMS 0x0000000099b00000| PB 0x0000000099b00000| Untracked 
| 412|0x0000000099c00000, 0x0000000099c00000, 0x0000000099d00000|  0%| F|  |TAMS 0x0000000099c00000| PB 0x0000000099c00000| Untracked 
| 413|0x0000000099d00000, 0x0000000099d00000, 0x0000000099e00000|  0%| F|  |TAMS 0x0000000099d00000| PB 0x0000000099d00000| Untracked 
| 414|0x0000000099e00000, 0x0000000099e00000, 0x0000000099f00000|  0%| F|  |TAMS 0x0000000099e00000| PB 0x0000000099e00000| Untracked 
| 415|0x0000000099f00000, 0x0000000099f00000, 0x000000009a000000|  0%| F|  |TAMS 0x0000000099f00000| PB 0x0000000099f00000| Untracked 
| 416|0x000000009a000000, 0x000000009a000000, 0x000000009a100000|  0%| F|  |TAMS 0x000000009a000000| PB 0x000000009a000000| Untracked 
| 417|0x000000009a100000, 0x000000009a100000, 0x000000009a200000|  0%| F|  |TAMS 0x000000009a100000| PB 0x000000009a100000| Untracked 
| 418|0x000000009a200000, 0x000000009a200000, 0x000000009a300000|  0%| F|  |TAMS 0x000000009a200000| PB 0x000000009a200000| Untracked 
| 419|0x000000009a300000, 0x000000009a300000, 0x000000009a400000|  0%| F|  |TAMS 0x000000009a300000| PB 0x000000009a300000| Untracked 
| 420|0x000000009a400000, 0x000000009a400000, 0x000000009a500000|  0%| F|  |TAMS 0x000000009a400000| PB 0x000000009a400000| Untracked 
| 421|0x000000009a500000, 0x000000009a500000, 0x000000009a600000|  0%| F|  |TAMS 0x000000009a500000| PB 0x000000009a500000| Untracked 
| 422|0x000000009a600000, 0x000000009a600000, 0x000000009a700000|  0%| F|  |TAMS 0x000000009a600000| PB 0x000000009a600000| Untracked 
| 423|0x000000009a700000, 0x000000009a700000, 0x000000009a800000|  0%| F|  |TAMS 0x000000009a700000| PB 0x000000009a700000| Untracked 
| 424|0x000000009a800000, 0x000000009a800000, 0x000000009a900000|  0%| F|  |TAMS 0x000000009a800000| PB 0x000000009a800000| Untracked 
| 425|0x000000009a900000, 0x000000009a900000, 0x000000009aa00000|  0%| F|  |TAMS 0x000000009a900000| PB 0x000000009a900000| Untracked 
| 426|0x000000009aa00000, 0x000000009aa00000, 0x000000009ab00000|  0%| F|  |TAMS 0x000000009aa00000| PB 0x000000009aa00000| Untracked 
| 427|0x000000009ab00000, 0x000000009ab00000, 0x000000009ac00000|  0%| F|  |TAMS 0x000000009ab00000| PB 0x000000009ab00000| Untracked 
| 428|0x000000009ac00000, 0x000000009ac00000, 0x000000009ad00000|  0%| F|  |TAMS 0x000000009ac00000| PB 0x000000009ac00000| Untracked 
| 429|0x000000009ad00000, 0x000000009ad00000, 0x000000009ae00000|  0%| F|  |TAMS 0x000000009ad00000| PB 0x000000009ad00000| Untracked 
| 430|0x000000009ae00000, 0x000000009ae00000, 0x000000009af00000|  0%| F|  |TAMS 0x000000009ae00000| PB 0x000000009ae00000| Untracked 
| 431|0x000000009af00000, 0x000000009af00000, 0x000000009b000000|  0%| F|  |TAMS 0x000000009af00000| PB 0x000000009af00000| Untracked 
| 432|0x000000009b000000, 0x000000009b000000, 0x000000009b100000|  0%| F|  |TAMS 0x000000009b000000| PB 0x000000009b000000| Untracked 
| 433|0x000000009b100000, 0x000000009b100000, 0x000000009b200000|  0%| F|  |TAMS 0x000000009b100000| PB 0x000000009b100000| Untracked 
| 434|0x000000009b200000, 0x000000009b200000, 0x000000009b300000|  0%| F|  |TAMS 0x000000009b200000| PB 0x000000009b200000| Untracked 
| 435|0x000000009b300000, 0x000000009b300000, 0x000000009b400000|  0%| F|  |TAMS 0x000000009b300000| PB 0x000000009b300000| Untracked 
| 436|0x000000009b400000, 0x000000009b400000, 0x000000009b500000|  0%| F|  |TAMS 0x000000009b400000| PB 0x000000009b400000| Untracked 
| 437|0x000000009b500000, 0x000000009b500000, 0x000000009b600000|  0%| F|  |TAMS 0x000000009b500000| PB 0x000000009b500000| Untracked 
| 438|0x000000009b600000, 0x000000009b600000, 0x000000009b700000|  0%| F|  |TAMS 0x000000009b600000| PB 0x000000009b600000| Untracked 
| 439|0x000000009b700000, 0x000000009b700000, 0x000000009b800000|  0%| F|  |TAMS 0x000000009b700000| PB 0x000000009b700000| Untracked 
| 440|0x000000009b800000, 0x000000009b800000, 0x000000009b900000|  0%| F|  |TAMS 0x000000009b800000| PB 0x000000009b800000| Untracked 
| 441|0x000000009b900000, 0x000000009b900000, 0x000000009ba00000|  0%| F|  |TAMS 0x000000009b900000| PB 0x000000009b900000| Untracked 
| 442|0x000000009ba00000, 0x000000009ba00000, 0x000000009bb00000|  0%| F|  |TAMS 0x000000009ba00000| PB 0x000000009ba00000| Untracked 
| 443|0x000000009bb00000, 0x000000009bb00000, 0x000000009bc00000|  0%| F|  |TAMS 0x000000009bb00000| PB 0x000000009bb00000| Untracked 
| 444|0x000000009bc00000, 0x000000009bc00000, 0x000000009bd00000|  0%| F|  |TAMS 0x000000009bc00000| PB 0x000000009bc00000| Untracked 
| 445|0x000000009bd00000, 0x000000009bd00000, 0x000000009be00000|  0%| F|  |TAMS 0x000000009bd00000| PB 0x000000009bd00000| Untracked 
| 446|0x000000009be00000, 0x000000009bf00000, 0x000000009bf00000|100%| E|CS|TAMS 0x000000009be00000| PB 0x000000009be00000| Complete 
| 447|0x000000009bf00000, 0x000000009c000000, 0x000000009c000000|100%| E|CS|TAMS 0x000000009bf00000| PB 0x000000009bf00000| Complete 
| 448|0x000000009c000000, 0x000000009c100000, 0x000000009c100000|100%| E|CS|TAMS 0x000000009c000000| PB 0x000000009c000000| Complete 
| 449|0x000000009c100000, 0x000000009c200000, 0x000000009c200000|100%| E|CS|TAMS 0x000000009c100000| PB 0x000000009c100000| Complete 
| 450|0x000000009c200000, 0x000000009c300000, 0x000000009c300000|100%| E|CS|TAMS 0x000000009c200000| PB 0x000000009c200000| Complete 
| 451|0x000000009c300000, 0x000000009c400000, 0x000000009c400000|100%| E|CS|TAMS 0x000000009c300000| PB 0x000000009c300000| Complete 
| 452|0x000000009c400000, 0x000000009c500000, 0x000000009c500000|100%| E|CS|TAMS 0x000000009c400000| PB 0x000000009c400000| Complete 
| 453|0x000000009c500000, 0x000000009c600000, 0x000000009c600000|100%| E|CS|TAMS 0x000000009c500000| PB 0x000000009c500000| Complete 
| 454|0x000000009c600000, 0x000000009c700000, 0x000000009c700000|100%| E|CS|TAMS 0x000000009c600000| PB 0x000000009c600000| Complete 
| 455|0x000000009c700000, 0x000000009c800000, 0x000000009c800000|100%| E|CS|TAMS 0x000000009c700000| PB 0x000000009c700000| Complete 
| 456|0x000000009c800000, 0x000000009c900000, 0x000000009c900000|100%| E|CS|TAMS 0x000000009c800000| PB 0x000000009c800000| Complete 
| 457|0x000000009c900000, 0x000000009ca00000, 0x000000009ca00000|100%| E|CS|TAMS 0x000000009c900000| PB 0x000000009c900000| Complete 
| 458|0x000000009ca00000, 0x000000009cb00000, 0x000000009cb00000|100%| E|CS|TAMS 0x000000009ca00000| PB 0x000000009ca00000| Complete 
| 459|0x000000009cb00000, 0x000000009cc00000, 0x000000009cc00000|100%| E|CS|TAMS 0x000000009cb00000| PB 0x000000009cb00000| Complete 
| 460|0x000000009cc00000, 0x000000009cd00000, 0x000000009cd00000|100%| E|CS|TAMS 0x000000009cc00000| PB 0x000000009cc00000| Complete 
| 461|0x000000009cd00000, 0x000000009ce00000, 0x000000009ce00000|100%| E|CS|TAMS 0x000000009cd00000| PB 0x000000009cd00000| Complete 
| 462|0x000000009ce00000, 0x000000009cf00000, 0x000000009cf00000|100%| E|CS|TAMS 0x000000009ce00000| PB 0x000000009ce00000| Complete 
| 463|0x000000009cf00000, 0x000000009d000000, 0x000000009d000000|100%| E|CS|TAMS 0x000000009cf00000| PB 0x000000009cf00000| Complete 
| 464|0x000000009d000000, 0x000000009d100000, 0x000000009d100000|100%| E|CS|TAMS 0x000000009d000000| PB 0x000000009d000000| Complete 
| 465|0x000000009d100000, 0x000000009d200000, 0x000000009d200000|100%| E|CS|TAMS 0x000000009d100000| PB 0x000000009d100000| Complete 
| 466|0x000000009d200000, 0x000000009d300000, 0x000000009d300000|100%| E|CS|TAMS 0x000000009d200000| PB 0x000000009d200000| Complete 
| 467|0x000000009d300000, 0x000000009d400000, 0x000000009d400000|100%| E|CS|TAMS 0x000000009d300000| PB 0x000000009d300000| Complete 
| 468|0x000000009d400000, 0x000000009d500000, 0x000000009d500000|100%| E|CS|TAMS 0x000000009d400000| PB 0x000000009d400000| Complete 
| 469|0x000000009d500000, 0x000000009d600000, 0x000000009d600000|100%| E|CS|TAMS 0x000000009d500000| PB 0x000000009d500000| Complete 
| 470|0x000000009d600000, 0x000000009d700000, 0x000000009d700000|100%| E|CS|TAMS 0x000000009d600000| PB 0x000000009d600000| Complete 
| 471|0x000000009d700000, 0x000000009d800000, 0x000000009d800000|100%| E|CS|TAMS 0x000000009d700000| PB 0x000000009d700000| Complete 
| 472|0x000000009d800000, 0x000000009d900000, 0x000000009d900000|100%| E|CS|TAMS 0x000000009d800000| PB 0x000000009d800000| Complete 
| 473|0x000000009d900000, 0x000000009da00000, 0x000000009da00000|100%| E|CS|TAMS 0x000000009d900000| PB 0x000000009d900000| Complete 
| 474|0x000000009da00000, 0x000000009db00000, 0x000000009db00000|100%| E|CS|TAMS 0x000000009da00000| PB 0x000000009da00000| Complete 
| 475|0x000000009db00000, 0x000000009dc00000, 0x000000009dc00000|100%| E|CS|TAMS 0x000000009db00000| PB 0x000000009db00000| Complete 
| 476|0x000000009dc00000, 0x000000009dd00000, 0x000000009dd00000|100%| E|CS|TAMS 0x000000009dc00000| PB 0x000000009dc00000| Complete 
| 477|0x000000009dd00000, 0x000000009de00000, 0x000000009de00000|100%| E|CS|TAMS 0x000000009dd00000| PB 0x000000009dd00000| Complete 
| 478|0x000000009de00000, 0x000000009df00000, 0x000000009df00000|100%| E|CS|TAMS 0x000000009de00000| PB 0x000000009de00000| Complete 
| 479|0x000000009df00000, 0x000000009e000000, 0x000000009e000000|100%| E|CS|TAMS 0x000000009df00000| PB 0x000000009df00000| Complete 
| 480|0x000000009e000000, 0x000000009e100000, 0x000000009e100000|100%| E|CS|TAMS 0x000000009e000000| PB 0x000000009e000000| Complete 
| 481|0x000000009e100000, 0x000000009e200000, 0x000000009e200000|100%| E|CS|TAMS 0x000000009e100000| PB 0x000000009e100000| Complete 
| 482|0x000000009e200000, 0x000000009e300000, 0x000000009e300000|100%| E|CS|TAMS 0x000000009e200000| PB 0x000000009e200000| Complete 
| 483|0x000000009e300000, 0x000000009e400000, 0x000000009e400000|100%| E|CS|TAMS 0x000000009e300000| PB 0x000000009e300000| Complete 
| 484|0x000000009e400000, 0x000000009e500000, 0x000000009e500000|100%| E|CS|TAMS 0x000000009e400000| PB 0x000000009e400000| Complete 
| 485|0x000000009e500000, 0x000000009e600000, 0x000000009e600000|100%| E|CS|TAMS 0x000000009e500000| PB 0x000000009e500000| Complete 
| 486|0x000000009e600000, 0x000000009e700000, 0x000000009e700000|100%| E|CS|TAMS 0x000000009e600000| PB 0x000000009e600000| Complete 
| 487|0x000000009e700000, 0x000000009e800000, 0x000000009e800000|100%| E|CS|TAMS 0x000000009e700000| PB 0x000000009e700000| Complete 
| 488|0x000000009e800000, 0x000000009e900000, 0x000000009e900000|100%| E|CS|TAMS 0x000000009e800000| PB 0x000000009e800000| Complete 
| 489|0x000000009e900000, 0x000000009ea00000, 0x000000009ea00000|100%| E|CS|TAMS 0x000000009e900000| PB 0x000000009e900000| Complete 
| 490|0x000000009ea00000, 0x000000009eb00000, 0x000000009eb00000|100%| E|CS|TAMS 0x000000009ea00000| PB 0x000000009ea00000| Complete 
| 491|0x000000009eb00000, 0x000000009ec00000, 0x000000009ec00000|100%| E|CS|TAMS 0x000000009eb00000| PB 0x000000009eb00000| Complete 
| 492|0x000000009ec00000, 0x000000009ed00000, 0x000000009ed00000|100%| E|CS|TAMS 0x000000009ec00000| PB 0x000000009ec00000| Complete 
| 493|0x000000009ed00000, 0x000000009ee00000, 0x000000009ee00000|100%| E|CS|TAMS 0x000000009ed00000| PB 0x000000009ed00000| Complete 
| 494|0x000000009ee00000, 0x000000009ef00000, 0x000000009ef00000|100%| E|CS|TAMS 0x000000009ee00000| PB 0x000000009ee00000| Complete 
| 495|0x000000009ef00000, 0x000000009f000000, 0x000000009f000000|100%| E|CS|TAMS 0x000000009ef00000| PB 0x000000009ef00000| Complete 
| 496|0x000000009f000000, 0x000000009f100000, 0x000000009f100000|100%| E|CS|TAMS 0x000000009f000000| PB 0x000000009f000000| Complete 
| 497|0x000000009f100000, 0x000000009f200000, 0x000000009f200000|100%| E|CS|TAMS 0x000000009f100000| PB 0x000000009f100000| Complete 
| 498|0x000000009f200000, 0x000000009f300000, 0x000000009f300000|100%| E|CS|TAMS 0x000000009f200000| PB 0x000000009f200000| Complete 
| 499|0x000000009f300000, 0x000000009f400000, 0x000000009f400000|100%| E|CS|TAMS 0x000000009f300000| PB 0x000000009f300000| Complete 
| 500|0x000000009f400000, 0x000000009f500000, 0x000000009f500000|100%| E|CS|TAMS 0x000000009f400000| PB 0x000000009f400000| Complete 
| 501|0x000000009f500000, 0x000000009f600000, 0x000000009f600000|100%| E|CS|TAMS 0x000000009f500000| PB 0x000000009f500000| Complete 
| 502|0x000000009f600000, 0x000000009f700000, 0x000000009f700000|100%| E|CS|TAMS 0x000000009f600000| PB 0x000000009f600000| Complete 
| 503|0x000000009f700000, 0x000000009f800000, 0x000000009f800000|100%| E|CS|TAMS 0x000000009f700000| PB 0x000000009f700000| Complete 
| 504|0x000000009f800000, 0x000000009f900000, 0x000000009f900000|100%| E|CS|TAMS 0x000000009f800000| PB 0x000000009f800000| Complete 
| 505|0x000000009f900000, 0x000000009fa00000, 0x000000009fa00000|100%| E|CS|TAMS 0x000000009f900000| PB 0x000000009f900000| Complete 
| 506|0x000000009fa00000, 0x000000009fb00000, 0x000000009fb00000|100%| E|CS|TAMS 0x000000009fa00000| PB 0x000000009fa00000| Complete 
| 507|0x000000009fb00000, 0x000000009fc00000, 0x000000009fc00000|100%| E|CS|TAMS 0x000000009fb00000| PB 0x000000009fb00000| Complete 
| 508|0x000000009fc00000, 0x000000009fd00000, 0x000000009fd00000|100%| E|CS|TAMS 0x000000009fc00000| PB 0x000000009fc00000| Complete 
| 509|0x000000009fd00000, 0x000000009fe00000, 0x000000009fe00000|100%| E|CS|TAMS 0x000000009fd00000| PB 0x000000009fd00000| Complete 
| 510|0x000000009fe00000, 0x000000009ff00000, 0x000000009ff00000|100%| E|CS|TAMS 0x000000009fe00000| PB 0x000000009fe00000| Complete 
| 511|0x000000009ff00000, 0x00000000a0000000, 0x00000000a0000000|100%| E|CS|TAMS 0x000000009ff00000| PB 0x000000009ff00000| Complete 
| 512|0x00000000a0000000, 0x00000000a0100000, 0x00000000a0100000|100%| E|CS|TAMS 0x00000000a0000000| PB 0x00000000a0000000| Complete 
| 513|0x00000000a0100000, 0x00000000a0200000, 0x00000000a0200000|100%| E|CS|TAMS 0x00000000a0100000| PB 0x00000000a0100000| Complete 
| 514|0x00000000a0200000, 0x00000000a0300000, 0x00000000a0300000|100%| E|CS|TAMS 0x00000000a0200000| PB 0x00000000a0200000| Complete 
| 515|0x00000000a0300000, 0x00000000a0400000, 0x00000000a0400000|100%| E|CS|TAMS 0x00000000a0300000| PB 0x00000000a0300000| Complete 
| 516|0x00000000a0400000, 0x00000000a0500000, 0x00000000a0500000|100%| E|CS|TAMS 0x00000000a0400000| PB 0x00000000a0400000| Complete 
| 517|0x00000000a0500000, 0x00000000a0600000, 0x00000000a0600000|100%| E|CS|TAMS 0x00000000a0500000| PB 0x00000000a0500000| Complete 
| 518|0x00000000a0600000, 0x00000000a0700000, 0x00000000a0700000|100%| E|CS|TAMS 0x00000000a0600000| PB 0x00000000a0600000| Complete 
| 519|0x00000000a0700000, 0x00000000a0780000, 0x00000000a0800000| 50%| S|CS|TAMS 0x00000000a0700000| PB 0x00000000a0700000| Complete 
| 520|0x00000000a0800000, 0x00000000a0900000, 0x00000000a0900000|100%| S|CS|TAMS 0x00000000a0800000| PB 0x00000000a0800000| Complete 
| 521|0x00000000a0900000, 0x00000000a0a00000, 0x00000000a0a00000|100%| S|CS|TAMS 0x00000000a0900000| PB 0x00000000a0900000| Complete 
| 522|0x00000000a0a00000, 0x00000000a0b00000, 0x00000000a0b00000|100%| S|CS|TAMS 0x00000000a0a00000| PB 0x00000000a0a00000| Complete 
| 523|0x00000000a0b00000, 0x00000000a0c00000, 0x00000000a0c00000|100%| S|CS|TAMS 0x00000000a0b00000| PB 0x00000000a0b00000| Complete 
| 524|0x00000000a0c00000, 0x00000000a0d00000, 0x00000000a0d00000|100%| S|CS|TAMS 0x00000000a0c00000| PB 0x00000000a0c00000| Complete 
| 525|0x00000000a0d00000, 0x00000000a0e00000, 0x00000000a0e00000|100%| S|CS|TAMS 0x00000000a0d00000| PB 0x00000000a0d00000| Complete 
| 526|0x00000000a0e00000, 0x00000000a0f00000, 0x00000000a0f00000|100%| S|CS|TAMS 0x00000000a0e00000| PB 0x00000000a0e00000| Complete 
| 527|0x00000000a0f00000, 0x00000000a1000000, 0x00000000a1000000|100%| S|CS|TAMS 0x00000000a0f00000| PB 0x00000000a0f00000| Complete 
| 528|0x00000000a1000000, 0x00000000a1100000, 0x00000000a1100000|100%| S|CS|TAMS 0x00000000a1000000| PB 0x00000000a1000000| Complete 
| 529|0x00000000a1100000, 0x00000000a1200000, 0x00000000a1200000|100%| S|CS|TAMS 0x00000000a1100000| PB 0x00000000a1100000| Complete 
| 530|0x00000000a1200000, 0x00000000a1300000, 0x00000000a1300000|100%| S|CS|TAMS 0x00000000a1200000| PB 0x00000000a1200000| Complete 
| 531|0x00000000a1300000, 0x00000000a1400000, 0x00000000a1400000|100%| S|CS|TAMS 0x00000000a1300000| PB 0x00000000a1300000| Complete 
| 532|0x00000000a1400000, 0x00000000a1500000, 0x00000000a1500000|100%| S|CS|TAMS 0x00000000a1400000| PB 0x00000000a1400000| Complete 
| 533|0x00000000a1500000, 0x00000000a1600000, 0x00000000a1600000|100%| E|CS|TAMS 0x00000000a1500000| PB 0x00000000a1500000| Complete 
| 534|0x00000000a1600000, 0x00000000a1700000, 0x00000000a1700000|100%| E|CS|TAMS 0x00000000a1600000| PB 0x00000000a1600000| Complete 
| 535|0x00000000a1700000, 0x00000000a1800000, 0x00000000a1800000|100%| E|CS|TAMS 0x00000000a1700000| PB 0x00000000a1700000| Complete 
| 536|0x00000000a1800000, 0x00000000a1900000, 0x00000000a1900000|100%| E|CS|TAMS 0x00000000a1800000| PB 0x00000000a1800000| Complete 
| 537|0x00000000a1900000, 0x00000000a1a00000, 0x00000000a1a00000|100%| E|CS|TAMS 0x00000000a1900000| PB 0x00000000a1900000| Complete 
| 538|0x00000000a1a00000, 0x00000000a1b00000, 0x00000000a1b00000|100%| E|CS|TAMS 0x00000000a1a00000| PB 0x00000000a1a00000| Complete 
| 539|0x00000000a1b00000, 0x00000000a1c00000, 0x00000000a1c00000|100%| E|CS|TAMS 0x00000000a1b00000| PB 0x00000000a1b00000| Complete 
| 540|0x00000000a1c00000, 0x00000000a1d00000, 0x00000000a1d00000|100%| E|CS|TAMS 0x00000000a1c00000| PB 0x00000000a1c00000| Complete 
| 541|0x00000000a1d00000, 0x00000000a1e00000, 0x00000000a1e00000|100%| E|CS|TAMS 0x00000000a1d00000| PB 0x00000000a1d00000| Complete 
| 542|0x00000000a1e00000, 0x00000000a1f00000, 0x00000000a1f00000|100%| E|CS|TAMS 0x00000000a1e00000| PB 0x00000000a1e00000| Complete 
| 543|0x00000000a1f00000, 0x00000000a2000000, 0x00000000a2000000|100%| E|CS|TAMS 0x00000000a1f00000| PB 0x00000000a1f00000| Complete 
| 544|0x00000000a2000000, 0x00000000a2100000, 0x00000000a2100000|100%| E|CS|TAMS 0x00000000a2000000| PB 0x00000000a2000000| Complete 
| 545|0x00000000a2100000, 0x00000000a2200000, 0x00000000a2200000|100%| E|CS|TAMS 0x00000000a2100000| PB 0x00000000a2100000| Complete 
| 546|0x00000000a2200000, 0x00000000a2300000, 0x00000000a2300000|100%| E|CS|TAMS 0x00000000a2200000| PB 0x00000000a2200000| Complete 
| 547|0x00000000a2300000, 0x00000000a2400000, 0x00000000a2400000|100%| E|CS|TAMS 0x00000000a2300000| PB 0x00000000a2300000| Complete 
| 548|0x00000000a2400000, 0x00000000a2500000, 0x00000000a2500000|100%| E|CS|TAMS 0x00000000a2400000| PB 0x00000000a2400000| Complete 
| 549|0x00000000a2500000, 0x00000000a2600000, 0x00000000a2600000|100%| E|CS|TAMS 0x00000000a2500000| PB 0x00000000a2500000| Complete 
| 550|0x00000000a2600000, 0x00000000a2700000, 0x00000000a2700000|100%| E|CS|TAMS 0x00000000a2600000| PB 0x00000000a2600000| Complete 
| 551|0x00000000a2700000, 0x00000000a2800000, 0x00000000a2800000|100%| E|CS|TAMS 0x00000000a2700000| PB 0x00000000a2700000| Complete 
| 552|0x00000000a2800000, 0x00000000a2900000, 0x00000000a2900000|100%| E|CS|TAMS 0x00000000a2800000| PB 0x00000000a2800000| Complete 
| 553|0x00000000a2900000, 0x00000000a2a00000, 0x00000000a2a00000|100%| E|CS|TAMS 0x00000000a2900000| PB 0x00000000a2900000| Complete 
| 554|0x00000000a2a00000, 0x00000000a2b00000, 0x00000000a2b00000|100%| E|CS|TAMS 0x00000000a2a00000| PB 0x00000000a2a00000| Complete 
| 555|0x00000000a2b00000, 0x00000000a2c00000, 0x00000000a2c00000|100%| E|CS|TAMS 0x00000000a2b00000| PB 0x00000000a2b00000| Complete 
| 556|0x00000000a2c00000, 0x00000000a2d00000, 0x00000000a2d00000|100%| E|CS|TAMS 0x00000000a2c00000| PB 0x00000000a2c00000| Complete 
| 557|0x00000000a2d00000, 0x00000000a2e00000, 0x00000000a2e00000|100%| E|CS|TAMS 0x00000000a2d00000| PB 0x00000000a2d00000| Complete 
| 558|0x00000000a2e00000, 0x00000000a2f00000, 0x00000000a2f00000|100%| E|CS|TAMS 0x00000000a2e00000| PB 0x00000000a2e00000| Complete 
| 559|0x00000000a2f00000, 0x00000000a3000000, 0x00000000a3000000|100%| E|CS|TAMS 0x00000000a2f00000| PB 0x00000000a2f00000| Complete 
| 560|0x00000000a3000000, 0x00000000a3100000, 0x00000000a3100000|100%| E|CS|TAMS 0x00000000a3000000| PB 0x00000000a3000000| Complete 
| 561|0x00000000a3100000, 0x00000000a3200000, 0x00000000a3200000|100%| E|CS|TAMS 0x00000000a3100000| PB 0x00000000a3100000| Complete 
| 562|0x00000000a3200000, 0x00000000a3300000, 0x00000000a3300000|100%| E|CS|TAMS 0x00000000a3200000| PB 0x00000000a3200000| Complete 
| 563|0x00000000a3300000, 0x00000000a3400000, 0x00000000a3400000|100%| E|CS|TAMS 0x00000000a3300000| PB 0x00000000a3300000| Complete 
| 564|0x00000000a3400000, 0x00000000a3500000, 0x00000000a3500000|100%| E|CS|TAMS 0x00000000a3400000| PB 0x00000000a3400000| Complete 
| 565|0x00000000a3500000, 0x00000000a3600000, 0x00000000a3600000|100%| E|CS|TAMS 0x00000000a3500000| PB 0x00000000a3500000| Complete 
| 566|0x00000000a3600000, 0x00000000a3700000, 0x00000000a3700000|100%| E|CS|TAMS 0x00000000a3600000| PB 0x00000000a3600000| Complete 
| 567|0x00000000a3700000, 0x00000000a3800000, 0x00000000a3800000|100%| E|CS|TAMS 0x00000000a3700000| PB 0x00000000a3700000| Complete 
| 568|0x00000000a3800000, 0x00000000a3900000, 0x00000000a3900000|100%| E|CS|TAMS 0x00000000a3800000| PB 0x00000000a3800000| Complete 
| 569|0x00000000a3900000, 0x00000000a3a00000, 0x00000000a3a00000|100%| E|CS|TAMS 0x00000000a3900000| PB 0x00000000a3900000| Complete 
| 570|0x00000000a3a00000, 0x00000000a3b00000, 0x00000000a3b00000|100%| E|CS|TAMS 0x00000000a3a00000| PB 0x00000000a3a00000| Complete 
| 571|0x00000000a3b00000, 0x00000000a3c00000, 0x00000000a3c00000|100%| E|CS|TAMS 0x00000000a3b00000| PB 0x00000000a3b00000| Complete 
| 572|0x00000000a3c00000, 0x00000000a3d00000, 0x00000000a3d00000|100%| E|CS|TAMS 0x00000000a3c00000| PB 0x00000000a3c00000| Complete 
| 573|0x00000000a3d00000, 0x00000000a3e00000, 0x00000000a3e00000|100%| E|CS|TAMS 0x00000000a3d00000| PB 0x00000000a3d00000| Complete 
| 574|0x00000000a3e00000, 0x00000000a3f00000, 0x00000000a3f00000|100%| E|CS|TAMS 0x00000000a3e00000| PB 0x00000000a3e00000| Complete 
| 575|0x00000000a3f00000, 0x00000000a4000000, 0x00000000a4000000|100%| E|CS|TAMS 0x00000000a3f00000| PB 0x00000000a3f00000| Complete 
| 576|0x00000000a4000000, 0x00000000a4100000, 0x00000000a4100000|100%| E|CS|TAMS 0x00000000a4000000| PB 0x00000000a4000000| Complete 
| 577|0x00000000a4100000, 0x00000000a4200000, 0x00000000a4200000|100%| E|CS|TAMS 0x00000000a4100000| PB 0x00000000a4100000| Complete 
| 578|0x00000000a4200000, 0x00000000a4300000, 0x00000000a4300000|100%| E|CS|TAMS 0x00000000a4200000| PB 0x00000000a4200000| Complete 
| 579|0x00000000a4300000, 0x00000000a4400000, 0x00000000a4400000|100%| E|CS|TAMS 0x00000000a4300000| PB 0x00000000a4300000| Complete 
| 580|0x00000000a4400000, 0x00000000a4500000, 0x00000000a4500000|100%| E|CS|TAMS 0x00000000a4400000| PB 0x00000000a4400000| Complete 
| 581|0x00000000a4500000, 0x00000000a4600000, 0x00000000a4600000|100%| E|CS|TAMS 0x00000000a4500000| PB 0x00000000a4500000| Complete 
| 582|0x00000000a4600000, 0x00000000a4700000, 0x00000000a4700000|100%| E|CS|TAMS 0x00000000a4600000| PB 0x00000000a4600000| Complete 
| 583|0x00000000a4700000, 0x00000000a4800000, 0x00000000a4800000|100%| E|CS|TAMS 0x00000000a4700000| PB 0x00000000a4700000| Complete 
| 584|0x00000000a4800000, 0x00000000a4900000, 0x00000000a4900000|100%| E|CS|TAMS 0x00000000a4800000| PB 0x00000000a4800000| Complete 
| 585|0x00000000a4900000, 0x00000000a4a00000, 0x00000000a4a00000|100%| E|CS|TAMS 0x00000000a4900000| PB 0x00000000a4900000| Complete 
| 586|0x00000000a4a00000, 0x00000000a4b00000, 0x00000000a4b00000|100%| E|CS|TAMS 0x00000000a4a00000| PB 0x00000000a4a00000| Complete 
| 587|0x00000000a4b00000, 0x00000000a4c00000, 0x00000000a4c00000|100%| E|CS|TAMS 0x00000000a4b00000| PB 0x00000000a4b00000| Complete 
| 588|0x00000000a4c00000, 0x00000000a4d00000, 0x00000000a4d00000|100%| E|CS|TAMS 0x00000000a4c00000| PB 0x00000000a4c00000| Complete 
| 589|0x00000000a4d00000, 0x00000000a4e00000, 0x00000000a4e00000|100%| E|CS|TAMS 0x00000000a4d00000| PB 0x00000000a4d00000| Complete 
| 590|0x00000000a4e00000, 0x00000000a4f00000, 0x00000000a4f00000|100%| E|CS|TAMS 0x00000000a4e00000| PB 0x00000000a4e00000| Complete 
| 591|0x00000000a4f00000, 0x00000000a5000000, 0x00000000a5000000|100%| E|CS|TAMS 0x00000000a4f00000| PB 0x00000000a4f00000| Complete 
| 592|0x00000000a5000000, 0x00000000a5100000, 0x00000000a5100000|100%| E|CS|TAMS 0x00000000a5000000| PB 0x00000000a5000000| Complete 
| 593|0x00000000a5100000, 0x00000000a5200000, 0x00000000a5200000|100%| E|CS|TAMS 0x00000000a5100000| PB 0x00000000a5100000| Complete 
| 594|0x00000000a5200000, 0x00000000a5300000, 0x00000000a5300000|100%| E|CS|TAMS 0x00000000a5200000| PB 0x00000000a5200000| Complete 
| 595|0x00000000a5300000, 0x00000000a5400000, 0x00000000a5400000|100%| E|CS|TAMS 0x00000000a5300000| PB 0x00000000a5300000| Complete 
| 596|0x00000000a5400000, 0x00000000a5500000, 0x00000000a5500000|100%| E|CS|TAMS 0x00000000a5400000| PB 0x00000000a5400000| Complete 
| 597|0x00000000a5500000, 0x00000000a5600000, 0x00000000a5600000|100%| E|CS|TAMS 0x00000000a5500000| PB 0x00000000a5500000| Complete 
| 598|0x00000000a5600000, 0x00000000a5700000, 0x00000000a5700000|100%| E|CS|TAMS 0x00000000a5600000| PB 0x00000000a5600000| Complete 
| 599|0x00000000a5700000, 0x00000000a5800000, 0x00000000a5800000|100%| E|CS|TAMS 0x00000000a5700000| PB 0x00000000a5700000| Complete 
| 600|0x00000000a5800000, 0x00000000a5900000, 0x00000000a5900000|100%| E|CS|TAMS 0x00000000a5800000| PB 0x00000000a5800000| Complete 
| 601|0x00000000a5900000, 0x00000000a5a00000, 0x00000000a5a00000|100%| E|CS|TAMS 0x00000000a5900000| PB 0x00000000a5900000| Complete 
| 602|0x00000000a5a00000, 0x00000000a5b00000, 0x00000000a5b00000|100%| E|CS|TAMS 0x00000000a5a00000| PB 0x00000000a5a00000| Complete 
| 603|0x00000000a5b00000, 0x00000000a5c00000, 0x00000000a5c00000|100%| E|CS|TAMS 0x00000000a5b00000| PB 0x00000000a5b00000| Complete 
| 604|0x00000000a5c00000, 0x00000000a5d00000, 0x00000000a5d00000|100%| E|CS|TAMS 0x00000000a5c00000| PB 0x00000000a5c00000| Complete 
| 605|0x00000000a5d00000, 0x00000000a5e00000, 0x00000000a5e00000|100%| E|CS|TAMS 0x00000000a5d00000| PB 0x00000000a5d00000| Complete 
| 606|0x00000000a5e00000, 0x00000000a5f00000, 0x00000000a5f00000|100%| E|CS|TAMS 0x00000000a5e00000| PB 0x00000000a5e00000| Complete 
| 607|0x00000000a5f00000, 0x00000000a6000000, 0x00000000a6000000|100%| E|CS|TAMS 0x00000000a5f00000| PB 0x00000000a5f00000| Complete 
| 608|0x00000000a6000000, 0x00000000a6100000, 0x00000000a6100000|100%| E|CS|TAMS 0x00000000a6000000| PB 0x00000000a6000000| Complete 
| 609|0x00000000a6100000, 0x00000000a6200000, 0x00000000a6200000|100%| E|CS|TAMS 0x00000000a6100000| PB 0x00000000a6100000| Complete 
| 610|0x00000000a6200000, 0x00000000a6300000, 0x00000000a6300000|100%| E|CS|TAMS 0x00000000a6200000| PB 0x00000000a6200000| Complete 
| 611|0x00000000a6300000, 0x00000000a6400000, 0x00000000a6400000|100%| E|CS|TAMS 0x00000000a6300000| PB 0x00000000a6300000| Complete 
| 612|0x00000000a6400000, 0x00000000a6500000, 0x00000000a6500000|100%| E|CS|TAMS 0x00000000a6400000| PB 0x00000000a6400000| Complete 
| 613|0x00000000a6500000, 0x00000000a6600000, 0x00000000a6600000|100%| E|CS|TAMS 0x00000000a6500000| PB 0x00000000a6500000| Complete 
| 614|0x00000000a6600000, 0x00000000a6700000, 0x00000000a6700000|100%| E|CS|TAMS 0x00000000a6600000| PB 0x00000000a6600000| Complete 
| 615|0x00000000a6700000, 0x00000000a6800000, 0x00000000a6800000|100%| E|CS|TAMS 0x00000000a6700000| PB 0x00000000a6700000| Complete 
| 616|0x00000000a6800000, 0x00000000a6900000, 0x00000000a6900000|100%| E|CS|TAMS 0x00000000a6800000| PB 0x00000000a6800000| Complete 
| 617|0x00000000a6900000, 0x00000000a6a00000, 0x00000000a6a00000|100%| E|CS|TAMS 0x00000000a6900000| PB 0x00000000a6900000| Complete 
| 618|0x00000000a6a00000, 0x00000000a6b00000, 0x00000000a6b00000|100%| E|CS|TAMS 0x00000000a6a00000| PB 0x00000000a6a00000| Complete 
| 619|0x00000000a6b00000, 0x00000000a6c00000, 0x00000000a6c00000|100%| E|CS|TAMS 0x00000000a6b00000| PB 0x00000000a6b00000| Complete 
| 620|0x00000000a6c00000, 0x00000000a6d00000, 0x00000000a6d00000|100%| E|CS|TAMS 0x00000000a6c00000| PB 0x00000000a6c00000| Complete 
| 621|0x00000000a6d00000, 0x00000000a6e00000, 0x00000000a6e00000|100%| E|CS|TAMS 0x00000000a6d00000| PB 0x00000000a6d00000| Complete 
| 622|0x00000000a6e00000, 0x00000000a6f00000, 0x00000000a6f00000|100%| E|CS|TAMS 0x00000000a6e00000| PB 0x00000000a6e00000| Complete 
| 623|0x00000000a6f00000, 0x00000000a7000000, 0x00000000a7000000|100%| E|CS|TAMS 0x00000000a6f00000| PB 0x00000000a6f00000| Complete 
| 624|0x00000000a7000000, 0x00000000a7100000, 0x00000000a7100000|100%| E|CS|TAMS 0x00000000a7000000| PB 0x00000000a7000000| Complete 
| 625|0x00000000a7100000, 0x00000000a7200000, 0x00000000a7200000|100%| E|CS|TAMS 0x00000000a7100000| PB 0x00000000a7100000| Complete 
| 626|0x00000000a7200000, 0x00000000a7300000, 0x00000000a7300000|100%| E|CS|TAMS 0x00000000a7200000| PB 0x00000000a7200000| Complete 
| 627|0x00000000a7300000, 0x00000000a7400000, 0x00000000a7400000|100%| E|CS|TAMS 0x00000000a7300000| PB 0x00000000a7300000| Complete 
| 628|0x00000000a7400000, 0x00000000a7500000, 0x00000000a7500000|100%| E|CS|TAMS 0x00000000a7400000| PB 0x00000000a7400000| Complete 
| 629|0x00000000a7500000, 0x00000000a7600000, 0x00000000a7600000|100%| E|CS|TAMS 0x00000000a7500000| PB 0x00000000a7500000| Complete 
| 630|0x00000000a7600000, 0x00000000a7700000, 0x00000000a7700000|100%| E|CS|TAMS 0x00000000a7600000| PB 0x00000000a7600000| Complete 
| 631|0x00000000a7700000, 0x00000000a7800000, 0x00000000a7800000|100%| E|CS|TAMS 0x00000000a7700000| PB 0x00000000a7700000| Complete 
| 632|0x00000000a7800000, 0x00000000a7900000, 0x00000000a7900000|100%| E|CS|TAMS 0x00000000a7800000| PB 0x00000000a7800000| Complete 
| 633|0x00000000a7900000, 0x00000000a7a00000, 0x00000000a7a00000|100%| E|CS|TAMS 0x00000000a7900000| PB 0x00000000a7900000| Complete 
| 634|0x00000000a7a00000, 0x00000000a7b00000, 0x00000000a7b00000|100%| E|CS|TAMS 0x00000000a7a00000| PB 0x00000000a7a00000| Complete 
| 635|0x00000000a7b00000, 0x00000000a7c00000, 0x00000000a7c00000|100%| E|CS|TAMS 0x00000000a7b00000| PB 0x00000000a7b00000| Complete 
| 636|0x00000000a7c00000, 0x00000000a7d00000, 0x00000000a7d00000|100%| E|CS|TAMS 0x00000000a7c00000| PB 0x00000000a7c00000| Complete 
| 637|0x00000000a7d00000, 0x00000000a7e00000, 0x00000000a7e00000|100%| E|CS|TAMS 0x00000000a7d00000| PB 0x00000000a7d00000| Complete 
| 638|0x00000000a7e00000, 0x00000000a7f00000, 0x00000000a7f00000|100%| E|CS|TAMS 0x00000000a7e00000| PB 0x00000000a7e00000| Complete 
| 639|0x00000000a7f00000, 0x00000000a8000000, 0x00000000a8000000|100%| E|CS|TAMS 0x00000000a7f00000| PB 0x00000000a7f00000| Complete 
| 640|0x00000000a8000000, 0x00000000a8100000, 0x00000000a8100000|100%| E|CS|TAMS 0x00000000a8000000| PB 0x00000000a8000000| Complete 
| 641|0x00000000a8100000, 0x00000000a8200000, 0x00000000a8200000|100%| E|CS|TAMS 0x00000000a8100000| PB 0x00000000a8100000| Complete 
| 642|0x00000000a8200000, 0x00000000a8300000, 0x00000000a8300000|100%| E|CS|TAMS 0x00000000a8200000| PB 0x00000000a8200000| Complete 
| 643|0x00000000a8300000, 0x00000000a8400000, 0x00000000a8400000|100%| E|CS|TAMS 0x00000000a8300000| PB 0x00000000a8300000| Complete 
| 644|0x00000000a8400000, 0x00000000a8500000, 0x00000000a8500000|100%| E|CS|TAMS 0x00000000a8400000| PB 0x00000000a8400000| Complete 
| 645|0x00000000a8500000, 0x00000000a8600000, 0x00000000a8600000|100%| E|CS|TAMS 0x00000000a8500000| PB 0x00000000a8500000| Complete 
| 646|0x00000000a8600000, 0x00000000a8700000, 0x00000000a8700000|100%| E|CS|TAMS 0x00000000a8600000| PB 0x00000000a8600000| Complete 
| 647|0x00000000a8700000, 0x00000000a8800000, 0x00000000a8800000|100%| E|CS|TAMS 0x00000000a8700000| PB 0x00000000a8700000| Complete 
| 648|0x00000000a8800000, 0x00000000a8900000, 0x00000000a8900000|100%| E|CS|TAMS 0x00000000a8800000| PB 0x00000000a8800000| Complete 
| 649|0x00000000a8900000, 0x00000000a8a00000, 0x00000000a8a00000|100%| E|CS|TAMS 0x00000000a8900000| PB 0x00000000a8900000| Complete 
| 650|0x00000000a8a00000, 0x00000000a8b00000, 0x00000000a8b00000|100%| E|CS|TAMS 0x00000000a8a00000| PB 0x00000000a8a00000| Complete 
| 651|0x00000000a8b00000, 0x00000000a8c00000, 0x00000000a8c00000|100%| E|CS|TAMS 0x00000000a8b00000| PB 0x00000000a8b00000| Complete 
| 652|0x00000000a8c00000, 0x00000000a8d00000, 0x00000000a8d00000|100%| E|CS|TAMS 0x00000000a8c00000| PB 0x00000000a8c00000| Complete 
| 653|0x00000000a8d00000, 0x00000000a8e00000, 0x00000000a8e00000|100%| E|CS|TAMS 0x00000000a8d00000| PB 0x00000000a8d00000| Complete 
| 654|0x00000000a8e00000, 0x00000000a8f00000, 0x00000000a8f00000|100%| E|CS|TAMS 0x00000000a8e00000| PB 0x00000000a8e00000| Complete 
| 655|0x00000000a8f00000, 0x00000000a9000000, 0x00000000a9000000|100%| E|CS|TAMS 0x00000000a8f00000| PB 0x00000000a8f00000| Complete 
| 656|0x00000000a9000000, 0x00000000a9100000, 0x00000000a9100000|100%| E|CS|TAMS 0x00000000a9000000| PB 0x00000000a9000000| Complete 
| 657|0x00000000a9100000, 0x00000000a9200000, 0x00000000a9200000|100%| E|CS|TAMS 0x00000000a9100000| PB 0x00000000a9100000| Complete 
| 658|0x00000000a9200000, 0x00000000a9300000, 0x00000000a9300000|100%| E|CS|TAMS 0x00000000a9200000| PB 0x00000000a9200000| Complete 
| 659|0x00000000a9300000, 0x00000000a9400000, 0x00000000a9400000|100%| E|CS|TAMS 0x00000000a9300000| PB 0x00000000a9300000| Complete 
| 660|0x00000000a9400000, 0x00000000a9500000, 0x00000000a9500000|100%| E|CS|TAMS 0x00000000a9400000| PB 0x00000000a9400000| Complete 
| 661|0x00000000a9500000, 0x00000000a9600000, 0x00000000a9600000|100%| E|CS|TAMS 0x00000000a9500000| PB 0x00000000a9500000| Complete 
| 662|0x00000000a9600000, 0x00000000a9700000, 0x00000000a9700000|100%| E|CS|TAMS 0x00000000a9600000| PB 0x00000000a9600000| Complete 
| 663|0x00000000a9700000, 0x00000000a9800000, 0x00000000a9800000|100%| E|CS|TAMS 0x00000000a9700000| PB 0x00000000a9700000| Complete 
| 664|0x00000000a9800000, 0x00000000a9900000, 0x00000000a9900000|100%| E|CS|TAMS 0x00000000a9800000| PB 0x00000000a9800000| Complete 
| 665|0x00000000a9900000, 0x00000000a9a00000, 0x00000000a9a00000|100%| E|CS|TAMS 0x00000000a9900000| PB 0x00000000a9900000| Complete 
| 666|0x00000000a9a00000, 0x00000000a9b00000, 0x00000000a9b00000|100%| E|CS|TAMS 0x00000000a9a00000| PB 0x00000000a9a00000| Complete 
| 667|0x00000000a9b00000, 0x00000000a9c00000, 0x00000000a9c00000|100%| E|CS|TAMS 0x00000000a9b00000| PB 0x00000000a9b00000| Complete 
| 668|0x00000000a9c00000, 0x00000000a9d00000, 0x00000000a9d00000|100%| E|CS|TAMS 0x00000000a9c00000| PB 0x00000000a9c00000| Complete 
| 669|0x00000000a9d00000, 0x00000000a9e00000, 0x00000000a9e00000|100%| E|CS|TAMS 0x00000000a9d00000| PB 0x00000000a9d00000| Complete 
| 670|0x00000000a9e00000, 0x00000000a9f00000, 0x00000000a9f00000|100%| E|CS|TAMS 0x00000000a9e00000| PB 0x00000000a9e00000| Complete 
| 671|0x00000000a9f00000, 0x00000000aa000000, 0x00000000aa000000|100%| E|CS|TAMS 0x00000000a9f00000| PB 0x00000000a9f00000| Complete 
| 672|0x00000000aa000000, 0x00000000aa100000, 0x00000000aa100000|100%| E|CS|TAMS 0x00000000aa000000| PB 0x00000000aa000000| Complete 
| 673|0x00000000aa100000, 0x00000000aa200000, 0x00000000aa200000|100%| E|CS|TAMS 0x00000000aa100000| PB 0x00000000aa100000| Complete 
| 674|0x00000000aa200000, 0x00000000aa300000, 0x00000000aa300000|100%| E|CS|TAMS 0x00000000aa200000| PB 0x00000000aa200000| Complete 
| 675|0x00000000aa300000, 0x00000000aa400000, 0x00000000aa400000|100%| E|CS|TAMS 0x00000000aa300000| PB 0x00000000aa300000| Complete 
| 676|0x00000000aa400000, 0x00000000aa500000, 0x00000000aa500000|100%| E|CS|TAMS 0x00000000aa400000| PB 0x00000000aa400000| Complete 
| 677|0x00000000aa500000, 0x00000000aa600000, 0x00000000aa600000|100%| E|CS|TAMS 0x00000000aa500000| PB 0x00000000aa500000| Complete 
| 678|0x00000000aa600000, 0x00000000aa700000, 0x00000000aa700000|100%| E|CS|TAMS 0x00000000aa600000| PB 0x00000000aa600000| Complete 
| 679|0x00000000aa700000, 0x00000000aa800000, 0x00000000aa800000|100%| E|CS|TAMS 0x00000000aa700000| PB 0x00000000aa700000| Complete 
| 680|0x00000000aa800000, 0x00000000aa900000, 0x00000000aa900000|100%| E|CS|TAMS 0x00000000aa800000| PB 0x00000000aa800000| Complete 
| 681|0x00000000aa900000, 0x00000000aaa00000, 0x00000000aaa00000|100%| E|CS|TAMS 0x00000000aa900000| PB 0x00000000aa900000| Complete 
| 682|0x00000000aaa00000, 0x00000000aab00000, 0x00000000aab00000|100%| E|CS|TAMS 0x00000000aaa00000| PB 0x00000000aaa00000| Complete 
| 683|0x00000000aab00000, 0x00000000aac00000, 0x00000000aac00000|100%| E|CS|TAMS 0x00000000aab00000| PB 0x00000000aab00000| Complete 
| 684|0x00000000aac00000, 0x00000000aad00000, 0x00000000aad00000|100%| E|CS|TAMS 0x00000000aac00000| PB 0x00000000aac00000| Complete 
| 685|0x00000000aad00000, 0x00000000aae00000, 0x00000000aae00000|100%| E|CS|TAMS 0x00000000aad00000| PB 0x00000000aad00000| Complete 
| 686|0x00000000aae00000, 0x00000000aaf00000, 0x00000000aaf00000|100%| E|CS|TAMS 0x00000000aae00000| PB 0x00000000aae00000| Complete 
| 687|0x00000000aaf00000, 0x00000000ab000000, 0x00000000ab000000|100%| E|CS|TAMS 0x00000000aaf00000| PB 0x00000000aaf00000| Complete 
| 688|0x00000000ab000000, 0x00000000ab100000, 0x00000000ab100000|100%| E|CS|TAMS 0x00000000ab000000| PB 0x00000000ab000000| Complete 
| 689|0x00000000ab100000, 0x00000000ab200000, 0x00000000ab200000|100%| E|CS|TAMS 0x00000000ab100000| PB 0x00000000ab100000| Complete 
| 690|0x00000000ab200000, 0x00000000ab300000, 0x00000000ab300000|100%| E|CS|TAMS 0x00000000ab200000| PB 0x00000000ab200000| Complete 
| 691|0x00000000ab300000, 0x00000000ab400000, 0x00000000ab400000|100%| E|CS|TAMS 0x00000000ab300000| PB 0x00000000ab300000| Complete 
| 692|0x00000000ab400000, 0x00000000ab500000, 0x00000000ab500000|100%| E|CS|TAMS 0x00000000ab400000| PB 0x00000000ab400000| Complete 
| 693|0x00000000ab500000, 0x00000000ab600000, 0x00000000ab600000|100%| E|CS|TAMS 0x00000000ab500000| PB 0x00000000ab500000| Complete 
| 694|0x00000000ab600000, 0x00000000ab700000, 0x00000000ab700000|100%| E|CS|TAMS 0x00000000ab600000| PB 0x00000000ab600000| Complete 
| 695|0x00000000ab700000, 0x00000000ab800000, 0x00000000ab800000|100%| E|CS|TAMS 0x00000000ab700000| PB 0x00000000ab700000| Complete 
| 696|0x00000000ab800000, 0x00000000ab900000, 0x00000000ab900000|100%| E|CS|TAMS 0x00000000ab800000| PB 0x00000000ab800000| Complete 
| 697|0x00000000ab900000, 0x00000000aba00000, 0x00000000aba00000|100%| E|CS|TAMS 0x00000000ab900000| PB 0x00000000ab900000| Complete 
| 698|0x00000000aba00000, 0x00000000abb00000, 0x00000000abb00000|100%| E|CS|TAMS 0x00000000aba00000| PB 0x00000000aba00000| Complete 
| 699|0x00000000abb00000, 0x00000000abc00000, 0x00000000abc00000|100%| E|CS|TAMS 0x00000000abb00000| PB 0x00000000abb00000| Complete 
| 700|0x00000000abc00000, 0x00000000abd00000, 0x00000000abd00000|100%| E|CS|TAMS 0x00000000abc00000| PB 0x00000000abc00000| Complete 
| 701|0x00000000abd00000, 0x00000000abe00000, 0x00000000abe00000|100%| E|CS|TAMS 0x00000000abd00000| PB 0x00000000abd00000| Complete 
| 702|0x00000000abe00000, 0x00000000abf00000, 0x00000000abf00000|100%| E|CS|TAMS 0x00000000abe00000| PB 0x00000000abe00000| Complete 
| 703|0x00000000abf00000, 0x00000000ac000000, 0x00000000ac000000|100%| E|CS|TAMS 0x00000000abf00000| PB 0x00000000abf00000| Complete 
| 704|0x00000000ac000000, 0x00000000ac100000, 0x00000000ac100000|100%| E|CS|TAMS 0x00000000ac000000| PB 0x00000000ac000000| Complete 
| 705|0x00000000ac100000, 0x00000000ac200000, 0x00000000ac200000|100%| E|CS|TAMS 0x00000000ac100000| PB 0x00000000ac100000| Complete 
| 706|0x00000000ac200000, 0x00000000ac300000, 0x00000000ac300000|100%| E|CS|TAMS 0x00000000ac200000| PB 0x00000000ac200000| Complete 
| 707|0x00000000ac300000, 0x00000000ac400000, 0x00000000ac400000|100%| E|CS|TAMS 0x00000000ac300000| PB 0x00000000ac300000| Complete 
| 708|0x00000000ac400000, 0x00000000ac500000, 0x00000000ac500000|100%| E|CS|TAMS 0x00000000ac400000| PB 0x00000000ac400000| Complete 
| 709|0x00000000ac500000, 0x00000000ac600000, 0x00000000ac600000|100%| E|CS|TAMS 0x00000000ac500000| PB 0x00000000ac500000| Complete 
| 710|0x00000000ac600000, 0x00000000ac700000, 0x00000000ac700000|100%| E|CS|TAMS 0x00000000ac600000| PB 0x00000000ac600000| Complete 
| 711|0x00000000ac700000, 0x00000000ac800000, 0x00000000ac800000|100%| E|CS|TAMS 0x00000000ac700000| PB 0x00000000ac700000| Complete 
| 712|0x00000000ac800000, 0x00000000ac900000, 0x00000000ac900000|100%| E|CS|TAMS 0x00000000ac800000| PB 0x00000000ac800000| Complete 
| 713|0x00000000ac900000, 0x00000000aca00000, 0x00000000aca00000|100%| E|CS|TAMS 0x00000000ac900000| PB 0x00000000ac900000| Complete 
| 714|0x00000000aca00000, 0x00000000acb00000, 0x00000000acb00000|100%| E|CS|TAMS 0x00000000aca00000| PB 0x00000000aca00000| Complete 
| 715|0x00000000acb00000, 0x00000000acc00000, 0x00000000acc00000|100%| E|CS|TAMS 0x00000000acb00000| PB 0x00000000acb00000| Complete 
| 716|0x00000000acc00000, 0x00000000acd00000, 0x00000000acd00000|100%| E|CS|TAMS 0x00000000acc00000| PB 0x00000000acc00000| Complete 
| 717|0x00000000acd00000, 0x00000000ace00000, 0x00000000ace00000|100%| E|CS|TAMS 0x00000000acd00000| PB 0x00000000acd00000| Complete 
| 718|0x00000000ace00000, 0x00000000acf00000, 0x00000000acf00000|100%| E|CS|TAMS 0x00000000ace00000| PB 0x00000000ace00000| Complete 
| 719|0x00000000acf00000, 0x00000000ad000000, 0x00000000ad000000|100%| E|CS|TAMS 0x00000000acf00000| PB 0x00000000acf00000| Complete 
| 720|0x00000000ad000000, 0x00000000ad100000, 0x00000000ad100000|100%| E|CS|TAMS 0x00000000ad000000| PB 0x00000000ad000000| Complete 
| 721|0x00000000ad100000, 0x00000000ad200000, 0x00000000ad200000|100%| E|CS|TAMS 0x00000000ad100000| PB 0x00000000ad100000| Complete 
| 722|0x00000000ad200000, 0x00000000ad300000, 0x00000000ad300000|100%| E|CS|TAMS 0x00000000ad200000| PB 0x00000000ad200000| Complete 
| 723|0x00000000ad300000, 0x00000000ad400000, 0x00000000ad400000|100%| E|CS|TAMS 0x00000000ad300000| PB 0x00000000ad300000| Complete 
| 724|0x00000000ad400000, 0x00000000ad500000, 0x00000000ad500000|100%| E|CS|TAMS 0x00000000ad400000| PB 0x00000000ad400000| Complete 
| 725|0x00000000ad500000, 0x00000000ad600000, 0x00000000ad600000|100%| E|CS|TAMS 0x00000000ad500000| PB 0x00000000ad500000| Complete 
| 726|0x00000000ad600000, 0x00000000ad700000, 0x00000000ad700000|100%| E|CS|TAMS 0x00000000ad600000| PB 0x00000000ad600000| Complete 
| 727|0x00000000ad700000, 0x00000000ad800000, 0x00000000ad800000|100%| E|CS|TAMS 0x00000000ad700000| PB 0x00000000ad700000| Complete 
| 728|0x00000000ad800000, 0x00000000ad900000, 0x00000000ad900000|100%| E|CS|TAMS 0x00000000ad800000| PB 0x00000000ad800000| Complete 
| 729|0x00000000ad900000, 0x00000000ada00000, 0x00000000ada00000|100%| E|CS|TAMS 0x00000000ad900000| PB 0x00000000ad900000| Complete 
| 730|0x00000000ada00000, 0x00000000adb00000, 0x00000000adb00000|100%| E|CS|TAMS 0x00000000ada00000| PB 0x00000000ada00000| Complete 
| 731|0x00000000adb00000, 0x00000000adc00000, 0x00000000adc00000|100%| E|CS|TAMS 0x00000000adb00000| PB 0x00000000adb00000| Complete 
| 732|0x00000000adc00000, 0x00000000add00000, 0x00000000add00000|100%| E|CS|TAMS 0x00000000adc00000| PB 0x00000000adc00000| Complete 
| 733|0x00000000add00000, 0x00000000ade00000, 0x00000000ade00000|100%| E|CS|TAMS 0x00000000add00000| PB 0x00000000add00000| Complete 
| 734|0x00000000ade00000, 0x00000000adf00000, 0x00000000adf00000|100%| E|CS|TAMS 0x00000000ade00000| PB 0x00000000ade00000| Complete 
| 735|0x00000000adf00000, 0x00000000ae000000, 0x00000000ae000000|100%| E|CS|TAMS 0x00000000adf00000| PB 0x00000000adf00000| Complete 
| 736|0x00000000ae000000, 0x00000000ae100000, 0x00000000ae100000|100%| E|CS|TAMS 0x00000000ae000000| PB 0x00000000ae000000| Complete 
| 737|0x00000000ae100000, 0x00000000ae200000, 0x00000000ae200000|100%| E|CS|TAMS 0x00000000ae100000| PB 0x00000000ae100000| Complete 
| 738|0x00000000ae200000, 0x00000000ae300000, 0x00000000ae300000|100%| E|CS|TAMS 0x00000000ae200000| PB 0x00000000ae200000| Complete 
| 739|0x00000000ae300000, 0x00000000ae400000, 0x00000000ae400000|100%| E|CS|TAMS 0x00000000ae300000| PB 0x00000000ae300000| Complete 
| 740|0x00000000ae400000, 0x00000000ae500000, 0x00000000ae500000|100%| E|CS|TAMS 0x00000000ae400000| PB 0x00000000ae400000| Complete 
| 741|0x00000000ae500000, 0x00000000ae600000, 0x00000000ae600000|100%| E|CS|TAMS 0x00000000ae500000| PB 0x00000000ae500000| Complete 
| 742|0x00000000ae600000, 0x00000000ae700000, 0x00000000ae700000|100%| E|CS|TAMS 0x00000000ae600000| PB 0x00000000ae600000| Complete 
| 743|0x00000000ae700000, 0x00000000ae800000, 0x00000000ae800000|100%| E|CS|TAMS 0x00000000ae700000| PB 0x00000000ae700000| Complete 
| 744|0x00000000ae800000, 0x00000000ae900000, 0x00000000ae900000|100%| E|CS|TAMS 0x00000000ae800000| PB 0x00000000ae800000| Complete 
| 745|0x00000000ae900000, 0x00000000aea00000, 0x00000000aea00000|100%| E|CS|TAMS 0x00000000ae900000| PB 0x00000000ae900000| Complete 
| 746|0x00000000aea00000, 0x00000000aeb00000, 0x00000000aeb00000|100%| E|CS|TAMS 0x00000000aea00000| PB 0x00000000aea00000| Complete 
| 747|0x00000000aeb00000, 0x00000000aec00000, 0x00000000aec00000|100%| E|CS|TAMS 0x00000000aeb00000| PB 0x00000000aeb00000| Complete 
| 748|0x00000000aec00000, 0x00000000aed00000, 0x00000000aed00000|100%| E|CS|TAMS 0x00000000aec00000| PB 0x00000000aec00000| Complete 
| 749|0x00000000aed00000, 0x00000000aee00000, 0x00000000aee00000|100%| E|CS|TAMS 0x00000000aed00000| PB 0x00000000aed00000| Complete 
| 750|0x00000000aee00000, 0x00000000aef00000, 0x00000000aef00000|100%| E|CS|TAMS 0x00000000aee00000| PB 0x00000000aee00000| Complete 
| 751|0x00000000aef00000, 0x00000000af000000, 0x00000000af000000|100%| E|CS|TAMS 0x00000000aef00000| PB 0x00000000aef00000| Complete 
| 752|0x00000000af000000, 0x00000000af100000, 0x00000000af100000|100%| E|CS|TAMS 0x00000000af000000| PB 0x00000000af000000| Complete 
| 753|0x00000000af100000, 0x00000000af200000, 0x00000000af200000|100%| E|CS|TAMS 0x00000000af100000| PB 0x00000000af100000| Complete 
| 754|0x00000000af200000, 0x00000000af300000, 0x00000000af300000|100%| E|CS|TAMS 0x00000000af200000| PB 0x00000000af200000| Complete 
| 755|0x00000000af300000, 0x00000000af400000, 0x00000000af400000|100%| E|CS|TAMS 0x00000000af300000| PB 0x00000000af300000| Complete 
| 756|0x00000000af400000, 0x00000000af500000, 0x00000000af500000|100%| E|CS|TAMS 0x00000000af400000| PB 0x00000000af400000| Complete 
| 757|0x00000000af500000, 0x00000000af600000, 0x00000000af600000|100%| E|CS|TAMS 0x00000000af500000| PB 0x00000000af500000| Complete 
| 758|0x00000000af600000, 0x00000000af700000, 0x00000000af700000|100%| E|CS|TAMS 0x00000000af600000| PB 0x00000000af600000| Complete 
| 759|0x00000000af700000, 0x00000000af800000, 0x00000000af800000|100%| E|CS|TAMS 0x00000000af700000| PB 0x00000000af700000| Complete 
| 760|0x00000000af800000, 0x00000000af900000, 0x00000000af900000|100%| E|CS|TAMS 0x00000000af800000| PB 0x00000000af800000| Complete 
| 761|0x00000000af900000, 0x00000000afa00000, 0x00000000afa00000|100%| E|CS|TAMS 0x00000000af900000| PB 0x00000000af900000| Complete 
| 762|0x00000000afa00000, 0x00000000afb00000, 0x00000000afb00000|100%| E|CS|TAMS 0x00000000afa00000| PB 0x00000000afa00000| Complete 
| 763|0x00000000afb00000, 0x00000000afc00000, 0x00000000afc00000|100%| E|CS|TAMS 0x00000000afb00000| PB 0x00000000afb00000| Complete 
| 764|0x00000000afc00000, 0x00000000afd00000, 0x00000000afd00000|100%| E|CS|TAMS 0x00000000afc00000| PB 0x00000000afc00000| Complete 
| 765|0x00000000afd00000, 0x00000000afe00000, 0x00000000afe00000|100%| E|CS|TAMS 0x00000000afd00000| PB 0x00000000afd00000| Complete 
| 766|0x00000000afe00000, 0x00000000aff00000, 0x00000000aff00000|100%| E|CS|TAMS 0x00000000afe00000| PB 0x00000000afe00000| Complete 
| 767|0x00000000aff00000, 0x00000000b0000000, 0x00000000b0000000|100%| E|CS|TAMS 0x00000000aff00000| PB 0x00000000aff00000| Complete 
| 768|0x00000000b0000000, 0x00000000b0100000, 0x00000000b0100000|100%| E|CS|TAMS 0x00000000b0000000| PB 0x00000000b0000000| Complete 
| 769|0x00000000b0100000, 0x00000000b0200000, 0x00000000b0200000|100%| E|CS|TAMS 0x00000000b0100000| PB 0x00000000b0100000| Complete 
| 770|0x00000000b0200000, 0x00000000b0300000, 0x00000000b0300000|100%| E|CS|TAMS 0x00000000b0200000| PB 0x00000000b0200000| Complete 
| 771|0x00000000b0300000, 0x00000000b0400000, 0x00000000b0400000|100%| E|CS|TAMS 0x00000000b0300000| PB 0x00000000b0300000| Complete 
| 772|0x00000000b0400000, 0x00000000b0500000, 0x00000000b0500000|100%| E|CS|TAMS 0x00000000b0400000| PB 0x00000000b0400000| Complete 
| 773|0x00000000b0500000, 0x00000000b0600000, 0x00000000b0600000|100%| E|CS|TAMS 0x00000000b0500000| PB 0x00000000b0500000| Complete 
| 774|0x00000000b0600000, 0x00000000b0700000, 0x00000000b0700000|100%| E|CS|TAMS 0x00000000b0600000| PB 0x00000000b0600000| Complete 
| 775|0x00000000b0700000, 0x00000000b0800000, 0x00000000b0800000|100%| E|CS|TAMS 0x00000000b0700000| PB 0x00000000b0700000| Complete 
| 776|0x00000000b0800000, 0x00000000b0900000, 0x00000000b0900000|100%| E|CS|TAMS 0x00000000b0800000| PB 0x00000000b0800000| Complete 
| 777|0x00000000b0900000, 0x00000000b0a00000, 0x00000000b0a00000|100%| E|CS|TAMS 0x00000000b0900000| PB 0x00000000b0900000| Complete 
| 778|0x00000000b0a00000, 0x00000000b0b00000, 0x00000000b0b00000|100%| E|CS|TAMS 0x00000000b0a00000| PB 0x00000000b0a00000| Complete 
| 779|0x00000000b0b00000, 0x00000000b0c00000, 0x00000000b0c00000|100%| E|CS|TAMS 0x00000000b0b00000| PB 0x00000000b0b00000| Complete 
| 780|0x00000000b0c00000, 0x00000000b0d00000, 0x00000000b0d00000|100%| E|CS|TAMS 0x00000000b0c00000| PB 0x00000000b0c00000| Complete 
| 781|0x00000000b0d00000, 0x00000000b0e00000, 0x00000000b0e00000|100%| E|CS|TAMS 0x00000000b0d00000| PB 0x00000000b0d00000| Complete 
| 782|0x00000000b0e00000, 0x00000000b0f00000, 0x00000000b0f00000|100%| E|CS|TAMS 0x00000000b0e00000| PB 0x00000000b0e00000| Complete 
| 783|0x00000000b0f00000, 0x00000000b1000000, 0x00000000b1000000|100%| E|CS|TAMS 0x00000000b0f00000| PB 0x00000000b0f00000| Complete 
| 784|0x00000000b1000000, 0x00000000b1100000, 0x00000000b1100000|100%| E|CS|TAMS 0x00000000b1000000| PB 0x00000000b1000000| Complete 
| 785|0x00000000b1100000, 0x00000000b1200000, 0x00000000b1200000|100%| E|CS|TAMS 0x00000000b1100000| PB 0x00000000b1100000| Complete 
| 786|0x00000000b1200000, 0x00000000b1300000, 0x00000000b1300000|100%| E|CS|TAMS 0x00000000b1200000| PB 0x00000000b1200000| Complete 
| 787|0x00000000b1300000, 0x00000000b1400000, 0x00000000b1400000|100%| E|CS|TAMS 0x00000000b1300000| PB 0x00000000b1300000| Complete 
| 788|0x00000000b1400000, 0x00000000b1500000, 0x00000000b1500000|100%| E|CS|TAMS 0x00000000b1400000| PB 0x00000000b1400000| Complete 
| 789|0x00000000b1500000, 0x00000000b1600000, 0x00000000b1600000|100%| E|CS|TAMS 0x00000000b1500000| PB 0x00000000b1500000| Complete 
| 790|0x00000000b1600000, 0x00000000b1700000, 0x00000000b1700000|100%| E|CS|TAMS 0x00000000b1600000| PB 0x00000000b1600000| Complete 
| 791|0x00000000b1700000, 0x00000000b1800000, 0x00000000b1800000|100%| E|CS|TAMS 0x00000000b1700000| PB 0x00000000b1700000| Complete 
| 792|0x00000000b1800000, 0x00000000b1900000, 0x00000000b1900000|100%| E|CS|TAMS 0x00000000b1800000| PB 0x00000000b1800000| Complete 
| 793|0x00000000b1900000, 0x00000000b1a00000, 0x00000000b1a00000|100%| E|CS|TAMS 0x00000000b1900000| PB 0x00000000b1900000| Complete 
| 794|0x00000000b1a00000, 0x00000000b1b00000, 0x00000000b1b00000|100%| E|CS|TAMS 0x00000000b1a00000| PB 0x00000000b1a00000| Complete 
| 795|0x00000000b1b00000, 0x00000000b1c00000, 0x00000000b1c00000|100%| E|CS|TAMS 0x00000000b1b00000| PB 0x00000000b1b00000| Complete 
| 796|0x00000000b1c00000, 0x00000000b1d00000, 0x00000000b1d00000|100%| E|CS|TAMS 0x00000000b1c00000| PB 0x00000000b1c00000| Complete 
| 797|0x00000000b1d00000, 0x00000000b1e00000, 0x00000000b1e00000|100%| E|CS|TAMS 0x00000000b1d00000| PB 0x00000000b1d00000| Complete 
| 798|0x00000000b1e00000, 0x00000000b1f00000, 0x00000000b1f00000|100%| E|CS|TAMS 0x00000000b1e00000| PB 0x00000000b1e00000| Complete 
| 799|0x00000000b1f00000, 0x00000000b2000000, 0x00000000b2000000|100%| E|CS|TAMS 0x00000000b1f00000| PB 0x00000000b1f00000| Complete 
| 800|0x00000000b2000000, 0x00000000b2100000, 0x00000000b2100000|100%| E|CS|TAMS 0x00000000b2000000| PB 0x00000000b2000000| Complete 
| 801|0x00000000b2100000, 0x00000000b2200000, 0x00000000b2200000|100%| E|CS|TAMS 0x00000000b2100000| PB 0x00000000b2100000| Complete 
| 802|0x00000000b2200000, 0x00000000b2300000, 0x00000000b2300000|100%| E|CS|TAMS 0x00000000b2200000| PB 0x00000000b2200000| Complete 
| 803|0x00000000b2300000, 0x00000000b2400000, 0x00000000b2400000|100%| E|CS|TAMS 0x00000000b2300000| PB 0x00000000b2300000| Complete 
| 804|0x00000000b2400000, 0x00000000b2500000, 0x00000000b2500000|100%| E|CS|TAMS 0x00000000b2400000| PB 0x00000000b2400000| Complete 
| 805|0x00000000b2500000, 0x00000000b2600000, 0x00000000b2600000|100%| E|CS|TAMS 0x00000000b2500000| PB 0x00000000b2500000| Complete 
| 806|0x00000000b2600000, 0x00000000b2700000, 0x00000000b2700000|100%| E|CS|TAMS 0x00000000b2600000| PB 0x00000000b2600000| Complete 
| 807|0x00000000b2700000, 0x00000000b2800000, 0x00000000b2800000|100%| E|CS|TAMS 0x00000000b2700000| PB 0x00000000b2700000| Complete 
| 808|0x00000000b2800000, 0x00000000b2900000, 0x00000000b2900000|100%| E|CS|TAMS 0x00000000b2800000| PB 0x00000000b2800000| Complete 
| 809|0x00000000b2900000, 0x00000000b2a00000, 0x00000000b2a00000|100%| E|CS|TAMS 0x00000000b2900000| PB 0x00000000b2900000| Complete 
| 810|0x00000000b2a00000, 0x00000000b2b00000, 0x00000000b2b00000|100%| E|CS|TAMS 0x00000000b2a00000| PB 0x00000000b2a00000| Complete 
| 811|0x00000000b2b00000, 0x00000000b2c00000, 0x00000000b2c00000|100%| E|CS|TAMS 0x00000000b2b00000| PB 0x00000000b2b00000| Complete 
| 812|0x00000000b2c00000, 0x00000000b2d00000, 0x00000000b2d00000|100%| E|CS|TAMS 0x00000000b2c00000| PB 0x00000000b2c00000| Complete 
| 813|0x00000000b2d00000, 0x00000000b2e00000, 0x00000000b2e00000|100%| E|CS|TAMS 0x00000000b2d00000| PB 0x00000000b2d00000| Complete 
| 814|0x00000000b2e00000, 0x00000000b2f00000, 0x00000000b2f00000|100%| E|CS|TAMS 0x00000000b2e00000| PB 0x00000000b2e00000| Complete 
| 815|0x00000000b2f00000, 0x00000000b3000000, 0x00000000b3000000|100%| E|CS|TAMS 0x00000000b2f00000| PB 0x00000000b2f00000| Complete 
| 816|0x00000000b3000000, 0x00000000b3100000, 0x00000000b3100000|100%| E|CS|TAMS 0x00000000b3000000| PB 0x00000000b3000000| Complete 
| 817|0x00000000b3100000, 0x00000000b3200000, 0x00000000b3200000|100%| E|CS|TAMS 0x00000000b3100000| PB 0x00000000b3100000| Complete 
| 818|0x00000000b3200000, 0x00000000b3300000, 0x00000000b3300000|100%| E|CS|TAMS 0x00000000b3200000| PB 0x00000000b3200000| Complete 
| 819|0x00000000b3300000, 0x00000000b3400000, 0x00000000b3400000|100%| E|CS|TAMS 0x00000000b3300000| PB 0x00000000b3300000| Complete 
| 820|0x00000000b3400000, 0x00000000b3500000, 0x00000000b3500000|100%| E|CS|TAMS 0x00000000b3400000| PB 0x00000000b3400000| Complete 
| 821|0x00000000b3500000, 0x00000000b3600000, 0x00000000b3600000|100%| E|CS|TAMS 0x00000000b3500000| PB 0x00000000b3500000| Complete 
| 822|0x00000000b3600000, 0x00000000b3700000, 0x00000000b3700000|100%| E|CS|TAMS 0x00000000b3600000| PB 0x00000000b3600000| Complete 
| 823|0x00000000b3700000, 0x00000000b3800000, 0x00000000b3800000|100%| E|CS|TAMS 0x00000000b3700000| PB 0x00000000b3700000| Complete 
| 824|0x00000000b3800000, 0x00000000b3900000, 0x00000000b3900000|100%| E|CS|TAMS 0x00000000b3800000| PB 0x00000000b3800000| Complete 
| 825|0x00000000b3900000, 0x00000000b3a00000, 0x00000000b3a00000|100%| E|CS|TAMS 0x00000000b3900000| PB 0x00000000b3900000| Complete 
| 826|0x00000000b3a00000, 0x00000000b3b00000, 0x00000000b3b00000|100%| E|CS|TAMS 0x00000000b3a00000| PB 0x00000000b3a00000| Complete 
| 827|0x00000000b3b00000, 0x00000000b3c00000, 0x00000000b3c00000|100%| E|CS|TAMS 0x00000000b3b00000| PB 0x00000000b3b00000| Complete 
| 828|0x00000000b3c00000, 0x00000000b3d00000, 0x00000000b3d00000|100%| E|CS|TAMS 0x00000000b3c00000| PB 0x00000000b3c00000| Complete 
| 829|0x00000000b3d00000, 0x00000000b3e00000, 0x00000000b3e00000|100%| E|CS|TAMS 0x00000000b3d00000| PB 0x00000000b3d00000| Complete 
| 830|0x00000000b3e00000, 0x00000000b3f00000, 0x00000000b3f00000|100%| E|CS|TAMS 0x00000000b3e00000| PB 0x00000000b3e00000| Complete 
| 831|0x00000000b3f00000, 0x00000000b4000000, 0x00000000b4000000|100%| E|CS|TAMS 0x00000000b3f00000| PB 0x00000000b3f00000| Complete 
| 832|0x00000000b4000000, 0x00000000b4100000, 0x00000000b4100000|100%| E|CS|TAMS 0x00000000b4000000| PB 0x00000000b4000000| Complete 
| 833|0x00000000b4100000, 0x00000000b4200000, 0x00000000b4200000|100%| E|CS|TAMS 0x00000000b4100000| PB 0x00000000b4100000| Complete 
| 834|0x00000000b4200000, 0x00000000b4300000, 0x00000000b4300000|100%| E|CS|TAMS 0x00000000b4200000| PB 0x00000000b4200000| Complete 
| 835|0x00000000b4300000, 0x00000000b4400000, 0x00000000b4400000|100%| E|CS|TAMS 0x00000000b4300000| PB 0x00000000b4300000| Complete 
| 836|0x00000000b4400000, 0x00000000b4500000, 0x00000000b4500000|100%| E|CS|TAMS 0x00000000b4400000| PB 0x00000000b4400000| Complete 
| 837|0x00000000b4500000, 0x00000000b4600000, 0x00000000b4600000|100%| E|CS|TAMS 0x00000000b4500000| PB 0x00000000b4500000| Complete 
| 838|0x00000000b4600000, 0x00000000b4700000, 0x00000000b4700000|100%| E|CS|TAMS 0x00000000b4600000| PB 0x00000000b4600000| Complete 
| 839|0x00000000b4700000, 0x00000000b4800000, 0x00000000b4800000|100%| E|CS|TAMS 0x00000000b4700000| PB 0x00000000b4700000| Complete 
| 840|0x00000000b4800000, 0x00000000b4900000, 0x00000000b4900000|100%| E|CS|TAMS 0x00000000b4800000| PB 0x00000000b4800000| Complete 
| 841|0x00000000b4900000, 0x00000000b4a00000, 0x00000000b4a00000|100%| E|CS|TAMS 0x00000000b4900000| PB 0x00000000b4900000| Complete 
| 842|0x00000000b4a00000, 0x00000000b4b00000, 0x00000000b4b00000|100%| E|CS|TAMS 0x00000000b4a00000| PB 0x00000000b4a00000| Complete 
| 843|0x00000000b4b00000, 0x00000000b4c00000, 0x00000000b4c00000|100%| E|CS|TAMS 0x00000000b4b00000| PB 0x00000000b4b00000| Complete 
| 844|0x00000000b4c00000, 0x00000000b4d00000, 0x00000000b4d00000|100%| E|CS|TAMS 0x00000000b4c00000| PB 0x00000000b4c00000| Complete 
| 845|0x00000000b4d00000, 0x00000000b4e00000, 0x00000000b4e00000|100%| E|CS|TAMS 0x00000000b4d00000| PB 0x00000000b4d00000| Complete 
| 846|0x00000000b4e00000, 0x00000000b4f00000, 0x00000000b4f00000|100%| E|CS|TAMS 0x00000000b4e00000| PB 0x00000000b4e00000| Complete 
| 847|0x00000000b4f00000, 0x00000000b5000000, 0x00000000b5000000|100%| E|CS|TAMS 0x00000000b4f00000| PB 0x00000000b4f00000| Complete 
| 848|0x00000000b5000000, 0x00000000b5100000, 0x00000000b5100000|100%| E|CS|TAMS 0x00000000b5000000| PB 0x00000000b5000000| Complete 
| 849|0x00000000b5100000, 0x00000000b5200000, 0x00000000b5200000|100%| E|CS|TAMS 0x00000000b5100000| PB 0x00000000b5100000| Complete 
| 850|0x00000000b5200000, 0x00000000b5300000, 0x00000000b5300000|100%| E|CS|TAMS 0x00000000b5200000| PB 0x00000000b5200000| Complete 
| 851|0x00000000b5300000, 0x00000000b5400000, 0x00000000b5400000|100%| E|CS|TAMS 0x00000000b5300000| PB 0x00000000b5300000| Complete 
| 852|0x00000000b5400000, 0x00000000b5500000, 0x00000000b5500000|100%| E|CS|TAMS 0x00000000b5400000| PB 0x00000000b5400000| Complete 
| 853|0x00000000b5500000, 0x00000000b5600000, 0x00000000b5600000|100%| E|CS|TAMS 0x00000000b5500000| PB 0x00000000b5500000| Complete 
| 854|0x00000000b5600000, 0x00000000b5700000, 0x00000000b5700000|100%| E|CS|TAMS 0x00000000b5600000| PB 0x00000000b5600000| Complete 
| 855|0x00000000b5700000, 0x00000000b5800000, 0x00000000b5800000|100%| E|CS|TAMS 0x00000000b5700000| PB 0x00000000b5700000| Complete 
| 856|0x00000000b5800000, 0x00000000b5900000, 0x00000000b5900000|100%| E|CS|TAMS 0x00000000b5800000| PB 0x00000000b5800000| Complete 
| 857|0x00000000b5900000, 0x00000000b5a00000, 0x00000000b5a00000|100%| E|CS|TAMS 0x00000000b5900000| PB 0x00000000b5900000| Complete 
| 858|0x00000000b5a00000, 0x00000000b5b00000, 0x00000000b5b00000|100%| E|CS|TAMS 0x00000000b5a00000| PB 0x00000000b5a00000| Complete 
| 859|0x00000000b5b00000, 0x00000000b5c00000, 0x00000000b5c00000|100%| E|CS|TAMS 0x00000000b5b00000| PB 0x00000000b5b00000| Complete 
| 860|0x00000000b5c00000, 0x00000000b5d00000, 0x00000000b5d00000|100%| E|CS|TAMS 0x00000000b5c00000| PB 0x00000000b5c00000| Complete 
| 861|0x00000000b5d00000, 0x00000000b5e00000, 0x00000000b5e00000|100%| E|CS|TAMS 0x00000000b5d00000| PB 0x00000000b5d00000| Complete 
| 862|0x00000000b5e00000, 0x00000000b5f00000, 0x00000000b5f00000|100%| E|CS|TAMS 0x00000000b5e00000| PB 0x00000000b5e00000| Complete 
| 863|0x00000000b5f00000, 0x00000000b6000000, 0x00000000b6000000|100%| E|CS|TAMS 0x00000000b5f00000| PB 0x00000000b5f00000| Complete 
| 864|0x00000000b6000000, 0x00000000b6100000, 0x00000000b6100000|100%| E|CS|TAMS 0x00000000b6000000| PB 0x00000000b6000000| Complete 
| 865|0x00000000b6100000, 0x00000000b6200000, 0x00000000b6200000|100%| E|CS|TAMS 0x00000000b6100000| PB 0x00000000b6100000| Complete 
| 866|0x00000000b6200000, 0x00000000b6300000, 0x00000000b6300000|100%| E|CS|TAMS 0x00000000b6200000| PB 0x00000000b6200000| Complete 
| 867|0x00000000b6300000, 0x00000000b6400000, 0x00000000b6400000|100%| E|CS|TAMS 0x00000000b6300000| PB 0x00000000b6300000| Complete 
| 868|0x00000000b6400000, 0x00000000b6500000, 0x00000000b6500000|100%| E|CS|TAMS 0x00000000b6400000| PB 0x00000000b6400000| Complete 
| 869|0x00000000b6500000, 0x00000000b6600000, 0x00000000b6600000|100%| E|CS|TAMS 0x00000000b6500000| PB 0x00000000b6500000| Complete 
| 870|0x00000000b6600000, 0x00000000b6700000, 0x00000000b6700000|100%| E|CS|TAMS 0x00000000b6600000| PB 0x00000000b6600000| Complete 
| 871|0x00000000b6700000, 0x00000000b6800000, 0x00000000b6800000|100%| E|CS|TAMS 0x00000000b6700000| PB 0x00000000b6700000| Complete 
| 872|0x00000000b6800000, 0x00000000b6900000, 0x00000000b6900000|100%| E|CS|TAMS 0x00000000b6800000| PB 0x00000000b6800000| Complete 
| 873|0x00000000b6900000, 0x00000000b6a00000, 0x00000000b6a00000|100%| E|CS|TAMS 0x00000000b6900000| PB 0x00000000b6900000| Complete 
| 874|0x00000000b6a00000, 0x00000000b6b00000, 0x00000000b6b00000|100%| E|CS|TAMS 0x00000000b6a00000| PB 0x00000000b6a00000| Complete 
| 875|0x00000000b6b00000, 0x00000000b6c00000, 0x00000000b6c00000|100%| E|CS|TAMS 0x00000000b6b00000| PB 0x00000000b6b00000| Complete 
| 876|0x00000000b6c00000, 0x00000000b6d00000, 0x00000000b6d00000|100%| E|CS|TAMS 0x00000000b6c00000| PB 0x00000000b6c00000| Complete 
| 877|0x00000000b6d00000, 0x00000000b6e00000, 0x00000000b6e00000|100%| E|CS|TAMS 0x00000000b6d00000| PB 0x00000000b6d00000| Complete 
| 878|0x00000000b6e00000, 0x00000000b6f00000, 0x00000000b6f00000|100%| E|CS|TAMS 0x00000000b6e00000| PB 0x00000000b6e00000| Complete 
| 879|0x00000000b6f00000, 0x00000000b7000000, 0x00000000b7000000|100%| E|CS|TAMS 0x00000000b6f00000| PB 0x00000000b6f00000| Complete 
| 880|0x00000000b7000000, 0x00000000b7100000, 0x00000000b7100000|100%| E|CS|TAMS 0x00000000b7000000| PB 0x00000000b7000000| Complete 
| 881|0x00000000b7100000, 0x00000000b7200000, 0x00000000b7200000|100%| E|CS|TAMS 0x00000000b7100000| PB 0x00000000b7100000| Complete 
| 882|0x00000000b7200000, 0x00000000b7300000, 0x00000000b7300000|100%| E|CS|TAMS 0x00000000b7200000| PB 0x00000000b7200000| Complete 
| 883|0x00000000b7300000, 0x00000000b7400000, 0x00000000b7400000|100%| E|CS|TAMS 0x00000000b7300000| PB 0x00000000b7300000| Complete 
| 884|0x00000000b7400000, 0x00000000b7500000, 0x00000000b7500000|100%| E|CS|TAMS 0x00000000b7400000| PB 0x00000000b7400000| Complete 
| 885|0x00000000b7500000, 0x00000000b7600000, 0x00000000b7600000|100%| E|CS|TAMS 0x00000000b7500000| PB 0x00000000b7500000| Complete 
| 886|0x00000000b7600000, 0x00000000b7700000, 0x00000000b7700000|100%| E|CS|TAMS 0x00000000b7600000| PB 0x00000000b7600000| Complete 
| 887|0x00000000b7700000, 0x00000000b7800000, 0x00000000b7800000|100%| E|CS|TAMS 0x00000000b7700000| PB 0x00000000b7700000| Complete 
| 888|0x00000000b7800000, 0x00000000b7900000, 0x00000000b7900000|100%| E|CS|TAMS 0x00000000b7800000| PB 0x00000000b7800000| Complete 
| 889|0x00000000b7900000, 0x00000000b7a00000, 0x00000000b7a00000|100%| E|CS|TAMS 0x00000000b7900000| PB 0x00000000b7900000| Complete 
| 890|0x00000000b7a00000, 0x00000000b7b00000, 0x00000000b7b00000|100%| E|CS|TAMS 0x00000000b7a00000| PB 0x00000000b7a00000| Complete 
| 891|0x00000000b7b00000, 0x00000000b7c00000, 0x00000000b7c00000|100%| E|CS|TAMS 0x00000000b7b00000| PB 0x00000000b7b00000| Complete 
| 892|0x00000000b7c00000, 0x00000000b7d00000, 0x00000000b7d00000|100%| E|CS|TAMS 0x00000000b7c00000| PB 0x00000000b7c00000| Complete 
| 893|0x00000000b7d00000, 0x00000000b7e00000, 0x00000000b7e00000|100%| E|CS|TAMS 0x00000000b7d00000| PB 0x00000000b7d00000| Complete 
| 894|0x00000000b7e00000, 0x00000000b7f00000, 0x00000000b7f00000|100%| E|CS|TAMS 0x00000000b7e00000| PB 0x00000000b7e00000| Complete 
| 895|0x00000000b7f00000, 0x00000000b8000000, 0x00000000b8000000|100%| E|CS|TAMS 0x00000000b7f00000| PB 0x00000000b7f00000| Complete 
| 896|0x00000000b8000000, 0x00000000b8100000, 0x00000000b8100000|100%| E|CS|TAMS 0x00000000b8000000| PB 0x00000000b8000000| Complete 
| 897|0x00000000b8100000, 0x00000000b8200000, 0x00000000b8200000|100%| E|CS|TAMS 0x00000000b8100000| PB 0x00000000b8100000| Complete 
| 898|0x00000000b8200000, 0x00000000b8300000, 0x00000000b8300000|100%| E|CS|TAMS 0x00000000b8200000| PB 0x00000000b8200000| Complete 
| 899|0x00000000b8300000, 0x00000000b8400000, 0x00000000b8400000|100%| E|CS|TAMS 0x00000000b8300000| PB 0x00000000b8300000| Complete 
| 900|0x00000000b8400000, 0x00000000b8500000, 0x00000000b8500000|100%| E|CS|TAMS 0x00000000b8400000| PB 0x00000000b8400000| Complete 
| 901|0x00000000b8500000, 0x00000000b8600000, 0x00000000b8600000|100%| E|CS|TAMS 0x00000000b8500000| PB 0x00000000b8500000| Complete 
| 902|0x00000000b8600000, 0x00000000b8700000, 0x00000000b8700000|100%| E|CS|TAMS 0x00000000b8600000| PB 0x00000000b8600000| Complete 
| 903|0x00000000b8700000, 0x00000000b8800000, 0x00000000b8800000|100%| E|CS|TAMS 0x00000000b8700000| PB 0x00000000b8700000| Complete 
| 904|0x00000000b8800000, 0x00000000b8900000, 0x00000000b8900000|100%| E|CS|TAMS 0x00000000b8800000| PB 0x00000000b8800000| Complete 
| 905|0x00000000b8900000, 0x00000000b8a00000, 0x00000000b8a00000|100%| E|CS|TAMS 0x00000000b8900000| PB 0x00000000b8900000| Complete 
| 906|0x00000000b8a00000, 0x00000000b8b00000, 0x00000000b8b00000|100%| E|CS|TAMS 0x00000000b8a00000| PB 0x00000000b8a00000| Complete 
| 907|0x00000000b8b00000, 0x00000000b8c00000, 0x00000000b8c00000|100%| E|CS|TAMS 0x00000000b8b00000| PB 0x00000000b8b00000| Complete 
| 908|0x00000000b8c00000, 0x00000000b8d00000, 0x00000000b8d00000|100%| E|CS|TAMS 0x00000000b8c00000| PB 0x00000000b8c00000| Complete 
| 909|0x00000000b8d00000, 0x00000000b8e00000, 0x00000000b8e00000|100%| E|CS|TAMS 0x00000000b8d00000| PB 0x00000000b8d00000| Complete 
| 910|0x00000000b8e00000, 0x00000000b8f00000, 0x00000000b8f00000|100%| E|CS|TAMS 0x00000000b8e00000| PB 0x00000000b8e00000| Complete 
| 911|0x00000000b8f00000, 0x00000000b9000000, 0x00000000b9000000|100%| E|CS|TAMS 0x00000000b8f00000| PB 0x00000000b8f00000| Complete 
| 912|0x00000000b9000000, 0x00000000b9100000, 0x00000000b9100000|100%| E|CS|TAMS 0x00000000b9000000| PB 0x00000000b9000000| Complete 
| 913|0x00000000b9100000, 0x00000000b9200000, 0x00000000b9200000|100%| E|CS|TAMS 0x00000000b9100000| PB 0x00000000b9100000| Complete 
| 914|0x00000000b9200000, 0x00000000b9300000, 0x00000000b9300000|100%| E|CS|TAMS 0x00000000b9200000| PB 0x00000000b9200000| Complete 
| 915|0x00000000b9300000, 0x00000000b9400000, 0x00000000b9400000|100%| E|CS|TAMS 0x00000000b9300000| PB 0x00000000b9300000| Complete 
| 916|0x00000000b9400000, 0x00000000b9500000, 0x00000000b9500000|100%| E|CS|TAMS 0x00000000b9400000| PB 0x00000000b9400000| Complete 
| 917|0x00000000b9500000, 0x00000000b9600000, 0x00000000b9600000|100%| E|CS|TAMS 0x00000000b9500000| PB 0x00000000b9500000| Complete 
| 918|0x00000000b9600000, 0x00000000b9700000, 0x00000000b9700000|100%| E|CS|TAMS 0x00000000b9600000| PB 0x00000000b9600000| Complete 
| 919|0x00000000b9700000, 0x00000000b9800000, 0x00000000b9800000|100%| E|CS|TAMS 0x00000000b9700000| PB 0x00000000b9700000| Complete 
| 920|0x00000000b9800000, 0x00000000b9900000, 0x00000000b9900000|100%| E|CS|TAMS 0x00000000b9800000| PB 0x00000000b9800000| Complete 
| 921|0x00000000b9900000, 0x00000000b9a00000, 0x00000000b9a00000|100%| E|CS|TAMS 0x00000000b9900000| PB 0x00000000b9900000| Complete 
| 922|0x00000000b9a00000, 0x00000000b9b00000, 0x00000000b9b00000|100%| E|CS|TAMS 0x00000000b9a00000| PB 0x00000000b9a00000| Complete 
| 923|0x00000000b9b00000, 0x00000000b9c00000, 0x00000000b9c00000|100%| E|CS|TAMS 0x00000000b9b00000| PB 0x00000000b9b00000| Complete 
| 924|0x00000000b9c00000, 0x00000000b9d00000, 0x00000000b9d00000|100%| E|CS|TAMS 0x00000000b9c00000| PB 0x00000000b9c00000| Complete 
| 925|0x00000000b9d00000, 0x00000000b9e00000, 0x00000000b9e00000|100%| E|CS|TAMS 0x00000000b9d00000| PB 0x00000000b9d00000| Complete 
| 926|0x00000000b9e00000, 0x00000000b9f00000, 0x00000000b9f00000|100%| E|CS|TAMS 0x00000000b9e00000| PB 0x00000000b9e00000| Complete 
| 927|0x00000000b9f00000, 0x00000000ba000000, 0x00000000ba000000|100%| E|CS|TAMS 0x00000000b9f00000| PB 0x00000000b9f00000| Complete 
| 928|0x00000000ba000000, 0x00000000ba100000, 0x00000000ba100000|100%| E|CS|TAMS 0x00000000ba000000| PB 0x00000000ba000000| Complete 
| 929|0x00000000ba100000, 0x00000000ba200000, 0x00000000ba200000|100%| E|CS|TAMS 0x00000000ba100000| PB 0x00000000ba100000| Complete 
| 930|0x00000000ba200000, 0x00000000ba300000, 0x00000000ba300000|100%| E|CS|TAMS 0x00000000ba200000| PB 0x00000000ba200000| Complete 
| 931|0x00000000ba300000, 0x00000000ba400000, 0x00000000ba400000|100%| E|CS|TAMS 0x00000000ba300000| PB 0x00000000ba300000| Complete 
| 932|0x00000000ba400000, 0x00000000ba500000, 0x00000000ba500000|100%| E|CS|TAMS 0x00000000ba400000| PB 0x00000000ba400000| Complete 
| 933|0x00000000ba500000, 0x00000000ba600000, 0x00000000ba600000|100%| E|CS|TAMS 0x00000000ba500000| PB 0x00000000ba500000| Complete 
| 934|0x00000000ba600000, 0x00000000ba700000, 0x00000000ba700000|100%| E|CS|TAMS 0x00000000ba600000| PB 0x00000000ba600000| Complete 
| 935|0x00000000ba700000, 0x00000000ba800000, 0x00000000ba800000|100%| E|CS|TAMS 0x00000000ba700000| PB 0x00000000ba700000| Complete 
| 936|0x00000000ba800000, 0x00000000ba900000, 0x00000000ba900000|100%| E|CS|TAMS 0x00000000ba800000| PB 0x00000000ba800000| Complete 
| 937|0x00000000ba900000, 0x00000000baa00000, 0x00000000baa00000|100%| E|CS|TAMS 0x00000000ba900000| PB 0x00000000ba900000| Complete 
| 938|0x00000000baa00000, 0x00000000bab00000, 0x00000000bab00000|100%| E|CS|TAMS 0x00000000baa00000| PB 0x00000000baa00000| Complete 
| 939|0x00000000bab00000, 0x00000000bac00000, 0x00000000bac00000|100%| E|CS|TAMS 0x00000000bab00000| PB 0x00000000bab00000| Complete 
| 940|0x00000000bac00000, 0x00000000bad00000, 0x00000000bad00000|100%| E|CS|TAMS 0x00000000bac00000| PB 0x00000000bac00000| Complete 
| 941|0x00000000bad00000, 0x00000000bae00000, 0x00000000bae00000|100%| E|CS|TAMS 0x00000000bad00000| PB 0x00000000bad00000| Complete 
| 942|0x00000000bae00000, 0x00000000baf00000, 0x00000000baf00000|100%| E|CS|TAMS 0x00000000bae00000| PB 0x00000000bae00000| Complete 
| 943|0x00000000baf00000, 0x00000000bb000000, 0x00000000bb000000|100%| E|CS|TAMS 0x00000000baf00000| PB 0x00000000baf00000| Complete 
| 944|0x00000000bb000000, 0x00000000bb100000, 0x00000000bb100000|100%| E|CS|TAMS 0x00000000bb000000| PB 0x00000000bb000000| Complete 
| 945|0x00000000bb100000, 0x00000000bb200000, 0x00000000bb200000|100%| E|CS|TAMS 0x00000000bb100000| PB 0x00000000bb100000| Complete 
| 946|0x00000000bb200000, 0x00000000bb300000, 0x00000000bb300000|100%| E|CS|TAMS 0x00000000bb200000| PB 0x00000000bb200000| Complete 
| 947|0x00000000bb300000, 0x00000000bb400000, 0x00000000bb400000|100%| E|CS|TAMS 0x00000000bb300000| PB 0x00000000bb300000| Complete 
| 948|0x00000000bb400000, 0x00000000bb500000, 0x00000000bb500000|100%| E|CS|TAMS 0x00000000bb400000| PB 0x00000000bb400000| Complete 
| 949|0x00000000bb500000, 0x00000000bb600000, 0x00000000bb600000|100%| E|CS|TAMS 0x00000000bb500000| PB 0x00000000bb500000| Complete 
| 950|0x00000000bb600000, 0x00000000bb700000, 0x00000000bb700000|100%| E|CS|TAMS 0x00000000bb600000| PB 0x00000000bb600000| Complete 
| 951|0x00000000bb700000, 0x00000000bb800000, 0x00000000bb800000|100%| E|CS|TAMS 0x00000000bb700000| PB 0x00000000bb700000| Complete 
| 952|0x00000000bb800000, 0x00000000bb900000, 0x00000000bb900000|100%| E|CS|TAMS 0x00000000bb800000| PB 0x00000000bb800000| Complete 
| 953|0x00000000bb900000, 0x00000000bba00000, 0x00000000bba00000|100%| E|CS|TAMS 0x00000000bb900000| PB 0x00000000bb900000| Complete 
| 954|0x00000000bba00000, 0x00000000bbb00000, 0x00000000bbb00000|100%| E|CS|TAMS 0x00000000bba00000| PB 0x00000000bba00000| Complete 
| 955|0x00000000bbb00000, 0x00000000bbc00000, 0x00000000bbc00000|100%| E|CS|TAMS 0x00000000bbb00000| PB 0x00000000bbb00000| Complete 
| 956|0x00000000bbc00000, 0x00000000bbd00000, 0x00000000bbd00000|100%| E|CS|TAMS 0x00000000bbc00000| PB 0x00000000bbc00000| Complete 
| 957|0x00000000bbd00000, 0x00000000bbe00000, 0x00000000bbe00000|100%| E|CS|TAMS 0x00000000bbd00000| PB 0x00000000bbd00000| Complete 
| 958|0x00000000bbe00000, 0x00000000bbf00000, 0x00000000bbf00000|100%| E|CS|TAMS 0x00000000bbe00000| PB 0x00000000bbe00000| Complete 
| 959|0x00000000bbf00000, 0x00000000bc000000, 0x00000000bc000000|100%| E|CS|TAMS 0x00000000bbf00000| PB 0x00000000bbf00000| Complete 
| 960|0x00000000bc000000, 0x00000000bc100000, 0x00000000bc100000|100%| E|CS|TAMS 0x00000000bc000000| PB 0x00000000bc000000| Complete 
| 961|0x00000000bc100000, 0x00000000bc200000, 0x00000000bc200000|100%| E|CS|TAMS 0x00000000bc100000| PB 0x00000000bc100000| Complete 
| 962|0x00000000bc200000, 0x00000000bc300000, 0x00000000bc300000|100%| E|CS|TAMS 0x00000000bc200000| PB 0x00000000bc200000| Complete 
| 963|0x00000000bc300000, 0x00000000bc400000, 0x00000000bc400000|100%| E|CS|TAMS 0x00000000bc300000| PB 0x00000000bc300000| Complete 
| 964|0x00000000bc400000, 0x00000000bc500000, 0x00000000bc500000|100%| E|CS|TAMS 0x00000000bc400000| PB 0x00000000bc400000| Complete 
| 965|0x00000000bc500000, 0x00000000bc600000, 0x00000000bc600000|100%| E|CS|TAMS 0x00000000bc500000| PB 0x00000000bc500000| Complete 
| 966|0x00000000bc600000, 0x00000000bc700000, 0x00000000bc700000|100%| E|CS|TAMS 0x00000000bc600000| PB 0x00000000bc600000| Complete 
| 967|0x00000000bc700000, 0x00000000bc800000, 0x00000000bc800000|100%| E|CS|TAMS 0x00000000bc700000| PB 0x00000000bc700000| Complete 
| 968|0x00000000bc800000, 0x00000000bc900000, 0x00000000bc900000|100%| E|CS|TAMS 0x00000000bc800000| PB 0x00000000bc800000| Complete 
| 969|0x00000000bc900000, 0x00000000bca00000, 0x00000000bca00000|100%| E|CS|TAMS 0x00000000bc900000| PB 0x00000000bc900000| Complete 
| 970|0x00000000bca00000, 0x00000000bcb00000, 0x00000000bcb00000|100%| E|CS|TAMS 0x00000000bca00000| PB 0x00000000bca00000| Complete 
| 971|0x00000000bcb00000, 0x00000000bcc00000, 0x00000000bcc00000|100%| E|CS|TAMS 0x00000000bcb00000| PB 0x00000000bcb00000| Complete 
| 972|0x00000000bcc00000, 0x00000000bcd00000, 0x00000000bcd00000|100%| E|CS|TAMS 0x00000000bcc00000| PB 0x00000000bcc00000| Complete 
| 973|0x00000000bcd00000, 0x00000000bce00000, 0x00000000bce00000|100%| E|CS|TAMS 0x00000000bcd00000| PB 0x00000000bcd00000| Complete 
| 974|0x00000000bce00000, 0x00000000bcf00000, 0x00000000bcf00000|100%| E|CS|TAMS 0x00000000bce00000| PB 0x00000000bce00000| Complete 
| 975|0x00000000bcf00000, 0x00000000bd000000, 0x00000000bd000000|100%| E|CS|TAMS 0x00000000bcf00000| PB 0x00000000bcf00000| Complete 
| 976|0x00000000bd000000, 0x00000000bd100000, 0x00000000bd100000|100%| E|CS|TAMS 0x00000000bd000000| PB 0x00000000bd000000| Complete 
| 977|0x00000000bd100000, 0x00000000bd200000, 0x00000000bd200000|100%| E|CS|TAMS 0x00000000bd100000| PB 0x00000000bd100000| Complete 
| 978|0x00000000bd200000, 0x00000000bd300000, 0x00000000bd300000|100%| E|CS|TAMS 0x00000000bd200000| PB 0x00000000bd200000| Complete 
| 979|0x00000000bd300000, 0x00000000bd400000, 0x00000000bd400000|100%| E|CS|TAMS 0x00000000bd300000| PB 0x00000000bd300000| Complete 
| 980|0x00000000bd400000, 0x00000000bd500000, 0x00000000bd500000|100%| E|CS|TAMS 0x00000000bd400000| PB 0x00000000bd400000| Complete 
| 981|0x00000000bd500000, 0x00000000bd600000, 0x00000000bd600000|100%| E|CS|TAMS 0x00000000bd500000| PB 0x00000000bd500000| Complete 
| 982|0x00000000bd600000, 0x00000000bd700000, 0x00000000bd700000|100%| E|CS|TAMS 0x00000000bd600000| PB 0x00000000bd600000| Complete 
| 983|0x00000000bd700000, 0x00000000bd800000, 0x00000000bd800000|100%| E|CS|TAMS 0x00000000bd700000| PB 0x00000000bd700000| Complete 
| 984|0x00000000bd800000, 0x00000000bd900000, 0x00000000bd900000|100%| E|CS|TAMS 0x00000000bd800000| PB 0x00000000bd800000| Complete 
| 985|0x00000000bd900000, 0x00000000bda00000, 0x00000000bda00000|100%| E|CS|TAMS 0x00000000bd900000| PB 0x00000000bd900000| Complete 
| 986|0x00000000bda00000, 0x00000000bdb00000, 0x00000000bdb00000|100%| E|CS|TAMS 0x00000000bda00000| PB 0x00000000bda00000| Complete 
| 987|0x00000000bdb00000, 0x00000000bdc00000, 0x00000000bdc00000|100%| E|CS|TAMS 0x00000000bdb00000| PB 0x00000000bdb00000| Complete 
| 988|0x00000000bdc00000, 0x00000000bdd00000, 0x00000000bdd00000|100%| E|CS|TAMS 0x00000000bdc00000| PB 0x00000000bdc00000| Complete 
| 989|0x00000000bdd00000, 0x00000000bde00000, 0x00000000bde00000|100%| E|CS|TAMS 0x00000000bdd00000| PB 0x00000000bdd00000| Complete 
| 990|0x00000000bde00000, 0x00000000bdf00000, 0x00000000bdf00000|100%| E|CS|TAMS 0x00000000bde00000| PB 0x00000000bde00000| Complete 
| 991|0x00000000bdf00000, 0x00000000be000000, 0x00000000be000000|100%| E|CS|TAMS 0x00000000bdf00000| PB 0x00000000bdf00000| Complete 
| 992|0x00000000be000000, 0x00000000be100000, 0x00000000be100000|100%| E|CS|TAMS 0x00000000be000000| PB 0x00000000be000000| Complete 
| 993|0x00000000be100000, 0x00000000be200000, 0x00000000be200000|100%| E|CS|TAMS 0x00000000be100000| PB 0x00000000be100000| Complete 
| 994|0x00000000be200000, 0x00000000be300000, 0x00000000be300000|100%| E|CS|TAMS 0x00000000be200000| PB 0x00000000be200000| Complete 
| 995|0x00000000be300000, 0x00000000be400000, 0x00000000be400000|100%| E|CS|TAMS 0x00000000be300000| PB 0x00000000be300000| Complete 
| 996|0x00000000be400000, 0x00000000be500000, 0x00000000be500000|100%| E|CS|TAMS 0x00000000be400000| PB 0x00000000be400000| Complete 
| 997|0x00000000be500000, 0x00000000be600000, 0x00000000be600000|100%| E|CS|TAMS 0x00000000be500000| PB 0x00000000be500000| Complete 
| 998|0x00000000be600000, 0x00000000be700000, 0x00000000be700000|100%| E|CS|TAMS 0x00000000be600000| PB 0x00000000be600000| Complete 
| 999|0x00000000be700000, 0x00000000be800000, 0x00000000be800000|100%| E|CS|TAMS 0x00000000be700000| PB 0x00000000be700000| Complete 
|1000|0x00000000be800000, 0x00000000be900000, 0x00000000be900000|100%| E|CS|TAMS 0x00000000be800000| PB 0x00000000be800000| Complete 
|1001|0x00000000be900000, 0x00000000bea00000, 0x00000000bea00000|100%| E|CS|TAMS 0x00000000be900000| PB 0x00000000be900000| Complete 
|1002|0x00000000bea00000, 0x00000000beb00000, 0x00000000beb00000|100%| E|CS|TAMS 0x00000000bea00000| PB 0x00000000bea00000| Complete 
|1003|0x00000000beb00000, 0x00000000bec00000, 0x00000000bec00000|100%| E|CS|TAMS 0x00000000beb00000| PB 0x00000000beb00000| Complete 
|1004|0x00000000bec00000, 0x00000000bed00000, 0x00000000bed00000|100%| E|CS|TAMS 0x00000000bec00000| PB 0x00000000bec00000| Complete 
|1005|0x00000000bed00000, 0x00000000bee00000, 0x00000000bee00000|100%| E|CS|TAMS 0x00000000bed00000| PB 0x00000000bed00000| Complete 
|1006|0x00000000bee00000, 0x00000000bef00000, 0x00000000bef00000|100%| E|CS|TAMS 0x00000000bee00000| PB 0x00000000bee00000| Complete 
|1007|0x00000000bef00000, 0x00000000bf000000, 0x00000000bf000000|100%| E|CS|TAMS 0x00000000bef00000| PB 0x00000000bef00000| Complete 
|1008|0x00000000bf000000, 0x00000000bf100000, 0x00000000bf100000|100%| E|CS|TAMS 0x00000000bf000000| PB 0x00000000bf000000| Complete 
|1009|0x00000000bf100000, 0x00000000bf200000, 0x00000000bf200000|100%| E|CS|TAMS 0x00000000bf100000| PB 0x00000000bf100000| Complete 
|1010|0x00000000bf200000, 0x00000000bf300000, 0x00000000bf300000|100%| E|CS|TAMS 0x00000000bf200000| PB 0x00000000bf200000| Complete 
|1011|0x00000000bf300000, 0x00000000bf400000, 0x00000000bf400000|100%| E|CS|TAMS 0x00000000bf300000| PB 0x00000000bf300000| Complete 
|1012|0x00000000bf400000, 0x00000000bf500000, 0x00000000bf500000|100%| E|CS|TAMS 0x00000000bf400000| PB 0x00000000bf400000| Complete 
|1013|0x00000000bf500000, 0x00000000bf600000, 0x00000000bf600000|100%| E|CS|TAMS 0x00000000bf500000| PB 0x00000000bf500000| Complete 
|1014|0x00000000bf600000, 0x00000000bf700000, 0x00000000bf700000|100%| E|CS|TAMS 0x00000000bf600000| PB 0x00000000bf600000| Complete 
|1015|0x00000000bf700000, 0x00000000bf800000, 0x00000000bf800000|100%| E|CS|TAMS 0x00000000bf700000| PB 0x00000000bf700000| Complete 
|1016|0x00000000bf800000, 0x00000000bf900000, 0x00000000bf900000|100%| E|CS|TAMS 0x00000000bf800000| PB 0x00000000bf800000| Complete 
|1017|0x00000000bf900000, 0x00000000bfa00000, 0x00000000bfa00000|100%| E|CS|TAMS 0x00000000bf900000| PB 0x00000000bf900000| Complete 
|1018|0x00000000bfa00000, 0x00000000bfb00000, 0x00000000bfb00000|100%| E|CS|TAMS 0x00000000bfa00000| PB 0x00000000bfa00000| Complete 
|1019|0x00000000bfb00000, 0x00000000bfc00000, 0x00000000bfc00000|100%| E|CS|TAMS 0x00000000bfb00000| PB 0x00000000bfb00000| Complete 
|1020|0x00000000bfc00000, 0x00000000bfd00000, 0x00000000bfd00000|100%| E|CS|TAMS 0x00000000bfc00000| PB 0x00000000bfc00000| Complete 
|1021|0x00000000bfd00000, 0x00000000bfe00000, 0x00000000bfe00000|100%| E|CS|TAMS 0x00000000bfd00000| PB 0x00000000bfd00000| Complete 
|1022|0x00000000bfe00000, 0x00000000bff00000, 0x00000000bff00000|100%| E|CS|TAMS 0x00000000bfe00000| PB 0x00000000bfe00000| Complete 
|1023|0x00000000bff00000, 0x00000000c0000000, 0x00000000c0000000|100%| E|CS|TAMS 0x00000000bff00000| PB 0x00000000bff00000| Complete 
|1024|0x00000000c0000000, 0x00000000c0100000, 0x00000000c0100000|100%| E|CS|TAMS 0x00000000c0000000| PB 0x00000000c0000000| Complete 
|1025|0x00000000c0100000, 0x00000000c0200000, 0x00000000c0200000|100%| E|CS|TAMS 0x00000000c0100000| PB 0x00000000c0100000| Complete 
|1026|0x00000000c0200000, 0x00000000c0300000, 0x00000000c0300000|100%| E|CS|TAMS 0x00000000c0200000| PB 0x00000000c0200000| Complete 
|1027|0x00000000c0300000, 0x00000000c0400000, 0x00000000c0400000|100%| E|CS|TAMS 0x00000000c0300000| PB 0x00000000c0300000| Complete 
|1028|0x00000000c0400000, 0x00000000c0500000, 0x00000000c0500000|100%| E|CS|TAMS 0x00000000c0400000| PB 0x00000000c0400000| Complete 
|1029|0x00000000c0500000, 0x00000000c0600000, 0x00000000c0600000|100%| E|CS|TAMS 0x00000000c0500000| PB 0x00000000c0500000| Complete 
|1030|0x00000000c0600000, 0x00000000c0700000, 0x00000000c0700000|100%| E|CS|TAMS 0x00000000c0600000| PB 0x00000000c0600000| Complete 
|1031|0x00000000c0700000, 0x00000000c0800000, 0x00000000c0800000|100%| E|CS|TAMS 0x00000000c0700000| PB 0x00000000c0700000| Complete 
|1032|0x00000000c0800000, 0x00000000c0900000, 0x00000000c0900000|100%| E|CS|TAMS 0x00000000c0800000| PB 0x00000000c0800000| Complete 
|1033|0x00000000c0900000, 0x00000000c0a00000, 0x00000000c0a00000|100%| E|CS|TAMS 0x00000000c0900000| PB 0x00000000c0900000| Complete 
|1034|0x00000000c0a00000, 0x00000000c0b00000, 0x00000000c0b00000|100%| E|CS|TAMS 0x00000000c0a00000| PB 0x00000000c0a00000| Complete 
|1035|0x00000000c0b00000, 0x00000000c0c00000, 0x00000000c0c00000|100%| E|CS|TAMS 0x00000000c0b00000| PB 0x00000000c0b00000| Complete 
|1036|0x00000000c0c00000, 0x00000000c0d00000, 0x00000000c0d00000|100%| E|CS|TAMS 0x00000000c0c00000| PB 0x00000000c0c00000| Complete 
|1037|0x00000000c0d00000, 0x00000000c0e00000, 0x00000000c0e00000|100%| E|CS|TAMS 0x00000000c0d00000| PB 0x00000000c0d00000| Complete 
|1038|0x00000000c0e00000, 0x00000000c0f00000, 0x00000000c0f00000|100%| E|CS|TAMS 0x00000000c0e00000| PB 0x00000000c0e00000| Complete 
|1039|0x00000000c0f00000, 0x00000000c1000000, 0x00000000c1000000|100%| E|CS|TAMS 0x00000000c0f00000| PB 0x00000000c0f00000| Complete 
|1040|0x00000000c1000000, 0x00000000c1100000, 0x00000000c1100000|100%| E|CS|TAMS 0x00000000c1000000| PB 0x00000000c1000000| Complete 
|1041|0x00000000c1100000, 0x00000000c1200000, 0x00000000c1200000|100%| E|CS|TAMS 0x00000000c1100000| PB 0x00000000c1100000| Complete 
|1042|0x00000000c1200000, 0x00000000c1300000, 0x00000000c1300000|100%| E|CS|TAMS 0x00000000c1200000| PB 0x00000000c1200000| Complete 
|1043|0x00000000c1300000, 0x00000000c1400000, 0x00000000c1400000|100%| E|CS|TAMS 0x00000000c1300000| PB 0x00000000c1300000| Complete 
|1044|0x00000000c1400000, 0x00000000c1500000, 0x00000000c1500000|100%| E|CS|TAMS 0x00000000c1400000| PB 0x00000000c1400000| Complete 
|1045|0x00000000c1500000, 0x00000000c1600000, 0x00000000c1600000|100%| E|CS|TAMS 0x00000000c1500000| PB 0x00000000c1500000| Complete 
|1046|0x00000000c1600000, 0x00000000c1700000, 0x00000000c1700000|100%| E|CS|TAMS 0x00000000c1600000| PB 0x00000000c1600000| Complete 
|1047|0x00000000c1700000, 0x00000000c1800000, 0x00000000c1800000|100%| E|CS|TAMS 0x00000000c1700000| PB 0x00000000c1700000| Complete 
|1048|0x00000000c1800000, 0x00000000c1900000, 0x00000000c1900000|100%| E|CS|TAMS 0x00000000c1800000| PB 0x00000000c1800000| Complete 
|1049|0x00000000c1900000, 0x00000000c1a00000, 0x00000000c1a00000|100%| E|CS|TAMS 0x00000000c1900000| PB 0x00000000c1900000| Complete 
|1050|0x00000000c1a00000, 0x00000000c1b00000, 0x00000000c1b00000|100%| E|CS|TAMS 0x00000000c1a00000| PB 0x00000000c1a00000| Complete 
|1051|0x00000000c1b00000, 0x00000000c1c00000, 0x00000000c1c00000|100%| E|CS|TAMS 0x00000000c1b00000| PB 0x00000000c1b00000| Complete 
|1052|0x00000000c1c00000, 0x00000000c1d00000, 0x00000000c1d00000|100%| E|CS|TAMS 0x00000000c1c00000| PB 0x00000000c1c00000| Complete 
|1053|0x00000000c1d00000, 0x00000000c1e00000, 0x00000000c1e00000|100%| E|CS|TAMS 0x00000000c1d00000| PB 0x00000000c1d00000| Complete 
|1054|0x00000000c1e00000, 0x00000000c1f00000, 0x00000000c1f00000|100%| E|CS|TAMS 0x00000000c1e00000| PB 0x00000000c1e00000| Complete 
|1055|0x00000000c1f00000, 0x00000000c2000000, 0x00000000c2000000|100%| E|CS|TAMS 0x00000000c1f00000| PB 0x00000000c1f00000| Complete 
|1056|0x00000000c2000000, 0x00000000c2100000, 0x00000000c2100000|100%| E|CS|TAMS 0x00000000c2000000| PB 0x00000000c2000000| Complete 
|1057|0x00000000c2100000, 0x00000000c2200000, 0x00000000c2200000|100%| E|CS|TAMS 0x00000000c2100000| PB 0x00000000c2100000| Complete 
|1058|0x00000000c2200000, 0x00000000c2300000, 0x00000000c2300000|100%| E|CS|TAMS 0x00000000c2200000| PB 0x00000000c2200000| Complete 
|1059|0x00000000c2300000, 0x00000000c2400000, 0x00000000c2400000|100%| E|CS|TAMS 0x00000000c2300000| PB 0x00000000c2300000| Complete 
|1060|0x00000000c2400000, 0x00000000c2500000, 0x00000000c2500000|100%| E|CS|TAMS 0x00000000c2400000| PB 0x00000000c2400000| Complete 
|1061|0x00000000c2500000, 0x00000000c2600000, 0x00000000c2600000|100%| E|CS|TAMS 0x00000000c2500000| PB 0x00000000c2500000| Complete 
|1062|0x00000000c2600000, 0x00000000c2700000, 0x00000000c2700000|100%| E|CS|TAMS 0x00000000c2600000| PB 0x00000000c2600000| Complete 
|1063|0x00000000c2700000, 0x00000000c2800000, 0x00000000c2800000|100%| E|CS|TAMS 0x00000000c2700000| PB 0x00000000c2700000| Complete 
|1064|0x00000000c2800000, 0x00000000c2900000, 0x00000000c2900000|100%| E|CS|TAMS 0x00000000c2800000| PB 0x00000000c2800000| Complete 
|1065|0x00000000c2900000, 0x00000000c2a00000, 0x00000000c2a00000|100%| E|CS|TAMS 0x00000000c2900000| PB 0x00000000c2900000| Complete 
|1066|0x00000000c2a00000, 0x00000000c2b00000, 0x00000000c2b00000|100%| E|CS|TAMS 0x00000000c2a00000| PB 0x00000000c2a00000| Complete 
|1067|0x00000000c2b00000, 0x00000000c2c00000, 0x00000000c2c00000|100%| E|CS|TAMS 0x00000000c2b00000| PB 0x00000000c2b00000| Complete 
|1068|0x00000000c2c00000, 0x00000000c2d00000, 0x00000000c2d00000|100%| E|CS|TAMS 0x00000000c2c00000| PB 0x00000000c2c00000| Complete 
|1301|0x00000000d1500000, 0x00000000d1600000, 0x00000000d1600000|100%| E|CS|TAMS 0x00000000d1500000| PB 0x00000000d1500000| Complete 
|1302|0x00000000d1600000, 0x00000000d1700000, 0x00000000d1700000|100%| E|CS|TAMS 0x00000000d1600000| PB 0x00000000d1600000| Complete 
|1303|0x00000000d1700000, 0x00000000d1800000, 0x00000000d1800000|100%| E|CS|TAMS 0x00000000d1700000| PB 0x00000000d1700000| Complete 
|1304|0x00000000d1800000, 0x00000000d1900000, 0x00000000d1900000|100%| E|CS|TAMS 0x00000000d1800000| PB 0x00000000d1800000| Complete 
|1305|0x00000000d1900000, 0x00000000d1a00000, 0x00000000d1a00000|100%| E|CS|TAMS 0x00000000d1900000| PB 0x00000000d1900000| Complete 
|1306|0x00000000d1a00000, 0x00000000d1b00000, 0x00000000d1b00000|100%| E|CS|TAMS 0x00000000d1a00000| PB 0x00000000d1a00000| Complete 
|1307|0x00000000d1b00000, 0x00000000d1c00000, 0x00000000d1c00000|100%| E|CS|TAMS 0x00000000d1b00000| PB 0x00000000d1b00000| Complete 
|1308|0x00000000d1c00000, 0x00000000d1d00000, 0x00000000d1d00000|100%| E|CS|TAMS 0x00000000d1c00000| PB 0x00000000d1c00000| Complete 
|1309|0x00000000d1d00000, 0x00000000d1e00000, 0x00000000d1e00000|100%| E|CS|TAMS 0x00000000d1d00000| PB 0x00000000d1d00000| Complete 
|1310|0x00000000d1e00000, 0x00000000d1f00000, 0x00000000d1f00000|100%| E|CS|TAMS 0x00000000d1e00000| PB 0x00000000d1e00000| Complete 
|1311|0x00000000d1f00000, 0x00000000d2000000, 0x00000000d2000000|100%| E|CS|TAMS 0x00000000d1f00000| PB 0x00000000d1f00000| Complete 
|1312|0x00000000d2000000, 0x00000000d2100000, 0x00000000d2100000|100%| E|CS|TAMS 0x00000000d2000000| PB 0x00000000d2000000| Complete 
|1313|0x00000000d2100000, 0x00000000d2200000, 0x00000000d2200000|100%| E|CS|TAMS 0x00000000d2100000| PB 0x00000000d2100000| Complete 
|1314|0x00000000d2200000, 0x00000000d2300000, 0x00000000d2300000|100%| E|CS|TAMS 0x00000000d2200000| PB 0x00000000d2200000| Complete 
|1315|0x00000000d2300000, 0x00000000d2400000, 0x00000000d2400000|100%| E|CS|TAMS 0x00000000d2300000| PB 0x00000000d2300000| Complete 
|1316|0x00000000d2400000, 0x00000000d2500000, 0x00000000d2500000|100%| E|CS|TAMS 0x00000000d2400000| PB 0x00000000d2400000| Complete 
|1317|0x00000000d2500000, 0x00000000d2600000, 0x00000000d2600000|100%| E|CS|TAMS 0x00000000d2500000| PB 0x00000000d2500000| Complete 
|1318|0x00000000d2600000, 0x00000000d2700000, 0x00000000d2700000|100%| E|CS|TAMS 0x00000000d2600000| PB 0x00000000d2600000| Complete 
|1319|0x00000000d2700000, 0x00000000d2800000, 0x00000000d2800000|100%| E|CS|TAMS 0x00000000d2700000| PB 0x00000000d2700000| Complete 
|1320|0x00000000d2800000, 0x00000000d2900000, 0x00000000d2900000|100%| E|CS|TAMS 0x00000000d2800000| PB 0x00000000d2800000| Complete 
|1321|0x00000000d2900000, 0x00000000d2a00000, 0x00000000d2a00000|100%| E|CS|TAMS 0x00000000d2900000| PB 0x00000000d2900000| Complete 
|1322|0x00000000d2a00000, 0x00000000d2b00000, 0x00000000d2b00000|100%| E|CS|TAMS 0x00000000d2a00000| PB 0x00000000d2a00000| Complete 
|1983|0x00000000fbf00000, 0x00000000fc000000, 0x00000000fc000000|100%| E|CS|TAMS 0x00000000fbf00000| PB 0x00000000fbf00000| Complete 
|1984|0x00000000fc000000, 0x00000000fc100000, 0x00000000fc100000|100%| E|CS|TAMS 0x00000000fc000000| PB 0x00000000fc000000| Complete 
|1985|0x00000000fc100000, 0x00000000fc200000, 0x00000000fc200000|100%| E|CS|TAMS 0x00000000fc100000| PB 0x00000000fc100000| Complete 
|1986|0x00000000fc200000, 0x00000000fc300000, 0x00000000fc300000|100%| E|CS|TAMS 0x00000000fc200000| PB 0x00000000fc200000| Complete 
|1987|0x00000000fc300000, 0x00000000fc400000, 0x00000000fc400000|100%| E|CS|TAMS 0x00000000fc300000| PB 0x00000000fc300000| Complete 
|1988|0x00000000fc400000, 0x00000000fc500000, 0x00000000fc500000|100%| E|CS|TAMS 0x00000000fc400000| PB 0x00000000fc400000| Complete 
|1989|0x00000000fc500000, 0x00000000fc600000, 0x00000000fc600000|100%| E|CS|TAMS 0x00000000fc500000| PB 0x00000000fc500000| Complete 
|1990|0x00000000fc600000, 0x00000000fc700000, 0x00000000fc700000|100%| E|CS|TAMS 0x00000000fc600000| PB 0x00000000fc600000| Complete 
|1991|0x00000000fc700000, 0x00000000fc800000, 0x00000000fc800000|100%| E|CS|TAMS 0x00000000fc700000| PB 0x00000000fc700000| Complete 
|1992|0x00000000fc800000, 0x00000000fc900000, 0x00000000fc900000|100%| E|CS|TAMS 0x00000000fc800000| PB 0x00000000fc800000| Complete 
|1993|0x00000000fc900000, 0x00000000fca00000, 0x00000000fca00000|100%| O|  |TAMS 0x00000000fca00000| PB 0x00000000fc900000| Updating 
|1994|0x00000000fca00000, 0x00000000fcb00000, 0x00000000fcb00000|100%| E|CS|TAMS 0x00000000fca00000| PB 0x00000000fca00000| Complete 
|1995|0x00000000fcb00000, 0x00000000fcc00000, 0x00000000fcc00000|100%| E|CS|TAMS 0x00000000fcb00000| PB 0x00000000fcb00000| Complete 
|1996|0x00000000fcc00000, 0x00000000fcd00000, 0x00000000fcd00000|100%| E|CS|TAMS 0x00000000fcc00000| PB 0x00000000fcc00000| Complete 
|1997|0x00000000fcd00000, 0x00000000fce00000, 0x00000000fce00000|100%| E|CS|TAMS 0x00000000fcd00000| PB 0x00000000fcd00000| Complete 
|1998|0x00000000fce00000, 0x00000000fcf00000, 0x00000000fcf00000|100%| E|CS|TAMS 0x00000000fce00000| PB 0x00000000fce00000| Complete 
|1999|0x00000000fcf00000, 0x00000000fd000000, 0x00000000fd000000|100%| E|CS|TAMS 0x00000000fcf00000| PB 0x00000000fcf00000| Complete 
|2000|0x00000000fd000000, 0x00000000fd100000, 0x00000000fd100000|100%| E|CS|TAMS 0x00000000fd000000| PB 0x00000000fd000000| Complete 
|2001|0x00000000fd100000, 0x00000000fd200000, 0x00000000fd200000|100%| E|CS|TAMS 0x00000000fd100000| PB 0x00000000fd100000| Complete 
|2002|0x00000000fd200000, 0x00000000fd300000, 0x00000000fd300000|100%| E|CS|TAMS 0x00000000fd200000| PB 0x00000000fd200000| Complete 
|2003|0x00000000fd300000, 0x00000000fd400000, 0x00000000fd400000|100%| E|CS|TAMS 0x00000000fd300000| PB 0x00000000fd300000| Complete 
|2004|0x00000000fd400000, 0x00000000fd500000, 0x00000000fd500000|100%| E|CS|TAMS 0x00000000fd400000| PB 0x00000000fd400000| Complete 
|2005|0x00000000fd500000, 0x00000000fd600000, 0x00000000fd600000|100%| E|CS|TAMS 0x00000000fd500000| PB 0x00000000fd500000| Complete 
|2006|0x00000000fd600000, 0x00000000fd700000, 0x00000000fd700000|100%| E|CS|TAMS 0x00000000fd600000| PB 0x00000000fd600000| Complete 
|2007|0x00000000fd700000, 0x00000000fd800000, 0x00000000fd800000|100%| E|CS|TAMS 0x00000000fd700000| PB 0x00000000fd700000| Complete 
|2008|0x00000000fd800000, 0x00000000fd900000, 0x00000000fd900000|100%| E|CS|TAMS 0x00000000fd800000| PB 0x00000000fd800000| Complete 
|2009|0x00000000fd900000, 0x00000000fda00000, 0x00000000fda00000|100%| E|CS|TAMS 0x00000000fd900000| PB 0x00000000fd900000| Complete 
|2010|0x00000000fda00000, 0x00000000fdb00000, 0x00000000fdb00000|100%| E|CS|TAMS 0x00000000fda00000| PB 0x00000000fda00000| Complete 
|2011|0x00000000fdb00000, 0x00000000fdc00000, 0x00000000fdc00000|100%| E|CS|TAMS 0x00000000fdb00000| PB 0x00000000fdb00000| Complete 
|2012|0x00000000fdc00000, 0x00000000fdd00000, 0x00000000fdd00000|100%| E|CS|TAMS 0x00000000fdc00000| PB 0x00000000fdc00000| Complete 
|2013|0x00000000fdd00000, 0x00000000fde00000, 0x00000000fde00000|100%| E|CS|TAMS 0x00000000fdd00000| PB 0x00000000fdd00000| Complete 
|2014|0x00000000fde00000, 0x00000000fdf00000, 0x00000000fdf00000|100%| E|CS|TAMS 0x00000000fde00000| PB 0x00000000fde00000| Complete 
|2015|0x00000000fdf00000, 0x00000000fe000000, 0x00000000fe000000|100%| E|CS|TAMS 0x00000000fdf00000| PB 0x00000000fdf00000| Complete 
|2016|0x00000000fe000000, 0x00000000fe100000, 0x00000000fe100000|100%| E|CS|TAMS 0x00000000fe000000| PB 0x00000000fe000000| Complete 
|2017|0x00000000fe100000, 0x00000000fe200000, 0x00000000fe200000|100%| E|CS|TAMS 0x00000000fe100000| PB 0x00000000fe100000| Complete 
|2018|0x00000000fe200000, 0x00000000fe300000, 0x00000000fe300000|100%| E|CS|TAMS 0x00000000fe200000| PB 0x00000000fe200000| Complete 
|2019|0x00000000fe300000, 0x00000000fe400000, 0x00000000fe400000|100%| E|CS|TAMS 0x00000000fe300000| PB 0x00000000fe300000| Complete 
|2020|0x00000000fe400000, 0x00000000fe500000, 0x00000000fe500000|100%| E|CS|TAMS 0x00000000fe400000| PB 0x00000000fe400000| Complete 
|2021|0x00000000fe500000, 0x00000000fe600000, 0x00000000fe600000|100%| E|CS|TAMS 0x00000000fe500000| PB 0x00000000fe500000| Complete 
|2022|0x00000000fe600000, 0x00000000fe700000, 0x00000000fe700000|100%| E|CS|TAMS 0x00000000fe600000| PB 0x00000000fe600000| Complete 
|2023|0x00000000fe700000, 0x00000000fe800000, 0x00000000fe800000|100%| E|CS|TAMS 0x00000000fe700000| PB 0x00000000fe700000| Complete 
|2024|0x00000000fe800000, 0x00000000fe900000, 0x00000000fe900000|100%| E|CS|TAMS 0x00000000fe800000| PB 0x00000000fe800000| Complete 
|2025|0x00000000fe900000, 0x00000000fea00000, 0x00000000fea00000|100%| E|CS|TAMS 0x00000000fe900000| PB 0x00000000fe900000| Complete 
|2026|0x00000000fea00000, 0x00000000feb00000, 0x00000000feb00000|100%| O|  |TAMS 0x00000000feb00000| PB 0x00000000fea00000| Updating 
|2027|0x00000000feb00000, 0x00000000fec00000, 0x00000000fec00000|100%| E|CS|TAMS 0x00000000feb00000| PB 0x00000000feb00000| Complete 
|2028|0x00000000fec00000, 0x00000000fed00000, 0x00000000fed00000|100%| E|CS|TAMS 0x00000000fec00000| PB 0x00000000fec00000| Complete 
|2029|0x00000000fed00000, 0x00000000fee00000, 0x00000000fee00000|100%| E|CS|TAMS 0x00000000fed00000| PB 0x00000000fed00000| Complete 
|2030|0x00000000fee00000, 0x00000000fef00000, 0x00000000fef00000|100%| E|CS|TAMS 0x00000000fee00000| PB 0x00000000fee00000| Complete 
|2031|0x00000000fef00000, 0x00000000ff000000, 0x00000000ff000000|100%| O|  |TAMS 0x00000000ff000000| PB 0x00000000fef00000| Updating 
|2032|0x00000000ff000000, 0x00000000ff100000, 0x00000000ff100000|100%| E|CS|TAMS 0x00000000ff000000| PB 0x00000000ff000000| Complete 
|2033|0x00000000ff100000, 0x00000000ff200000, 0x00000000ff200000|100%| O|  |TAMS 0x00000000ff200000| PB 0x00000000ff100000| Updating 
|2034|0x00000000ff200000, 0x00000000ff300000, 0x00000000ff300000|100%| O|  |TAMS 0x00000000ff300000| PB 0x00000000ff200000| Updating 
|2035|0x00000000ff300000, 0x00000000ff400000, 0x00000000ff400000|100%| O|  |TAMS 0x00000000ff400000| PB 0x00000000ff300000| Untracked 
|2036|0x00000000ff400000, 0x00000000ff500000, 0x00000000ff500000|100%| O|  |TAMS 0x00000000ff500000| PB 0x00000000ff400000| Untracked 
|2037|0x00000000ff500000, 0x00000000ff600000, 0x00000000ff600000|100%| O|  |TAMS 0x00000000ff600000| PB 0x00000000ff500000| Untracked 
|2038|0x00000000ff600000, 0x00000000ff700000, 0x00000000ff700000|100%| O|  |TAMS 0x00000000ff700000| PB 0x00000000ff600000| Untracked 
|2039|0x00000000ff700000, 0x00000000ff800000, 0x00000000ff800000|100%| O|  |TAMS 0x00000000ff800000| PB 0x00000000ff700000| Untracked 
|2040|0x00000000ff800000, 0x00000000ff900000, 0x00000000ff900000|100%| O|  |TAMS 0x00000000ff900000| PB 0x00000000ff900000| Untracked 
|2041|0x00000000ff900000, 0x00000000ffa00000, 0x00000000ffa00000|100%| O|  |TAMS 0x00000000ffa00000| PB 0x00000000ff900000| Updating 
|2042|0x00000000ffa00000, 0x00000000ffb00000, 0x00000000ffb00000|100%| O|  |TAMS 0x00000000ffb00000| PB 0x00000000ffa00000| Untracked 
|2043|0x00000000ffb00000, 0x00000000ffc00000, 0x00000000ffc00000|100%| O|  |TAMS 0x00000000ffc00000| PB 0x00000000ffb00000| Untracked 
|2044|0x00000000ffc00000, 0x00000000ffd00000, 0x00000000ffd00000|100%| O|  |TAMS 0x00000000ffd00000| PB 0x00000000ffc00000| Untracked 
|2045|0x00000000ffd00000, 0x00000000ffe00000, 0x00000000ffe00000|100%| O|  |TAMS 0x00000000ffe00000| PB 0x00000000ffe00000| Untracked 
|2046|0x00000000ffe00000, 0x00000000fff00000, 0x00000000fff00000|100%| O|  |TAMS 0x00000000fff00000| PB 0x00000000fff00000| Untracked 
|2047|0x00000000fff00000, 0x0000000100000000, 0x0000000100000000|100%| E|CS|TAMS 0x00000000fff00000| PB 0x00000000fff00000| Complete 

Card table byte_map: [0x00007f3f24600000,0x00007f3f24a00000] _byte_map_base: 0x00007f3f24200000

Marking Bits: (CMBitMap*) 0x00007f3f20088100
 Bits: [0x00007f3f06800000, 0x00007f3f08800000)

Polling page: 0x00007f3f271c9000

Metaspace:

Usage:
  Non-class:    199.88 MB used.
      Class:     29.29 MB used.
       Both:    229.17 MB used.

Virtual space:
  Non-class space:      256.00 MB reserved,     201.25 MB ( 79%) committed,  4 nodes.
      Class space:        1.00 GB reserved,      30.56 MB (  3%) committed,  1 nodes.
             Both:        1.25 GB reserved,     231.81 MB ( 18%) committed. 

Chunk freelists:
   Non-Class:  6.13 MB
       Class:  1.45 MB
        Both:  7.58 MB

MaxMetaspaceSize: unlimited
CompressedClassSpaceSize: 1.00 GB
Initial GC threshold: 21.00 MB
Current GC threshold: 386.38 MB
CDS: on
 - commit_granule_bytes: 65536.
 - commit_granule_words: 8192.
 - virtual_space_node_default_size: 8388608.
 - enlarge_chunks_in_place: 1.
 - use_allocation_guard: 0.


Internal statistics:

num_allocs_failed_limit: 6.
num_arena_births: 6564.
num_arena_deaths: 2682.
num_vsnodes_births: 5.
num_vsnodes_deaths: 0.
num_space_committed: 3709.
num_space_uncommitted: 3.
num_chunks_returned_to_freelist: 3136.
num_chunks_taken_from_freelist: 18296.
num_chunk_merges: 1119.
num_chunk_splits: 11439.
num_chunks_enlarged: 7689.
num_inconsistent_stats: 0.

CodeHeap 'non-profiled nmethods': size=120028Kb used=26507Kb max_used=26519Kb free=93521Kb
 bounds [0x00007f3f102c9000, 0x00007f3f11cb9000, 0x00007f3f17800000]
CodeHeap 'profiled nmethods': size=120028Kb used=36347Kb max_used=48325Kb free=83680Kb
 bounds [0x00007f3f08800000, 0x00007f3f0b740000, 0x00007f3f0fd37000]
CodeHeap 'non-nmethods': size=5704Kb used=2623Kb max_used=2717Kb free=3080Kb
 bounds [0x00007f3f0fd37000, 0x00007f3f0fff7000, 0x00007f3f102c9000]
 total_blobs=20838 nmethods=19602 adapters=1138
 compilation: enabled
              stopped_count=0, restarted_count=0
 full_count=0

Compilation events (20 events):
Event: 3624.964 Thread 0x00007f3f201e7900 48029       2       com.android.tools.r8.internal.l22::b (357 bytes)
Event: 3624.966 Thread 0x00007f3f201e7900 nmethod 48029 0x00007f3f09ab1590 code [0x00007f3f09ab1920, 0x00007f3f09ab26e8]
Event: 3624.997 Thread 0x00007f3f201e7900 48030       2       com.android.tools.r8.internal.ru::a (33 bytes)
Event: 3624.997 Thread 0x00007f3f201e7900 nmethod 48030 0x00007f3f0a227590 code [0x00007f3f0a227740, 0x00007f3f0a227908]
Event: 3624.997 Thread 0x00007f3f201e7900 48031       2       com.android.tools.r8.graph.z::a (56 bytes)
Event: 3624.998 Thread 0x00007f3f201e7900 nmethod 48031 0x00007f3f09c32390 code [0x00007f3f09c32580, 0x00007f3f09c32858]
Event: 3625.004 Thread 0x00007f3f201e7900 48032 %     2       com.android.tools.r8.internal.t52::a @ 679 (2026 bytes)
Event: 3625.022 Thread 0x00007f3f201e7900 nmethod 48032% 0x00007f3f0a07fb90 code [0x00007f3f0a080740, 0x00007f3f0a0856d8]
Event: 3625.022 Thread 0x00007f3f201e7900 48033       3       java.util.LinkedList$ListItr::add (60 bytes)
Event: 3625.024 Thread 0x00007f3f201e7900 nmethod 48033 0x00007f3f09ca0610 code [0x00007f3f09ca07e0, 0x00007f3f09ca0c70]
Event: 3625.027 Thread 0x00007f3f201e7900 48034       2       com.android.tools.r8.internal.sg::<init> (5 bytes)
Event: 3625.028 Thread 0x00007f3f201e7900 nmethod 48034 0x00007f3f0a7a3690 code [0x00007f3f0a7a3820, 0x00007f3f0a7a3920]
Event: 3625.028 Thread 0x00007f3e70362960 nmethod 47921 0x00007f3f11cab390 code [0x00007f3f11cab700, 0x00007f3f11cad958]
Event: 3625.028 Thread 0x00007f3e70362960 48028       4       com.android.tools.r8.internal.re0::b (3610 bytes)
Event: 3625.033 Thread 0x00007f3f201e7900 48035       2       com.android.tools.r8.internal.b61::a (119 bytes)
Event: 3625.034 Thread 0x00007f3f201e7900 nmethod 48035 0x00007f3f095b2490 code [0x00007f3f095b26a0, 0x00007f3f095b2b28]
Event: 3625.057 Thread 0x00007f3f201e7900 48036       3       com.android.tools.r8.internal.ie3::isEmpty (11 bytes)
Event: 3625.057 Thread 0x00007f3f201e7900 nmethod 48036 0x00007f3f09c64d90 code [0x00007f3f09c64f20, 0x00007f3f09c65090]
Event: 3625.079 Thread 0x00007f3f201e7900 48037       3       com.android.tools.r8.internal.t52::a (196 bytes)
Event: 3625.081 Thread 0x00007f3f201e7900 nmethod 48037 0x00007f3f08da8690 code [0x00007f3f08da8a80, 0x00007f3f08daa510]

GC Heap History (20 events):
Event: 2603.858 GC heap before
{Heap before GC invocations=116 (full 0):
 garbage-first heap   total 1270784K, used 1269380K [0x0000000080000000, 0x0000000100000000)
  region size 1024K, 693 young (709632K), 19 survivors (19456K)
 Metaspace       used 225408K, committed 227968K, reserved 1310720K
  class space    used 28932K, committed 30208K, reserved 1048576K
}
Event: 2603.870 GC heap after
{Heap after GC invocations=117 (full 0):
 garbage-first heap   total 1291264K, used 359282K [0x0000000080000000, 0x0000000100000000)
  region size 1024K, 20 young (20480K), 20 survivors (20480K)
 Metaspace       used 225408K, committed 227968K, reserved 1310720K
  class space    used 28932K, committed 30208K, reserved 1048576K
}
Event: 3153.680 GC heap before
{Heap before GC invocations=117 (full 0):
 garbage-first heap   total 1291264K, used 1112946K [0x0000000080000000, 0x0000000100000000)
  region size 1024K, 756 young (774144K), 20 survivors (20480K)
 Metaspace       used 230134K, committed 232576K, reserved 1310720K
  class space    used 29484K, committed 30720K, reserved 1048576K
}
Event: 3153.778 GC heap after
{Heap after GC invocations=118 (full 0):
 garbage-first heap   total 1291264K, used 356008K [0x0000000080000000, 0x0000000100000000)
  region size 1024K, 66 young (67584K), 66 survivors (67584K)
 Metaspace       used 230134K, committed 232576K, reserved 1310720K
  class space    used 29484K, committed 30720K, reserved 1048576K
}
Event: 3154.073 GC heap before
{Heap before GC invocations=118 (full 0):
 garbage-first heap   total 1291264K, used 1061544K [0x0000000080000000, 0x0000000100000000)
  region size 1024K, 756 young (774144K), 66 survivors (67584K)
 Metaspace       used 230137K, committed 232576K, reserved 1310720K
  class space    used 29484K, committed 30720K, reserved 1048576K
}
Event: 3154.107 GC heap after
{Heap after GC invocations=119 (full 0):
 garbage-first heap   total 1291264K, used 380099K [0x0000000080000000, 0x0000000100000000)
  region size 1024K, 71 young (72704K), 71 survivors (72704K)
 Metaspace       used 230137K, committed 232576K, reserved 1310720K
  class space    used 29484K, committed 30720K, reserved 1048576K
}
Event: 3154.430 GC heap before
{Heap before GC invocations=119 (full 0):
 garbage-first heap   total 1269760K, used 1068227K [0x0000000080000000, 0x0000000100000000)
  region size 1024K, 744 young (761856K), 71 survivors (72704K)
 Metaspace       used 230139K, committed 232576K, reserved 1310720K
  class space    used 29484K, committed 30720K, reserved 1048576K
}
Event: 3154.473 GC heap after
{Heap after GC invocations=120 (full 0):
 garbage-first heap   total 1269760K, used 376819K [0x0000000080000000, 0x0000000100000000)
  region size 1024K, 24 young (24576K), 24 survivors (24576K)
 Metaspace       used 230139K, committed 232576K, reserved 1310720K
  class space    used 29484K, committed 30720K, reserved 1048576K
}
Event: 3154.761 GC heap before
{Heap before GC invocations=121 (full 0):
 garbage-first heap   total 1269760K, used 1113075K [0x0000000080000000, 0x0000000100000000)
  region size 1024K, 744 young (761856K), 24 survivors (24576K)
 Metaspace       used 230141K, committed 232576K, reserved 1310720K
  class space    used 29484K, committed 30720K, reserved 1048576K
}
Event: 3154.782 GC heap after
{Heap after GC invocations=122 (full 0):
 garbage-first heap   total 1269760K, used 389107K [0x0000000080000000, 0x0000000100000000)
  region size 1024K, 36 young (36864K), 36 survivors (36864K)
 Metaspace       used 230141K, committed 232576K, reserved 1310720K
  class space    used 29484K, committed 30720K, reserved 1048576K
}
Event: 3155.048 GC heap before
{Heap before GC invocations=122 (full 0):
 garbage-first heap   total 1269760K, used 1113075K [0x0000000080000000, 0x0000000100000000)
  region size 1024K, 744 young (761856K), 36 survivors (36864K)
 Metaspace       used 230145K, committed 232576K, reserved 1310720K
  class space    used 29484K, committed 30720K, reserved 1048576K
}
Event: 3155.070 GC heap after
{Heap after GC invocations=123 (full 0):
 garbage-first heap   total 1269760K, used 376320K [0x0000000080000000, 0x0000000100000000)
  region size 1024K, 36 young (36864K), 36 survivors (36864K)
 Metaspace       used 230145K, committed 232576K, reserved 1310720K
  class space    used 29484K, committed 30720K, reserved 1048576K
}
Event: 3155.340 GC heap before
{Heap before GC invocations=123 (full 0):
 garbage-first heap   total 1269760K, used 1100288K [0x0000000080000000, 0x0000000100000000)
  region size 1024K, 744 young (761856K), 36 survivors (36864K)
 Metaspace       used 230177K, committed 232576K, reserved 1310720K
  class space    used 29484K, committed 30720K, reserved 1048576K
}
Event: 3155.352 GC heap after
{Heap after GC invocations=124 (full 0):
 garbage-first heap   total 1421312K, used 375296K [0x0000000080000000, 0x0000000100000000)
  region size 1024K, 35 young (35840K), 35 survivors (35840K)
 Metaspace       used 230177K, committed 232576K, reserved 1310720K
  class space    used 29484K, committed 30720K, reserved 1048576K
}
Event: 3622.430 GC heap before
{Heap before GC invocations=125 (full 0):
 garbage-first heap   total 1143808K, used 1142272K [0x0000000080000000, 0x0000000100000000)
  region size 1024K, 599 young (613376K), 35 survivors (35840K)
 Metaspace       used 234689K, committed 237248K, reserved 1310720K
  class space    used 30027K, committed 31296K, reserved 1048576K
}
Event: 3622.477 GC heap after
{Heap after GC invocations=126 (full 0):
 garbage-first heap   total 1183744K, used 347136K [0x0000000080000000, 0x0000000100000000)
  region size 1024K, 39 young (39936K), 39 survivors (39936K)
 Metaspace       used 234689K, committed 237248K, reserved 1310720K
  class space    used 30027K, committed 31296K, reserved 1048576K
}
Event: 3624.252 GC heap before
{Heap before GC invocations=126 (full 0):
 garbage-first heap   total 1183744K, used 1015808K [0x0000000080000000, 0x0000000100000000)
  region size 1024K, 693 young (709632K), 39 survivors (39936K)
 Metaspace       used 234832K, committed 237376K, reserved 1310720K
  class space    used 30029K, committed 31296K, reserved 1048576K
}
Event: 3624.378 GC heap after
{Heap after GC invocations=127 (full 0):
 garbage-first heap   total 1183744K, used 367785K [0x0000000080000000, 0x0000000100000000)
  region size 1024K, 87 young (89088K), 87 survivors (89088K)
 Metaspace       used 234832K, committed 237376K, reserved 1310720K
  class space    used 30029K, committed 31296K, reserved 1048576K
}
Event: 3624.682 GC heap before
{Heap before GC invocations=127 (full 0):
 garbage-first heap   total 1183744K, used 988329K [0x0000000080000000, 0x0000000100000000)
  region size 1024K, 693 young (709632K), 87 survivors (89088K)
 Metaspace       used 234842K, committed 237376K, reserved 1310720K
  class space    used 30029K, committed 31296K, reserved 1048576K
}
Event: 3624.756 GC heap after
{Heap after GC invocations=128 (full 0):
 garbage-first heap   total 1183744K, used 374272K [0x0000000080000000, 0x0000000100000000)
  region size 1024K, 14 young (14336K), 14 survivors (14336K)
 Metaspace       used 234842K, committed 237376K, reserved 1310720K
  class space    used 30029K, committed 31296K, reserved 1048576K
}

Dll operation events (19 events):
Event: 0.001 Loaded shared library /home/notch/.sdkman/candidates/java/21.0.4-tem/lib/libjava.so
Event: 0.013 Loaded shared library /home/notch/.sdkman/candidates/java/21.0.4-tem/lib/libjsvml.so
Event: 0.035 Loaded shared library /home/notch/.sdkman/candidates/java/21.0.4-tem/lib/libzip.so
Event: 0.037 Loaded shared library /home/notch/.sdkman/candidates/java/21.0.4-tem/lib/libinstrument.so
Event: 0.039 Loaded shared library /home/notch/.sdkman/candidates/java/21.0.4-tem/lib/libnio.so
Event: 0.041 Loaded shared library /home/notch/.sdkman/candidates/java/21.0.4-tem/lib/libzip.so
Event: 0.118 Loaded shared library /home/notch/.sdkman/candidates/java/21.0.4-tem/lib/libjimage.so
Event: 0.197 Loaded shared library /home/notch/.sdkman/candidates/java/21.0.4-tem/lib/libverify.so
Event: 0.214 Loaded shared library /home/notch/.sdkman/candidates/java/21.0.4-tem/lib/libnet.so
Event: 0.214 Loaded shared library /home/notch/.gradle/native/1def1411415f61bf3af743bc5b6707747c0891f09f0c88961ee8f79bc544acac/linux-amd64/libnative-platform.so
Event: 0.221 Loaded shared library /home/notch/.gradle/native/0.2.8/x86_64-linux-gnu/libgradle-fileevents.so
Event: 0.496 Loaded shared library /home/notch/.sdkman/candidates/java/21.0.4-tem/lib/libmanagement.so
Event: 0.497 Loaded shared library /home/notch/.sdkman/candidates/java/21.0.4-tem/lib/libmanagement_ext.so
Event: 0.544 Loaded shared library /home/notch/.sdkman/candidates/java/21.0.4-tem/lib/libextnet.so
Event: 2159.352 Loaded shared library /home/notch/.sdkman/candidates/java/21.0.4-tem/lib/libawt.so
Event: 2159.353 Loaded shared library /home/notch/.sdkman/candidates/java/21.0.4-tem/lib/libawt_headless.so
Event: 2160.035 Loaded shared library /tmp/sqlite-3.41.2.2-e6af7d6b-bee2-49b5-af0d-9eee2d827527-libsqlitejdbc.so
Event: 2160.546 Loaded shared library /home/notch/.sdkman/candidates/java/21.0.4-tem/lib/librmi.so
Event: 2165.785 Unloaded shared library "/tmp/sqlite-3.41.2.2-e6af7d6b-bee2-49b5-af0d-9eee2d827527-libsqlitejdbc.so" [0x00007f3d99af8350]

Deoptimization events (20 events):
Event: 3625.097 Thread 0x00007f3d9c034ff0 DEOPT PACKING pc=0x00007f3f0b5d9831 sp=0x00007f3d2adfc600
Event: 3625.097 Thread 0x00007f3d9c034ff0 DEOPT UNPACKING pc=0x00007f3f0fd8b72f sp=0x00007f3d2adfbd20 mode 0
Event: 3625.097 Thread 0x00007f3d9c01b650 Uncommon trap: trap_request=0xffffffbe fr.pc=0x00007f3f11c95038 relative=0x0000000000001dd8
Event: 3625.097 Thread 0x00007f3d9c01b650 Uncommon trap: reason=profile_predicate action=maybe_recompile pc=0x00007f3f11c95038 method=com.android.tools.r8.internal.t52.b()V @ 888 c2
Event: 3625.097 Thread 0x00007f3d9c01b650 DEOPT PACKING pc=0x00007f3f11c95038 sp=0x00007f3d2a0fc840
Event: 3625.097 Thread 0x00007f3d9c01b650 DEOPT UNPACKING pc=0x00007f3f0fd8af99 sp=0x00007f3d2a0fc810 mode 2
Event: 3625.102 Thread 0x00007f3d9c01e700 DEOPT PACKING pc=0x00007f3f0b5d9831 sp=0x00007f3d286fc4c0
Event: 3625.102 Thread 0x00007f3d9c01e700 DEOPT UNPACKING pc=0x00007f3f0fd8b72f sp=0x00007f3d286fbc00 mode 0
Event: 3625.112 Thread 0x00007f3d9c022010 DEOPT PACKING pc=0x00007f3f0b5d9831 sp=0x00007f3d281fc600
Event: 3625.112 Thread 0x00007f3d9c022010 DEOPT UNPACKING pc=0x00007f3f0fd8b72f sp=0x00007f3d281fbd20 mode 0
Event: 3625.124 Thread 0x00007f3d9c020280 DEOPT PACKING pc=0x00007f3f0b5d9986 sp=0x00007f3d280fc600
Event: 3625.124 Thread 0x00007f3d9c020280 DEOPT UNPACKING pc=0x00007f3f0fd8b72f sp=0x00007f3d280fbd20 mode 0
Event: 3625.252 Thread 0x00007f3d9c01e700 DEOPT PACKING pc=0x00007f3f0b64765d sp=0x00007f3d286fc760
Event: 3625.252 Thread 0x00007f3d9c01e700 DEOPT UNPACKING pc=0x00007f3f0fd8b72f sp=0x00007f3d286fbd08 mode 0
Event: 3625.261 Thread 0x00007f3d9c038950 DEOPT PACKING pc=0x00007f3f0b5d9831 sp=0x00007f3d2a6fc600
Event: 3625.261 Thread 0x00007f3d9c038950 DEOPT UNPACKING pc=0x00007f3f0fd8b72f sp=0x00007f3d2a6fbd20 mode 0
Event: 3625.264 Thread 0x00007f3d9c01e700 DEOPT PACKING pc=0x00007f3f0a0ba0a3 sp=0x00007f3d286fc900
Event: 3625.264 Thread 0x00007f3d9c01e700 DEOPT UNPACKING pc=0x00007f3f0fd8b72f sp=0x00007f3d286fbf58 mode 0
Event: 3625.266 Thread 0x00007f3d9c034ff0 DEOPT PACKING pc=0x00007f3f0b5d9831 sp=0x00007f3d2adfc620
Event: 3625.266 Thread 0x00007f3d9c034ff0 DEOPT UNPACKING pc=0x00007f3f0fd8b72f sp=0x00007f3d2adfbd40 mode 0

Classes loaded (20 events):
Event: 2167.609 Loading class java/util/AbstractList$RandomAccessSubList
Event: 2167.609 Loading class java/util/AbstractList$RandomAccessSubList done
Event: 2190.544 Loading class java/lang/StackStreamFactory
Event: 2190.545 Loading class java/lang/StackStreamFactory done
Event: 2190.545 Loading class java/lang/StackWalker$ExtendedOption
Event: 2190.545 Loading class java/lang/StackWalker$ExtendedOption done
Event: 2190.545 Loading class java/lang/StackStreamFactory$StackFrameTraverser
Event: 2190.546 Loading class java/lang/StackStreamFactory$StackFrameTraverser done
Event: 2190.546 Loading class java/lang/StackStreamFactory$WalkerState
Event: 2190.546 Loading class java/lang/StackStreamFactory$WalkerState done
Event: 2190.546 Loading class java/lang/StackStreamFactory$StackFrameTraverser$StackFrameBuffer
Event: 2190.547 Loading class java/lang/StackStreamFactory$FrameBuffer
Event: 2190.547 Loading class java/lang/StackStreamFactory$FrameBuffer done
Event: 2190.547 Loading class java/lang/StackStreamFactory$StackFrameTraverser$StackFrameBuffer done
Event: 2190.547 Loading class java/util/logging/LogRecord
Event: 2190.547 Loading class java/util/logging/LogRecord done
Event: 2356.341 Loading class java/rmi/server/Unreferenced
Event: 2356.341 Loading class java/rmi/server/Unreferenced done
Event: 2602.315 Loading class sun/rmi/transport/ObjectTable$1
Event: 2602.318 Loading class sun/rmi/transport/ObjectTable$1 done

Classes unloaded (20 events):
Event: 3625.129 Thread 0x00007f3f201d16b0 Unloading class 0x00007f3ea979b000 'com/intellij/gradle/toolingExtension/impl/initScript/util/GradleJvmForkedDebuggerHelper'
Event: 3625.129 Thread 0x00007f3f201d16b0 Unloading class 0x00007f3ea9799c00 'com/intellij/gradle/toolingExtension/impl/initScript/util/GradleLifecycleUtil$$Lambda+0x00007f3ea9799c00'
Event: 3625.129 Thread 0x00007f3f201d16b0 Unloading class 0x00007f3ea9796c00 'com/intellij/gradle/toolingExtension/impl/initScript/util/GradleLifecycleUtil$$Lambda+0x00007f3ea9796c00'
Event: 3625.129 Thread 0x00007f3f201d16b0 Unloading class 0x00007f3ea9796a00 'com/intellij/gradle/toolingExtension/util/GradleVersionUtil'
Event: 3625.129 Thread 0x00007f3f201d16b0 Unloading class 0x00007f3ea9796800 'com/intellij/gradle/toolingExtension/impl/initScript/util/GradleLifecycleUtil'
Event: 3625.129 Thread 0x00007f3f201d16b0 Unloading class 0x00007f3ea9797850 'ijJvmDebugger1_1nxz8iacv3bg692g0l3pkvalm$_run_closure1$_closure2$_closure4'
Event: 3625.129 Thread 0x00007f3f201d16b0 Unloading class 0x00007f3ea9797428 'ijJvmDebugger1_1nxz8iacv3bg692g0l3pkvalm$_run_closure1$_closure2$_closure3'
Event: 3625.129 Thread 0x00007f3f201d16b0 Unloading class 0x00007f3ea9797000 'ijJvmDebugger1_1nxz8iacv3bg692g0l3pkvalm$_run_closure1$_closure2'
Event: 3625.129 Thread 0x00007f3f201d16b0 Unloading class 0x00007f3ea9796000 'ijJvmDebugger1_1nxz8iacv3bg692g0l3pkvalm$_run_closure1'
Event: 3625.129 Thread 0x00007f3f201d16b0 Unloading class 0x00007f3ea9795800 'ijJvmDebugger1_1nxz8iacv3bg692g0l3pkvalm'
Event: 3625.129 Thread 0x00007f3f201d16b0 Unloading class 0x00007f3ea9795000 'jdk/internal/reflect/GeneratedSerializationConstructorAccessor314'
Event: 3625.129 Thread 0x00007f3f201d16b0 Unloading class 0x00007f3ea9794c00 'jdk/internal/reflect/GeneratedSerializationConstructorAccessor313'
Event: 3625.129 Thread 0x00007f3f201d16b0 Unloading class 0x00007f3ea9794800 'jdk/internal/reflect/GeneratedSerializationConstructorAccessor312'
Event: 3625.129 Thread 0x00007f3f201d16b0 Unloading class 0x00007f3ea9794400 'jdk/internal/reflect/GeneratedSerializationConstructorAccessor311'
Event: 3625.129 Thread 0x00007f3f201d16b0 Unloading class 0x00007f3ea9794000 'jdk/internal/reflect/GeneratedSerializationConstructorAccessor310'
Event: 3625.129 Thread 0x00007f3f201d16b0 Unloading class 0x00007f3ea9789800 'jdk/internal/reflect/GeneratedSerializationConstructorAccessor309'
Event: 3625.129 Thread 0x00007f3f201d16b0 Unloading class 0x00007f3ea9789400 'jdk/internal/reflect/GeneratedSerializationConstructorAccessor308'
Event: 3625.129 Thread 0x00007f3f201d16b0 Unloading class 0x00007f3ea9789000 'jdk/internal/reflect/GeneratedSerializationConstructorAccessor307'
Event: 3625.129 Thread 0x00007f3f201d16b0 Unloading class 0x00007f3ea9788c00 'jdk/internal/reflect/GeneratedSerializationConstructorAccessor306'
Event: 3625.129 Thread 0x00007f3f201d16b0 Unloading class 0x00007f3ea9788800 'jdk/internal/reflect/GeneratedSerializationConstructorAccessor305'

Classes redefined (0 events):
No events

Internal exceptions (20 events):
Event: 3622.086 Thread 0x00007f3dac006460 Exception <a 'java/lang/ClassNotFoundException'{0x00000000a79b3040}: com/intellij/gradle/toolingExtension/impl/initScript/util/GradleLifecycleUtilCustomizer> (0x00000000a79b3040) 
thrown [src/hotspot/share/classfile/systemDictionary.cpp, line 312]
Event: 3622.096 Thread 0x00007f3dac006460 Exception <a 'java/lang/ClassNotFoundException'{0x00000000a7215248}: ijKotlinCoroutineJvmDebugInit1_84wf0hjeca84oepavwu4apobmBeanInfo> (0x00000000a7215248) 
thrown [src/hotspot/share/classfile/systemDictionary.cpp, line 312]
Event: 3622.096 Thread 0x00007f3dac006460 Exception <a 'java/lang/ClassNotFoundException'{0x00000000a721b6d0}: ijKotlinCoroutineJvmDebugInit1_84wf0hjeca84oepavwu4apobmCustomizer> (0x00000000a721b6d0) 
thrown [src/hotspot/share/classfile/systemDictionary.cpp, line 312]
Event: 3622.100 Thread 0x00007f3dac006460 Exception <a 'sun/nio/fs/UnixException'{0x00000000a726f008}> (0x00000000a726f008) 
thrown [src/hotspot/share/prims/jni.cpp, line 520]
Event: 3622.100 Thread 0x00007f3dac006460 Exception <a 'sun/nio/fs/UnixException'{0x00000000a72700f8}> (0x00000000a72700f8) 
thrown [src/hotspot/share/prims/jni.cpp, line 520]
Event: 3622.100 Thread 0x00007f3dac006460 Exception <a 'sun/nio/fs/UnixException'{0x00000000a72711e0}> (0x00000000a72711e0) 
thrown [src/hotspot/share/prims/jni.cpp, line 520]
Event: 3622.100 Thread 0x00007f3dac006460 Exception <a 'sun/nio/fs/UnixException'{0x00000000a72722c0}> (0x00000000a72722c0) 
thrown [src/hotspot/share/prims/jni.cpp, line 520]
Event: 3622.176 Thread 0x00007f3dac006460 Exception <a 'java/lang/ClassNotFoundException'{0x00000000a4c27f00}: com/intellij/gradle/toolingExtension/impl/initScript/util/GradleJvmForkedDebuggerHelperBeanInfo> (0x00000000a4c27f00) 
thrown [src/hotspot/share/classfile/systemDictionary.cpp, line 312]
Event: 3622.176 Thread 0x00007f3dac006460 Exception <a 'java/lang/ClassNotFoundException'{0x00000000a4c31938}: com/intellij/gradle/toolingExtension/impl/initScript/util/GradleJvmForkedDebuggerHelperCustomizer> (0x00000000a4c31938) 
thrown [src/hotspot/share/classfile/systemDictionary.cpp, line 312]
Event: 3622.180 Thread 0x00007f3dac006460 Exception <a 'java/lang/ClassNotFoundException'{0x00000000a4c7b9a8}: com/intellij/gradle/toolingExtension/impl/util/collectionUtil/GradleCollectionUtilBeanInfo> (0x00000000a4c7b9a8) 
thrown [src/hotspot/share/classfile/systemDictionary.cpp, line 312]
Event: 3622.180 Thread 0x00007f3dac006460 Exception <a 'java/lang/ClassNotFoundException'{0x00000000a4c85558}: com/intellij/gradle/toolingExtension/impl/util/collectionUtil/GradleCollectionUtilCustomizer> (0x00000000a4c85558) 
thrown [src/hotspot/share/classfile/systemDictionary.cpp, line 312]
Event: 3622.333 Thread 0x00007f3d84032870 Exception <a 'sun/nio/fs/UnixException'{0x000000009f9a1340}> (0x000000009f9a1340) 
thrown [src/hotspot/share/prims/jni.cpp, line 520]
Event: 3622.554 Thread 0x00007f3db08f6b20 Exception <a 'sun/nio/fs/UnixException'{0x00000000fd413d88}> (0x00000000fd413d88) 
thrown [src/hotspot/share/prims/jni.cpp, line 520]
Event: 3622.554 Thread 0x00007f3db08f6b20 Exception <a 'sun/nio/fs/UnixException'{0x00000000fd4163c0}> (0x00000000fd4163c0) 
thrown [src/hotspot/share/prims/jni.cpp, line 520]
Event: 3622.555 Thread 0x00007f3db08f6b20 Exception <a 'sun/nio/fs/UnixException'{0x00000000fd418180}> (0x00000000fd418180) 
thrown [src/hotspot/share/prims/jni.cpp, line 520]
Event: 3622.862 Thread 0x00007f3d84033690 Exception <a 'sun/nio/fs/UnixException'{0x00000000be130d50}> (0x00000000be130d50) 
thrown [src/hotspot/share/prims/jni.cpp, line 520]
Event: 3622.862 Thread 0x00007f3d84033690 Exception <a 'sun/nio/fs/UnixException'{0x00000000be131030}> (0x00000000be131030) 
thrown [src/hotspot/share/prims/jni.cpp, line 520]
Event: 3622.862 Thread 0x00007f3d84033690 Exception <a 'sun/nio/fs/UnixException'{0x00000000be131298}> (0x00000000be131298) 
thrown [src/hotspot/share/prims/jni.cpp, line 520]
Event: 3622.862 Thread 0x00007f3d84033690 Exception <a 'sun/nio/fs/UnixException'{0x00000000be1313d0}> (0x00000000be1313d0) 
thrown [src/hotspot/share/prims/jni.cpp, line 520]
Event: 3623.353 Thread 0x00007f3d9c01b650 Exception <a 'sun/nio/fs/UnixException'{0x00000000bda268d8}> (0x00000000bda268d8) 
thrown [src/hotspot/share/prims/jni.cpp, line 520]

ZGC Phase Switch (0 events):
No events

VM Operations (20 events):
Event: 3501.045 Executing VM operation: Cleanup
Event: 3501.045 Executing VM operation: Cleanup done
Event: 3516.046 Executing VM operation: Cleanup
Event: 3516.046 Executing VM operation: Cleanup done
Event: 3620.053 Executing VM operation: Cleanup
Event: 3620.053 Executing VM operation: Cleanup done
Event: 3621.053 Executing VM operation: Cleanup
Event: 3621.053 Executing VM operation: Cleanup done
Event: 3622.430 Executing VM operation: G1CollectForAllocation (G1 Evacuation Pause)
Event: 3622.477 Executing VM operation: G1CollectForAllocation (G1 Evacuation Pause) done
Event: 3623.478 Executing VM operation: Cleanup
Event: 3623.478 Executing VM operation: Cleanup done
Event: 3624.038 Executing VM operation: ICBufferFull
Event: 3624.039 Executing VM operation: ICBufferFull done
Event: 3624.252 Executing VM operation: G1CollectForAllocation (G1 Evacuation Pause)
Event: 3624.378 Executing VM operation: G1CollectForAllocation (G1 Evacuation Pause) done
Event: 3624.681 Executing VM operation: G1CollectForAllocation (G1 Evacuation Pause)
Event: 3624.758 Executing VM operation: G1CollectForAllocation (G1 Evacuation Pause) done
Event: 3625.124 Executing VM operation: G1PauseRemark
Event: 3625.243 Executing VM operation: G1PauseRemark done

Memory protections (20 events):
Event: 3622.781 Protecting memory [0x00007f3d28b00000,0x00007f3d28b04000] with protection modes 0
Event: 3622.845 Protecting memory [0x00007f3d28800000,0x00007f3d28804000] with protection modes 0
Event: 3622.864 Protecting memory [0x00007f3d28600000,0x00007f3d28604000] with protection modes 0
Event: 3622.869 Protecting memory [0x00007f3d28500000,0x00007f3d28504000] with protection modes 0
Event: 3622.875 Protecting memory [0x00007f3f24e79000,0x00007f3f24e7d000] with protection modes 0
Event: 3622.875 Protecting memory [0x00007f3d28300000,0x00007f3d28304000] with protection modes 0
Event: 3622.875 Protecting memory [0x00007f3d28200000,0x00007f3d28204000] with protection modes 0
Event: 3623.357 Protecting memory [0x00007f3d2a600000,0x00007f3d2a604000] with protection modes 0
Event: 3623.738 Protecting memory [0x00007f3d2ad00000,0x00007f3d2ad04000] with protection modes 0
Event: 3623.739 Protecting memory [0x00007f3d28100000,0x00007f3d28104000] with protection modes 0
Event: 3623.740 Protecting memory [0x00007f3d28000000,0x00007f3d28004000] with protection modes 0
Event: 3623.743 Protecting memory [0x00007f3d2a600000,0x00007f3d2a604000] with protection modes 0
Event: 3623.744 Protecting memory [0x00007f3d27f00000,0x00007f3d27f04000] with protection modes 0
Event: 3623.746 Protecting memory [0x00007f3d27d00000,0x00007f3d27d04000] with protection modes 0
Event: 3623.748 Protecting memory [0x00007f3d27a00000,0x00007f3d27a04000] with protection modes 0
Event: 3623.750 Protecting memory [0x00007f3d27900000,0x00007f3d27904000] with protection modes 0
Event: 3623.750 Protecting memory [0x00007f3d27700000,0x00007f3d27704000] with protection modes 0
Event: 3623.752 Protecting memory [0x00007f3d27600000,0x00007f3d27604000] with protection modes 0
Event: 3623.753 Protecting memory [0x00007f3d27500000,0x00007f3d27504000] with protection modes 0
Event: 3623.758 Protecting memory [0x00007f3d27300000,0x00007f3d27304000] with protection modes 0

Nmethod flushes (20 events):
Event: 3625.239 Thread 0x00007f3f201d16b0 flushing  nmethod 0x00007f3f0aa42690
Event: 3625.239 Thread 0x00007f3f201d16b0 flushing  nmethod 0x00007f3f0aa42c90
Event: 3625.239 Thread 0x00007f3f201d16b0 flushing  nmethod 0x00007f3f0aa44b90
Event: 3625.239 Thread 0x00007f3f201d16b0 flushing  nmethod 0x00007f3f0aa46390
Event: 3625.239 Thread 0x00007f3f201d16b0 flushing  nmethod 0x00007f3f0aa48a90
Event: 3625.239 Thread 0x00007f3f201d16b0 flushing  nmethod 0x00007f3f0aa49790
Event: 3625.239 Thread 0x00007f3f201d16b0 flushing  nmethod 0x00007f3f0aa4a810
Event: 3625.239 Thread 0x00007f3f201d16b0 flushing  nmethod 0x00007f3f0aa4ae10
Event: 3625.239 Thread 0x00007f3f201d16b0 flushing  nmethod 0x00007f3f0aec3c10
Event: 3625.239 Thread 0x00007f3f201d16b0 flushing  nmethod 0x00007f3f0aec4490
Event: 3625.239 Thread 0x00007f3f201d16b0 flushing  nmethod 0x00007f3f0aedc110
Event: 3625.239 Thread 0x00007f3f201d16b0 flushing  nmethod 0x00007f3f0af12510
Event: 3625.239 Thread 0x00007f3f201d16b0 flushing  nmethod 0x00007f3f094ce410
Event: 3625.239 Thread 0x00007f3f201d16b0 flushing  nmethod 0x00007f3f094ea110
Event: 3625.239 Thread 0x00007f3f201d16b0 flushing  nmethod 0x00007f3f097eb190
Event: 3625.239 Thread 0x00007f3f201d16b0 flushing  nmethod 0x00007f3f0a062810
Event: 3625.239 Thread 0x00007f3f201d16b0 flushing  nmethod 0x00007f3f0a4afd90
Event: 3625.239 Thread 0x00007f3f201d16b0 flushing  nmethod 0x00007f3f0a507f10
Event: 3625.239 Thread 0x00007f3f201d16b0 flushing  nmethod 0x00007f3f0a56d790
Event: 3625.239 Thread 0x00007f3f201d16b0 flushing  nmethod 0x00007f3f0a575c10

Events (20 events):
Event: 3622.869 Thread 0x00007f3d9c01b650 Thread added: 0x00007f3e8400f9c0
Event: 3622.875 Thread 0x00007f3d9c01b650 Thread added: 0x00007f3e84004960
Event: 3622.875 Thread 0x00007f3d9c01b650 Thread added: 0x00007f3e84003360
Event: 3622.875 Thread 0x00007f3d9c01b650 Thread added: 0x00007f3e8403ef60
Event: 3623.304 Thread 0x00007f3e74874260 Thread exited: 0x00007f3e74874260
Event: 3623.307 Thread 0x00007f3e74698e50 Thread exited: 0x00007f3e74698e50
Event: 3623.357 Thread 0x00007f3f201e7900 Thread added: 0x00007f3e74698e50
Event: 3623.738 Thread 0x00007f3d84033690 Thread added: 0x00007f3d9c034ff0
Event: 3623.739 Thread 0x00007f3d84033690 Thread added: 0x00007f3d9c022010
Event: 3623.740 Thread 0x00007f3d84033690 Thread added: 0x00007f3d9c020280
Event: 3623.740 Thread 0x00007f3e74698e50 Thread exited: 0x00007f3e74698e50
Event: 3623.742 Thread 0x00007f3d84033690 Thread added: 0x00007f3d9c038950
Event: 3623.743 Thread 0x00007f3d84033690 Thread added: 0x00007f3d9c020b00
Event: 3623.746 Thread 0x00007f3d84033690 Thread added: 0x00007f3d9c02f6f0
Event: 3623.748 Thread 0x00007f3d84033690 Thread added: 0x00007f3d9c037760
Event: 3623.748 Thread 0x00007f3d84033690 Thread added: 0x00007f3d9c035a40
Event: 3623.750 Thread 0x00007f3d84033690 Thread added: 0x00007f3d9c02b100
Event: 3623.751 Thread 0x00007f3d84033690 Thread added: 0x00007f3d9c028cd0
Event: 3623.753 Thread 0x00007f3d84033690 Thread added: 0x00007f3d9c030e90
Event: 3623.756 Thread 0x00007f3f201e6240 Thread added: 0x00007f3e70362960


Dynamic libraries:
80000000-c2d00000 rw-p 00000000 00:00 0 
c2d00000-d1500000 ---p 00000000 00:00 0 
d1500000-d2b00000 rw-p 00000000 00:00 0 
d2b00000-fbf00000 ---p 00000000 00:00 0 
fbf00000-ffe00000 rw-p 00000000 00:00 0 
ffe00000-fff08000 rw-p 00ced000 00:23 1911981                            /home/notch/.sdkman/candidates/java/21.0.4-tem/lib/server/classes.jsa
fff08000-100000000 rw-p 00000000 00:00 0 
55e2a638e000-55e2a638f000 r-xp 00000000 00:23 1911946                    /home/notch/.sdkman/candidates/java/21.0.4-tem/bin/java
55e2a6390000-55e2a6391000 r--p 00001000 00:23 1911946                    /home/notch/.sdkman/candidates/java/21.0.4-tem/bin/java
55e2a6391000-55e2a6392000 rw-p 00002000 00:23 1911946                    /home/notch/.sdkman/candidates/java/21.0.4-tem/bin/java
55e2b6df0000-55e2b712e000 rw-p 00000000 00:00 0                          [heap]
7f3d0b000000-7f3d0b100000 rw-p 00000000 00:00 0 
7f3d0b100000-7f3d0b130000 rw-p 00000000 00:00 0 
7f3d0b130000-7f3d0b200000 ---p 00000000 00:00 0 
7f3d0b200000-7f3d0ba10000 rw-p 00000000 00:00 0 
7f3d0ba10000-7f3d0f000000 ---p 00000000 00:00 0 
7f3d10000000-7f3d110b2000 rw-p 00000000 00:00 0 
7f3d110b2000-7f3d14000000 ---p 00000000 00:00 0 
7f3d15800000-7f3d1df59000 r--s 00000000 00:23 1912005                    /home/notch/.sdkman/candidates/java/21.0.4-tem/lib/modules
7f3d1e000000-7f3d1e900000 rw-p 00000000 00:00 0 
7f3d1e900000-7f3d1ea00000 rw-p 00000000 00:00 0 
7f3d1ea00000-7f3d20d00000 rw-p 00000000 00:00 0 
7f3d20d00000-7f3d22000000 rw-p 00000000 00:00 0 
7f3d27300000-7f3d27304000 ---p 00000000 00:00 0 
7f3d27304000-7f3d27400000 rw-p 00000000 00:00 0 
7f3d27400000-7f3d27404000 ---p 00000000 00:00 0 
7f3d27404000-7f3d27500000 rw-p 00000000 00:00 0 
7f3d27500000-7f3d27504000 ---p 00000000 00:00 0 
7f3d27504000-7f3d27600000 rw-p 00000000 00:00 0 
7f3d27600000-7f3d27604000 ---p 00000000 00:00 0 
7f3d27604000-7f3d27700000 rw-p 00000000 00:00 0 
7f3d27700000-7f3d27704000 ---p 00000000 00:00 0 
7f3d27704000-7f3d27800000 rw-p 00000000 00:00 0 
7f3d27800000-7f3d27804000 ---p 00000000 00:00 0 
7f3d27804000-7f3d27900000 rw-p 00000000 00:00 0 
7f3d27900000-7f3d27904000 ---p 00000000 00:00 0 
7f3d27904000-7f3d27a00000 rw-p 00000000 00:00 0 
7f3d27a00000-7f3d27a04000 ---p 00000000 00:00 0 
7f3d27a04000-7f3d27b00000 rw-p 00000000 00:00 0 
7f3d27b00000-7f3d27b04000 ---p 00000000 00:00 0 
7f3d27b04000-7f3d27c00000 rw-p 00000000 00:00 0 
7f3d27c00000-7f3d27c04000 ---p 00000000 00:00 0 
7f3d27c04000-7f3d27d00000 rw-p 00000000 00:00 0 
7f3d27d00000-7f3d27d04000 ---p 00000000 00:00 0 
7f3d27d04000-7f3d27e00000 rw-p 00000000 00:00 0 
7f3d27e00000-7f3d27e04000 ---p 00000000 00:00 0 
7f3d27e04000-7f3d27f00000 rw-p 00000000 00:00 0 
7f3d27f00000-7f3d27f04000 ---p 00000000 00:00 0 
7f3d27f04000-7f3d28000000 rw-p 00000000 00:00 0 
7f3d28000000-7f3d28004000 ---p 00000000 00:00 0 
7f3d28004000-7f3d28100000 rw-p 00000000 00:00 0 
7f3d28100000-7f3d28104000 ---p 00000000 00:00 0 
7f3d28104000-7f3d28200000 rw-p 00000000 00:00 0 
7f3d28200000-7f3d28204000 ---p 00000000 00:00 0 
7f3d28204000-7f3d28300000 rw-p 00000000 00:00 0 
7f3d28300000-7f3d28304000 ---p 00000000 00:00 0 
7f3d28304000-7f3d28400000 rw-p 00000000 00:00 0 
7f3d28400000-7f3d28404000 ---p 00000000 00:00 0 
7f3d28404000-7f3d28500000 rw-p 00000000 00:00 0 
7f3d28500000-7f3d28504000 ---p 00000000 00:00 0 
7f3d28504000-7f3d28600000 rw-p 00000000 00:00 0 
7f3d28600000-7f3d28604000 ---p 00000000 00:00 0 
7f3d28604000-7f3d28700000 rw-p 00000000 00:00 0 
7f3d28700000-7f3d28704000 ---p 00000000 00:00 0 
7f3d28704000-7f3d28800000 rw-p 00000000 00:00 0 
7f3d28800000-7f3d28804000 ---p 00000000 00:00 0 
7f3d28804000-7f3d28900000 rw-p 00000000 00:00 0 
7f3d28900000-7f3d28904000 ---p 00000000 00:00 0 
7f3d28904000-7f3d28a00000 rw-p 00000000 00:00 0 
7f3d28a00000-7f3d28a04000 ---p 00000000 00:00 0 
7f3d28a04000-7f3d28b00000 rw-p 00000000 00:00 0 
7f3d28b00000-7f3d28b04000 ---p 00000000 00:00 0 
7f3d28b04000-7f3d28c00000 rw-p 00000000 00:00 0 
7f3d28c00000-7f3d28c04000 ---p 00000000 00:00 0 
7f3d28c04000-7f3d28d00000 rw-p 00000000 00:00 0 
7f3d28d00000-7f3d28d04000 ---p 00000000 00:00 0 
7f3d28d04000-7f3d28e00000 rw-p 00000000 00:00 0 
7f3d28e00000-7f3d28e04000 ---p 00000000 00:00 0 
7f3d28e04000-7f3d28f00000 rw-p 00000000 00:00 0 
7f3d28f00000-7f3d28f04000 ---p 00000000 00:00 0 
7f3d28f04000-7f3d29000000 rw-p 00000000 00:00 0 
7f3d29000000-7f3d29004000 ---p 00000000 00:00 0 
7f3d29004000-7f3d29100000 rw-p 00000000 00:00 0 
7f3d29100000-7f3d29104000 ---p 00000000 00:00 0 
7f3d29104000-7f3d29200000 rw-p 00000000 00:00 0 
7f3d29200000-7f3d29204000 ---p 00000000 00:00 0 
7f3d29204000-7f3d29300000 rw-p 00000000 00:00 0 
7f3d29300000-7f3d29304000 ---p 00000000 00:00 0 
7f3d29304000-7f3d29400000 rw-p 00000000 00:00 0 
7f3d29400000-7f3d29404000 ---p 00000000 00:00 0 
7f3d29404000-7f3d29500000 rw-p 00000000 00:00 0 
7f3d29500000-7f3d29504000 ---p 00000000 00:00 0 
7f3d29504000-7f3d29600000 rw-p 00000000 00:00 0 
7f3d29600000-7f3d29604000 ---p 00000000 00:00 0 
7f3d29604000-7f3d29700000 rw-p 00000000 00:00 0 
7f3d29700000-7f3d29704000 ---p 00000000 00:00 0 
7f3d29704000-7f3d29800000 rw-p 00000000 00:00 0 
7f3d29800000-7f3d29804000 ---p 00000000 00:00 0 
7f3d29804000-7f3d29900000 rw-p 00000000 00:00 0 
7f3d29900000-7f3d29904000 ---p 00000000 00:00 0 
7f3d29904000-7f3d29a00000 rw-p 00000000 00:00 0 
7f3d29a00000-7f3d29a04000 ---p 00000000 00:00 0 
7f3d29a04000-7f3d29b00000 rw-p 00000000 00:00 0 
7f3d29b00000-7f3d29b04000 ---p 00000000 00:00 0 
7f3d29b04000-7f3d29c00000 rw-p 00000000 00:00 0 
7f3d29c00000-7f3d29c04000 ---p 00000000 00:00 0 
7f3d29c04000-7f3d29d00000 rw-p 00000000 00:00 0 
7f3d29d00000-7f3d29d04000 ---p 00000000 00:00 0 
7f3d29d04000-7f3d29e00000 rw-p 00000000 00:00 0 
7f3d29e00000-7f3d29e04000 ---p 00000000 00:00 0 
7f3d29e04000-7f3d29f00000 rw-p 00000000 00:00 0 
7f3d29f00000-7f3d29f04000 ---p 00000000 00:00 0 
7f3d29f04000-7f3d2a000000 rw-p 00000000 00:00 0 
7f3d2a000000-7f3d2a004000 ---p 00000000 00:00 0 
7f3d2a004000-7f3d2a100000 rw-p 00000000 00:00 0 
7f3d2a100000-7f3d2a104000 ---p 00000000 00:00 0 
7f3d2a104000-7f3d2a200000 rw-p 00000000 00:00 0 
7f3d2a200000-7f3d2a204000 ---p 00000000 00:00 0 
7f3d2a204000-7f3d2a300000 rw-p 00000000 00:00 0 
7f3d2a300000-7f3d2a304000 ---p 00000000 00:00 0 
7f3d2a304000-7f3d2a400000 rw-p 00000000 00:00 0 
7f3d2a400000-7f3d2a404000 ---p 00000000 00:00 0 
7f3d2a404000-7f3d2a500000 rw-p 00000000 00:00 0 
7f3d2a500000-7f3d2a504000 ---p 00000000 00:00 0 
7f3d2a504000-7f3d2a600000 rw-p 00000000 00:00 0 
7f3d2a600000-7f3d2a604000 ---p 00000000 00:00 0 
7f3d2a604000-7f3d2a700000 rw-p 00000000 00:00 0 
7f3d2a700000-7f3d2a704000 ---p 00000000 00:00 0 
7f3d2a704000-7f3d2a800000 rw-p 00000000 00:00 0 
7f3d2a800000-7f3d2a804000 ---p 00000000 00:00 0 
7f3d2a804000-7f3d2a900000 rw-p 00000000 00:00 0 
7f3d2a900000-7f3d2a904000 ---p 00000000 00:00 0 
7f3d2a904000-7f3d2aa00000 rw-p 00000000 00:00 0 
7f3d2aa00000-7f3d2aa04000 ---p 00000000 00:00 0 
7f3d2aa04000-7f3d2ab00000 rw-p 00000000 00:00 0 
7f3d2ab00000-7f3d2ab04000 ---p 00000000 00:00 0 
7f3d2ab04000-7f3d2ac00000 rw-p 00000000 00:00 0 
7f3d2ac00000-7f3d2ac04000 ---p 00000000 00:00 0 
7f3d2ac04000-7f3d2ad00000 rw-p 00000000 00:00 0 
7f3d2ad00000-7f3d2ad04000 ---p 00000000 00:00 0 
7f3d2ad04000-7f3d2ae00000 rw-p 00000000 00:00 0 
7f3d2ae00000-7f3d2ae04000 ---p 00000000 00:00 0 
7f3d2ae04000-7f3d2af00000 rw-p 00000000 00:00 0 
7f3d2af00000-7f3d2af04000 ---p 00000000 00:00 0 
7f3d2af04000-7f3d2b000000 rw-p 00000000 00:00 0 
7f3d2b000000-7f3d2b004000 ---p 00000000 00:00 0 
7f3d2b004000-7f3d2b100000 rw-p 00000000 00:00 0 
7f3d2b100000-7f3d2b104000 ---p 00000000 00:00 0 
7f3d2b104000-7f3d2b200000 rw-p 00000000 00:00 0 
7f3d2b200000-7f3d2b204000 ---p 00000000 00:00 0 
7f3d2b204000-7f3d2b300000 rw-p 00000000 00:00 0 
7f3d2b300000-7f3d2b304000 ---p 00000000 00:00 0 
7f3d2b304000-7f3d2b400000 rw-p 00000000 00:00 0 
7f3d2b400000-7f3d2b404000 ---p 00000000 00:00 0 
7f3d2b404000-7f3d2b500000 rw-p 00000000 00:00 0 
7f3d2b500000-7f3d2b504000 ---p 00000000 00:00 0 
7f3d2b504000-7f3d2b600000 rw-p 00000000 00:00 0 
7f3d2b600000-7f3d2b604000 ---p 00000000 00:00 0 
7f3d2b604000-7f3d2b700000 rw-p 00000000 00:00 0 
7f3d2b700000-7f3d2b704000 ---p 00000000 00:00 0 
7f3d2b704000-7f3d2b800000 rw-p 00000000 00:00 0 
7f3d2b800000-7f3d2b804000 ---p 00000000 00:00 0 
7f3d2b804000-7f3d2b900000 rw-p 00000000 00:00 0 
7f3d2b900000-7f3d2b904000 ---p 00000000 00:00 0 
7f3d2b904000-7f3d2ba00000 rw-p 00000000 00:00 0 
7f3d2ba00000-7f3d2ba04000 ---p 00000000 00:00 0 
7f3d2ba04000-7f3d2bb00000 rw-p 00000000 00:00 0 
7f3d2bb00000-7f3d2bb04000 ---p 00000000 00:00 0 
7f3d2bb04000-7f3d2bc00000 rw-p 00000000 00:00 0 
7f3d2bc00000-7f3d2bc04000 ---p 00000000 00:00 0 
7f3d2bc04000-7f3d2bd00000 rw-p 00000000 00:00 0 
7f3d2bd00000-7f3d2bd04000 ---p 00000000 00:00 0 
7f3d2bd04000-7f3d2be00000 rw-p 00000000 00:00 0 
7f3d2be00000-7f3d2be04000 ---p 00000000 00:00 0 
7f3d2be04000-7f3d2bf00000 rw-p 00000000 00:00 0 
7f3d2bf00000-7f3d2bf04000 ---p 00000000 00:00 0 
7f3d2bf04000-7f3d2c000000 rw-p 00000000 00:00 0 
7f3d2c000000-7f3d2d700000 rw-p 00000000 00:00 0 
7f3d2d700000-7f3d2d800000 rw-p 00000000 00:00 0 
7f3d2d800000-7f3d2d9c0000 rw-p 00000000 00:00 0 
7f3d2d9c0000-7f3d2da00000 rw-p 00000000 00:00 0 
7f3d2da00000-7f3d2de00000 rw-p 00000000 00:00 0 
7f3d2de00000-7f3d2e300000 rw-p 00000000 00:00 0 
7f3d2e300000-7f3d2e400000 rw-p 00000000 00:00 0 
7f3d2e400000-7f3d2e900000 rw-p 00000000 00:00 0 
7f3d2e900000-7f3d2ea00000 rw-p 00000000 00:00 0 
7f3d2ea00000-7f3d2ed80000 rw-p 00000000 00:00 0 
7f3d2ed80000-7f3d2ee00000 rw-p 00000000 00:00 0 
7f3d2ee00000-7f3d2f180000 rw-p 00000000 00:00 0 
7f3d2f180000-7f3d2f200000 rw-p 00000000 00:00 0 
7f3d2f200000-7f3d2f7c0000 rw-p 00000000 00:00 0 
7f3d2f7c0000-7f3d2f800000 rw-p 00000000 00:00 0 
7f3d2f800000-7f3d30000000 rw-p 00000000 00:00 0 
7f3d30000000-7f3d312ac000 rw-p 00000000 00:00 0 
7f3d312ac000-7f3d34000000 ---p 00000000 00:00 0 
7f3d34000000-7f3d34c8b000 rw-p 00000000 00:00 0 
7f3d34c8b000-7f3d38000000 ---p 00000000 00:00 0 
7f3d38000000-7f3d3807f000 rw-p 00000000 00:00 0 
7f3d3807f000-7f3d3c000000 ---p 00000000 00:00 0 
7f3d3c000000-7f3d3c021000 rw-p 00000000 00:00 0 
7f3d3c021000-7f3d40000000 ---p 00000000 00:00 0 
7f3d40000000-7f3d4002b000 rw-p 00000000 00:00 0 
7f3d4002b000-7f3d44000000 ---p 00000000 00:00 0 
7f3d44000000-7f3d44086000 rw-p 00000000 00:00 0 
7f3d44086000-7f3d48000000 ---p 00000000 00:00 0 
7f3d48000000-7f3d48082000 rw-p 00000000 00:00 0 
7f3d48082000-7f3d4c000000 ---p 00000000 00:00 0 
7f3d4c000000-7f3d4c125000 rw-p 00000000 00:00 0 
7f3d4c125000-7f3d50000000 ---p 00000000 00:00 0 
7f3d50000000-7f3d50065000 rw-p 00000000 00:00 0 
7f3d50065000-7f3d54000000 ---p 00000000 00:00 0 
7f3d54000000-7f3d55635000 rw-p 00000000 00:00 0 
7f3d55635000-7f3d58000000 ---p 00000000 00:00 0 
7f3d58000000-7f3d5805c000 rw-p 00000000 00:00 0 
7f3d5805c000-7f3d5c000000 ---p 00000000 00:00 0 
7f3d5c000000-7f3d5dd8b000 rw-p 00000000 00:00 0 
7f3d5dd8b000-7f3d60000000 ---p 00000000 00:00 0 
7f3d60000000-7f3d60c5a000 rw-p 00000000 00:00 0 
7f3d60c5a000-7f3d64000000 ---p 00000000 00:00 0 
7f3d64000000-7f3d64bf3000 rw-p 00000000 00:00 0 
7f3d64bf3000-7f3d68000000 ---p 00000000 00:00 0 
7f3d68000000-7f3d6804d000 rw-p 00000000 00:00 0 
7f3d6804d000-7f3d6c000000 ---p 00000000 00:00 0 
7f3d6c000000-7f3d6d48e000 rw-p 00000000 00:00 0 
7f3d6d48e000-7f3d70000000 ---p 00000000 00:00 0 
7f3d70000000-7f3d7004a000 rw-p 00000000 00:00 0 
7f3d7004a000-7f3d74000000 ---p 00000000 00:00 0 
7f3d74000000-7f3d740b9000 rw-p 00000000 00:00 0 
7f3d740b9000-7f3d78000000 ---p 00000000 00:00 0 
7f3d78000000-7f3d78072000 rw-p 00000000 00:00 0 
7f3d78072000-7f3d7c000000 ---p 00000000 00:00 0 
7f3d7c000000-7f3d7cf47000 rw-p 00000000 00:00 0 
7f3d7cf47000-7f3d80000000 ---p 00000000 00:00 0 
7f3d80000000-7f3d82096000 rw-p 00000000 00:00 0 
7f3d82096000-7f3d84000000 ---p 00000000 00:00 0 
7f3d84000000-7f3d84427000 rw-p 00000000 00:00 0 
7f3d84427000-7f3d88000000 ---p 00000000 00:00 0 
7f3d88000000-7f3d88d27000 rw-p 00000000 00:00 0 
7f3d88d27000-7f3d8c000000 ---p 00000000 00:00 0 
7f3d8c000000-7f3d8d631000 rw-p 00000000 00:00 0 
7f3d8d631000-7f3d90000000 ---p 00000000 00:00 0 
7f3d90000000-7f3d90c82000 rw-p 00000000 00:00 0 
7f3d90c82000-7f3d94000000 ---p 00000000 00:00 0 
7f3d94000000-7f3d94f80000 rw-p 00000000 00:00 0 
7f3d94f80000-7f3d98000000 ---p 00000000 00:00 0 
7f3d98000000-7f3d99c1f000 rw-p 00000000 00:00 0 
7f3d99c1f000-7f3d9c000000 ---p 00000000 00:00 0 
7f3d9c000000-7f3d9c361000 rw-p 00000000 00:00 0 
7f3d9c361000-7f3da0000000 ---p 00000000 00:00 0 
7f3da0000000-7f3da04e6000 rw-p 00000000 00:00 0 
7f3da04e6000-7f3da4000000 ---p 00000000 00:00 0 
7f3da4000000-7f3da6662000 rw-p 00000000 00:00 0 
7f3da6662000-7f3da8000000 ---p 00000000 00:00 0 
7f3da8000000-7f3da8058000 rw-p 00000000 00:00 0 
7f3da8058000-7f3dac000000 ---p 00000000 00:00 0 
7f3dac000000-7f3dac1a8000 rw-p 00000000 00:00 0 
7f3dac1a8000-7f3db0000000 ---p 00000000 00:00 0 
7f3db0000000-7f3db1130000 rw-p 00000000 00:00 0 
7f3db1130000-7f3db4000000 ---p 00000000 00:00 0 
7f3db4000000-7f3db4fb5000 rw-p 00000000 00:00 0 
7f3db4fb5000-7f3db8000000 ---p 00000000 00:00 0 
7f3db8000000-7f3db82ba000 rw-p 00000000 00:00 0 
7f3db82ba000-7f3dbc000000 ---p 00000000 00:00 0 
7f3dbc000000-7f3dbcf79000 rw-p 00000000 00:00 0 
7f3dbcf79000-7f3dc0000000 ---p 00000000 00:00 0 
7f3dc0000000-7f3dc022a000 rw-p 00000000 00:00 0 
7f3dc022a000-7f3dc4000000 ---p 00000000 00:00 0 
7f3dc4000000-7f3dc41bf000 rw-p 00000000 00:00 0 
7f3dc41bf000-7f3dc8000000 ---p 00000000 00:00 0 
7f3dc8000000-7f3dc8093000 rw-p 00000000 00:00 0 
7f3dc8093000-7f3dcc000000 ---p 00000000 00:00 0 
7f3dcc000000-7f3dcc021000 rw-p 00000000 00:00 0 
7f3dcc021000-7f3dd0000000 ---p 00000000 00:00 0 
7f3dd0000000-7f3dd0195000 rw-p 00000000 00:00 0 
7f3dd0195000-7f3dd4000000 ---p 00000000 00:00 0 
7f3dd4000000-7f3dd40a7000 rw-p 00000000 00:00 0 
7f3dd40a7000-7f3dd8000000 ---p 00000000 00:00 0 
7f3dd8000000-7f3dd80aa000 rw-p 00000000 00:00 0 
7f3dd80aa000-7f3ddc000000 ---p 00000000 00:00 0 
7f3ddc000000-7f3ddc021000 rw-p 00000000 00:00 0 
7f3ddc021000-7f3de0000000 ---p 00000000 00:00 0 
7f3de0000000-7f3de0021000 rw-p 00000000 00:00 0 
7f3de0021000-7f3de4000000 ---p 00000000 00:00 0 
7f3de4000000-7f3de40c3000 rw-p 00000000 00:00 0 
7f3de40c3000-7f3de8000000 ---p 00000000 00:00 0 
7f3de8000000-7f3de8079000 rw-p 00000000 00:00 0 
7f3de8079000-7f3dec000000 ---p 00000000 00:00 0 
7f3dec000000-7f3dec04c000 rw-p 00000000 00:00 0 
7f3dec04c000-7f3df0000000 ---p 00000000 00:00 0 
7f3df0000000-7f3df0021000 rw-p 00000000 00:00 0 
7f3df0021000-7f3df4000000 ---p 00000000 00:00 0 
7f3df4000000-7f3df4a1e000 rw-p 00000000 00:00 0 
7f3df4a1e000-7f3df8000000 ---p 00000000 00:00 0 
7f3df8000000-7f3df808c000 rw-p 00000000 00:00 0 
7f3df808c000-7f3dfc000000 ---p 00000000 00:00 0 
7f3dfc000000-7f3dfc521000 rw-p 00000000 00:00 0 
7f3dfc521000-7f3e00000000 ---p 00000000 00:00 0 
7f3e00000000-7f3e001b7000 rw-p 00000000 00:00 0 
7f3e001b7000-7f3e04000000 ---p 00000000 00:00 0 
7f3e04000000-7f3e0432f000 rw-p 00000000 00:00 0 
7f3e0432f000-7f3e08000000 ---p 00000000 00:00 0 
7f3e08000000-7f3e0812b000 rw-p 00000000 00:00 0 
7f3e0812b000-7f3e0c000000 ---p 00000000 00:00 0 
7f3e0c000000-7f3e0c1b6000 rw-p 00000000 00:00 0 
7f3e0c1b6000-7f3e10000000 ---p 00000000 00:00 0 
7f3e10000000-7f3e10198000 rw-p 00000000 00:00 0 
7f3e10198000-7f3e14000000 ---p 00000000 00:00 0 
7f3e14000000-7f3e1415e000 rw-p 00000000 00:00 0 
7f3e1415e000-7f3e18000000 ---p 00000000 00:00 0 
7f3e18000000-7f3e182c7000 rw-p 00000000 00:00 0 
7f3e182c7000-7f3e1c000000 ---p 00000000 00:00 0 
7f3e1c000000-7f3e1d673000 rw-p 00000000 00:00 0 
7f3e1d673000-7f3e20000000 ---p 00000000 00:00 0 
7f3e20000000-7f3e200a2000 rw-p 00000000 00:00 0 
7f3e200a2000-7f3e24000000 ---p 00000000 00:00 0 
7f3e24000000-7f3e2411b000 rw-p 00000000 00:00 0 
7f3e2411b000-7f3e28000000 ---p 00000000 00:00 0 
7f3e28000000-7f3e28066000 rw-p 00000000 00:00 0 
7f3e28066000-7f3e2c000000 ---p 00000000 00:00 0 
7f3e2c000000-7f3e2c1d1000 rw-p 00000000 00:00 0 
7f3e2c1d1000-7f3e30000000 ---p 00000000 00:00 0 
7f3e30000000-7f3e34000000 rw-p 00000000 00:00 0 
7f3e34000000-7f3e357b0000 rw-p 00000000 00:00 0 
7f3e357b0000-7f3e38000000 ---p 00000000 00:00 0 
7f3e38000000-7f3e38228000 rw-p 00000000 00:00 0 
7f3e38228000-7f3e3c000000 ---p 00000000 00:00 0 
7f3e3c000000-7f3e3c1c5000 rw-p 00000000 00:00 0 
7f3e3c1c5000-7f3e40000000 ---p 00000000 00:00 0 
7f3e40000000-7f3e414d3000 rw-p 00000000 00:00 0 
7f3e414d3000-7f3e44000000 ---p 00000000 00:00 0 
7f3e44000000-7f3e441af000 rw-p 00000000 00:00 0 
7f3e441af000-7f3e48000000 ---p 00000000 00:00 0 
7f3e48000000-7f3e48fb4000 rw-p 00000000 00:00 0 
7f3e48fb4000-7f3e4c000000 ---p 00000000 00:00 0 
7f3e4c000000-7f3e4c5a5000 rw-p 00000000 00:00 0 
7f3e4c5a5000-7f3e50000000 ---p 00000000 00:00 0 
7f3e50000000-7f3e500a7000 rw-p 00000000 00:00 0 
7f3e500a7000-7f3e54000000 ---p 00000000 00:00 0 
7f3e54000000-7f3e54499000 rw-p 00000000 00:00 0 
7f3e54499000-7f3e58000000 ---p 00000000 00:00 0 
7f3e58000000-7f3e59ed5000 rw-p 00000000 00:00 0 
7f3e59ed5000-7f3e5c000000 ---p 00000000 00:00 0 
7f3e5c000000-7f3e5e006000 rw-p 00000000 00:00 0 
7f3e5e006000-7f3e60000000 ---p 00000000 00:00 0 
7f3e60000000-7f3e600c9000 rw-p 00000000 00:00 0 
7f3e600c9000-7f3e64000000 ---p 00000000 00:00 0 
7f3e64000000-7f3e65696000 rw-p 00000000 00:00 0 
7f3e65696000-7f3e68000000 ---p 00000000 00:00 0 
7f3e68000000-7f3e680e6000 rw-p 00000000 00:00 0 
7f3e680e6000-7f3e6c000000 ---p 00000000 00:00 0 
7f3e6c000000-7f3e6d53d000 rw-p 00000000 00:00 0 
7f3e6d53d000-7f3e70000000 ---p 00000000 00:00 0 
7f3e70000000-7f3e7369a000 rw-p 00000000 00:00 0 
7f3e7369a000-7f3e74000000 ---p 00000000 00:00 0 
7f3e74000000-7f3e7587f000 rw-p 00000000 00:00 0 
7f3e7587f000-7f3e78000000 ---p 00000000 00:00 0 
7f3e78000000-7f3e785d2000 rw-p 00000000 00:00 0 
7f3e785d2000-7f3e7c000000 ---p 00000000 00:00 0 
7f3e7c000000-7f3e7c3de000 rw-p 00000000 00:00 0 
7f3e7c3de000-7f3e80000000 ---p 00000000 00:00 0 
7f3e80000000-7f3e806a4000 rw-p 00000000 00:00 0 
7f3e806a4000-7f3e84000000 ---p 00000000 00:00 0 
7f3e84000000-7f3e842da000 rw-p 00000000 00:00 0 
7f3e842da000-7f3e88000000 ---p 00000000 00:00 0 
7f3e88000000-7f3e88ebb000 rw-p 00000000 00:00 0 
7f3e88ebb000-7f3e8c004000 ---p 00000000 00:00 0 
7f3e8c004000-7f3e8c100000 rw-p 00000000 00:00 0 
7f3e8c100000-7f3e8c104000 ---p 00000000 00:00 0 
7f3e8c104000-7f3e8c200000 rw-p 00000000 00:00 0 
7f3e8c200000-7f3e8c204000 ---p 00000000 00:00 0 
7f3e8c204000-7f3e8c300000 rw-p 00000000 00:00 0 
7f3e8c300000-7f3e8c304000 ---p 00000000 00:00 0 
7f3e8c304000-7f3e8c400000 rw-p 00000000 00:00 0 
7f3e8c400000-7f3e8c404000 ---p 00000000 00:00 0 
7f3e8c404000-7f3e8c500000 rw-p 00000000 00:00 0 
7f3e8c500000-7f3e8c504000 ---p 00000000 00:00 0 
7f3e8c504000-7f3e8c600000 rw-p 00000000 00:00 0 
7f3e8c600000-7f3e8c604000 ---p 00000000 00:00 0 
7f3e8c604000-7f3e8c700000 rw-p 00000000 00:00 0 
7f3e8c700000-7f3e8c704000 ---p 00000000 00:00 0 
7f3e8c704000-7f3e8c800000 rw-p 00000000 00:00 0 
7f3e8c800000-7f3e8c804000 ---p 00000000 00:00 0 
7f3e8c804000-7f3e8c900000 rw-p 00000000 00:00 0 
7f3e8c900000-7f3e8c904000 ---p 00000000 00:00 0 
7f3e8c904000-7f3e8ca00000 rw-p 00000000 00:00 0 
7f3e8ca00000-7f3e8ca04000 ---p 00000000 00:00 0 
7f3e8ca04000-7f3e8cb00000 rw-p 00000000 00:00 0 
7f3e8cb00000-7f3e8cb04000 ---p 00000000 00:00 0 
7f3e8cb04000-7f3e8cc00000 rw-p 00000000 00:00 0 
7f3e8cc00000-7f3e8cc04000 ---p 00000000 00:00 0 
7f3e8cc04000-7f3e8cd00000 rw-p 00000000 00:00 0 
7f3e8cd00000-7f3e8cd04000 ---p 00000000 00:00 0 
7f3e8cd04000-7f3e8ce00000 rw-p 00000000 00:00 0 
7f3e8ce00000-7f3e8ce04000 ---p 00000000 00:00 0 
7f3e8ce04000-7f3e8cf00000 rw-p 00000000 00:00 0 
7f3e8cf00000-7f3e8cf04000 ---p 00000000 00:00 0 
7f3e8cf04000-7f3e8d000000 rw-p 00000000 00:00 0 
7f3e8d000000-7f3e8d004000 ---p 00000000 00:00 0 
7f3e8d004000-7f3e8d100000 rw-p 00000000 00:00 0 
7f3e8d100000-7f3e8d104000 ---p 00000000 00:00 0 
7f3e8d104000-7f3e8d200000 rw-p 00000000 00:00 0 
7f3e8d200000-7f3e8d204000 ---p 00000000 00:00 0 
7f3e8d204000-7f3e8d300000 rw-p 00000000 00:00 0 
7f3e8d300000-7f3e8d304000 ---p 00000000 00:00 0 
7f3e8d304000-7f3e8d400000 rw-p 00000000 00:00 0 
7f3e8d400000-7f3e8d404000 ---p 00000000 00:00 0 
7f3e8d404000-7f3e8d500000 rw-p 00000000 00:00 0 
7f3e8d500000-7f3e8d504000 ---p 00000000 00:00 0 
7f3e8d504000-7f3e8d600000 rw-p 00000000 00:00 0 
7f3e8d600000-7f3e8d604000 ---p 00000000 00:00 0 
7f3e8d604000-7f3e8d700000 rw-p 00000000 00:00 0 
7f3e8d700000-7f3e8d704000 ---p 00000000 00:00 0 
7f3e8d704000-7f3e8d800000 rw-p 00000000 00:00 0 
7f3e8d800000-7f3e8d804000 ---p 00000000 00:00 0 
7f3e8d804000-7f3e8d900000 rw-p 00000000 00:00 0 
7f3e8d900000-7f3e8d904000 ---p 00000000 00:00 0 
7f3e8d904000-7f3e8da00000 rw-p 00000000 00:00 0 
7f3e8da00000-7f3e8da04000 ---p 00000000 00:00 0 
7f3e8da04000-7f3e8db00000 rw-p 00000000 00:00 0 
7f3e8db00000-7f3e8db04000 ---p 00000000 00:00 0 
7f3e8db04000-7f3e8dc00000 rw-p 00000000 00:00 0 
7f3e8dc00000-7f3e8dc04000 ---p 00000000 00:00 0 
7f3e8dc04000-7f3e8dd00000 rw-p 00000000 00:00 0 
7f3e8dd00000-7f3e8dd04000 ---p 00000000 00:00 0 
7f3e8dd04000-7f3e8de00000 rw-p 00000000 00:00 0 
7f3e8de00000-7f3e8de04000 ---p 00000000 00:00 0 
7f3e8de04000-7f3e8df00000 rw-p 00000000 00:00 0 
7f3e8df00000-7f3e8df04000 ---p 00000000 00:00 0 
7f3e8df04000-7f3e8e000000 rw-p 00000000 00:00 0 
7f3e8e000000-7f3e9be92000 r--p 00000000 00:23 234580                     /usr/lib/locale/locale-archive
7f3e9bf00000-7f3e9bf04000 ---p 00000000 00:00 0 
7f3e9bf04000-7f3e9c000000 rw-p 00000000 00:00 0 
7f3e9c000000-7f3e9c33e000 rw-p 00000000 00:00 0 
7f3e9c33e000-7f3ea0004000 ---p 00000000 00:00 0 
7f3ea0004000-7f3ea0100000 rw-p 00000000 00:00 0 
7f3ea0100000-7f3ea0104000 ---p 00000000 00:00 0 
7f3ea0104000-7f3ea0200000 rw-p 00000000 00:00 0 
7f3ea0200000-7f3ea0204000 ---p 00000000 00:00 0 
7f3ea0204000-7f3ea0300000 rw-p 00000000 00:00 0 
7f3ea0300000-7f3ea0304000 ---p 00000000 00:00 0 
7f3ea0304000-7f3ea0400000 rw-p 00000000 00:00 0 
7f3ea0400000-7f3ea0404000 ---p 00000000 00:00 0 
7f3ea0404000-7f3ea0500000 rw-p 00000000 00:00 0 
7f3ea0500000-7f3ea0504000 ---p 00000000 00:00 0 
7f3ea0504000-7f3ea0600000 rw-p 00000000 00:00 0 
7f3ea0600000-7f3ea0604000 ---p 00000000 00:00 0 
7f3ea0604000-7f3ea0700000 rw-p 00000000 00:00 0 
7f3ea0700000-7f3ea0704000 ---p 00000000 00:00 0 
7f3ea0704000-7f3ea0800000 rw-p 00000000 00:00 0 
7f3ea0800000-7f3ea0804000 ---p 00000000 00:00 0 
7f3ea0804000-7f3ea0900000 rw-p 00000000 00:00 0 
7f3ea0900000-7f3ea0904000 ---p 00000000 00:00 0 
7f3ea0904000-7f3ea0a00000 rw-p 00000000 00:00 0 
7f3ea0a00000-7f3ea0a04000 ---p 00000000 00:00 0 
7f3ea0a04000-7f3ea0b00000 rw-p 00000000 00:00 0 
7f3ea0b00000-7f3ea0b04000 ---p 00000000 00:00 0 
7f3ea0b04000-7f3ea0c00000 rw-p 00000000 00:00 0 
7f3ea0c00000-7f3ea0c04000 ---p 00000000 00:00 0 
7f3ea0c04000-7f3ea0d00000 rw-p 00000000 00:00 0 
7f3ea0d00000-7f3ea0d04000 ---p 00000000 00:00 0 
7f3ea0d04000-7f3ea0e00000 rw-p 00000000 00:00 0 
7f3ea0e00000-7f3ea0e04000 ---p 00000000 00:00 0 
7f3ea0e04000-7f3ea0f00000 rw-p 00000000 00:00 0 
7f3ea0f00000-7f3ea0f04000 ---p 00000000 00:00 0 
7f3ea0f04000-7f3ea1000000 rw-p 00000000 00:00 0 
7f3ea1000000-7f3ea1004000 ---p 00000000 00:00 0 
7f3ea1004000-7f3ea1100000 rw-p 00000000 00:00 0 
7f3ea1100000-7f3ea1104000 ---p 00000000 00:00 0 
7f3ea1104000-7f3ea1200000 rw-p 00000000 00:00 0 
7f3ea1200000-7f3ea1204000 ---p 00000000 00:00 0 
7f3ea1204000-7f3ea1300000 rw-p 00000000 00:00 0 
7f3ea1300000-7f3ea1304000 ---p 00000000 00:00 0 
7f3ea1304000-7f3ea1400000 rw-p 00000000 00:00 0 
7f3ea1400000-7f3ea1404000 ---p 00000000 00:00 0 
7f3ea1404000-7f3ea1500000 rw-p 00000000 00:00 0 
7f3ea1500000-7f3ea1504000 ---p 00000000 00:00 0 
7f3ea1504000-7f3ea1600000 rw-p 00000000 00:00 0 
7f3ea1600000-7f3ea1604000 ---p 00000000 00:00 0 
7f3ea1604000-7f3ea1700000 rw-p 00000000 00:00 0 
7f3ea1700000-7f3ea1704000 ---p 00000000 00:00 0 
7f3ea1704000-7f3ea1800000 rw-p 00000000 00:00 0 
7f3ea1800000-7f3ea1804000 ---p 00000000 00:00 0 
7f3ea1804000-7f3ea1900000 rw-p 00000000 00:00 0 
7f3ea1900000-7f3ea1904000 ---p 00000000 00:00 0 
7f3ea1904000-7f3ea1a00000 rw-p 00000000 00:00 0 
7f3ea1a00000-7f3ea1a04000 ---p 00000000 00:00 0 
7f3ea1a04000-7f3ea1b00000 rw-p 00000000 00:00 0 
7f3ea1b00000-7f3ea1b04000 ---p 00000000 00:00 0 
7f3ea1b04000-7f3ea1c00000 rw-p 00000000 00:00 0 
7f3ea1c00000-7f3ea1c04000 ---p 00000000 00:00 0 
7f3ea1c04000-7f3ea1d00000 rw-p 00000000 00:00 0 
7f3ea1d00000-7f3ea1d04000 ---p 00000000 00:00 0 
7f3ea1d04000-7f3ea1e00000 rw-p 00000000 00:00 0 
7f3ea1e00000-7f3ea1e04000 ---p 00000000 00:00 0 
7f3ea1e04000-7f3ea1f00000 rw-p 00000000 00:00 0 
7f3ea1f00000-7f3ea1f04000 ---p 00000000 00:00 0 
7f3ea1f04000-7f3ea2000000 rw-p 00000000 00:00 0 
7f3ea2000000-7f3ea2004000 ---p 00000000 00:00 0 
7f3ea2004000-7f3ea2100000 rw-p 00000000 00:00 0 
7f3ea2100000-7f3ea2104000 ---p 00000000 00:00 0 
7f3ea2104000-7f3ea2200000 rw-p 00000000 00:00 0 
7f3ea2200000-7f3ea2204000 ---p 00000000 00:00 0 
7f3ea2204000-7f3ea2300000 rw-p 00000000 00:00 0 
7f3ea2300000-7f3ea2304000 ---p 00000000 00:00 0 
7f3ea2304000-7f3ea2400000 rw-p 00000000 00:00 0 
7f3ea2400000-7f3ea2404000 ---p 00000000 00:00 0 
7f3ea2404000-7f3ea2500000 rw-p 00000000 00:00 0 
7f3ea2500000-7f3ea2504000 ---p 00000000 00:00 0 
7f3ea2504000-7f3ea2600000 rw-p 00000000 00:00 0 
7f3ea2600000-7f3ea2604000 ---p 00000000 00:00 0 
7f3ea2604000-7f3ea2700000 rw-p 00000000 00:00 0 
7f3ea2700000-7f3ea2704000 ---p 00000000 00:00 0 
7f3ea2704000-7f3ea2800000 rw-p 00000000 00:00 0 
7f3ea2800000-7f3ea2804000 ---p 00000000 00:00 0 
7f3ea2804000-7f3ea2900000 rw-p 00000000 00:00 0 
7f3ea2900000-7f3ea2904000 ---p 00000000 00:00 0 
7f3ea2904000-7f3ea2a00000 rw-p 00000000 00:00 0 
7f3ea2a00000-7f3ea2a04000 ---p 00000000 00:00 0 
7f3ea2a04000-7f3ea2b00000 rw-p 00000000 00:00 0 
7f3ea2b00000-7f3ea2b04000 ---p 00000000 00:00 0 
7f3ea2b04000-7f3ea2c00000 rw-p 00000000 00:00 0 
7f3ea2c00000-7f3ea2c04000 ---p 00000000 00:00 0 
7f3ea2c04000-7f3ea2d00000 rw-p 00000000 00:00 0 
7f3ea2d00000-7f3ea2d04000 ---p 00000000 00:00 0 
7f3ea2d04000-7f3ea2e00000 rw-p 00000000 00:00 0 
7f3ea2e00000-7f3ea2e04000 ---p 00000000 00:00 0 
7f3ea2e04000-7f3ea2f00000 rw-p 00000000 00:00 0 
7f3ea2f00000-7f3ea2f04000 ---p 00000000 00:00 0 
7f3ea2f04000-7f3ea3000000 rw-p 00000000 00:00 0 
7f3ea3000000-7f3ea3400000 rw-p 00000000 00:00 0 
7f3ea3400000-7f3ea3900000 rw-p 00000000 00:00 0 
7f3ea3900000-7f3ea3a00000 rw-p 00000000 00:00 0 
7f3ea3a00000-7f3ea3be0000 rw-p 00000000 00:00 0 
7f3ea3be0000-7f3ea3c00000 rw-p 00000000 00:00 0 
7f3ea3c00000-7f3ea3e00000 rw-p 00000000 00:00 0 
7f3ea3e00000-7f3ea4dc0000 rw-p 00000000 00:00 0 
7f3ea4dc0000-7f3ea4e00000 rw-p 00000000 00:00 0 
7f3ea4e00000-7f3ea4f80000 rw-p 00000000 00:00 0 
7f3ea4f80000-7f3ea5000000 rw-p 00000000 00:00 0 
7f3ea5000000-7f3ea5300000 rw-p 00000000 00:00 0 
7f3ea5300000-7f3ea5400000 rw-p 00000000 00:00 0 
7f3ea5400000-7f3ea6300000 rw-p 00000000 00:00 0 
7f3ea6300000-7f3ea6500000 rw-p 00000000 00:00 0 
7f3ea6500000-7f3ea6700000 rw-p 00000000 00:00 0 
7f3ea6700000-7f3ea6760000 rw-p 00000000 00:00 0 
7f3ea6760000-7f3ea6780000 rw-p 00000000 00:00 0 
7f3ea6780000-7f3ea6900000 rw-p 00000000 00:00 0 
7f3ea6900000-7f3ea6a00000 rw-p 00000000 00:00 0 
7f3ea6a00000-7f3ea7000000 rw-p 00000000 00:00 0 
7f3ea7000000-7f3ea7cae000 rw-p 00001000 00:23 1911981                    /home/notch/.sdkman/candidates/java/21.0.4-tem/lib/server/classes.jsa
7f3ea7cae000-7f3ea8000000 ---p 00000000 00:00 0 
7f3ea8000000-7f3ea8040000 rw-p 00000000 00:00 0 
7f3ea8040000-7f3ea8080000 rw-p 00000000 00:00 0 
7f3ea8080000-7f3ea8140000 rw-p 00000000 00:00 0 
7f3ea8140000-7f3ea8180000 rw-p 00000000 00:00 0 
7f3ea8180000-7f3ea8400000 rw-p 00000000 00:00 0 
7f3ea8400000-7f3ea8960000 rw-p 00000000 00:00 0 
7f3ea8960000-7f3ea89c0000 rw-p 00000000 00:00 0 
7f3ea89c0000-7f3ea8a40000 rw-p 00000000 00:00 0 
7f3ea8a40000-7f3ea8a80000 rw-p 00000000 00:00 0 
7f3ea8a80000-7f3ea8fc0000 rw-p 00000000 00:00 0 
7f3ea8fc0000-7f3ea9000000 rw-p 00000000 00:00 0 
7f3ea9000000-7f3ea92c0000 rw-p 00000000 00:00 0 
7f3ea92c0000-7f3ea9300000 rw-p 00000000 00:00 0 
7f3ea9300000-7f3ea9ce0000 rw-p 00000000 00:00 0 
7f3ea9ce0000-7f3ea9cf0000 rw-p 00000000 00:00 0 
7f3ea9cf0000-7f3ea9d00000 ---p 00000000 00:00 0 
7f3ea9d00000-7f3ea9ea0000 rw-p 00000000 00:00 0 
7f3ea9ea0000-7f3ee8000000 ---p 00000000 00:00 0 
7f3ee8000000-7f3ee8056000 rw-p 00000000 00:00 0 
7f3ee8056000-7f3eec000000 ---p 00000000 00:00 0 
7f3eec000000-7f3eecfae000 rw-p 00000000 00:00 0 
7f3eecfae000-7f3ef0000000 ---p 00000000 00:00 0 
7f3ef0000000-7f3ef004d000 rw-p 00000000 00:00 0 
7f3ef004d000-7f3ef4000000 ---p 00000000 00:00 0 
7f3ef401a000-7f3ef40c7000 r-xp 00000000 00:23 1911986                    /home/notch/.sdkman/candidates/java/21.0.4-tem/lib/libawt.so
7f3ef40c7000-7f3ef40c8000 ---p 000ad000 00:23 1911986                    /home/notch/.sdkman/candidates/java/21.0.4-tem/lib/libawt.so
7f3ef40c8000-7f3ef40c9000 r--p 000ad000 00:23 1911986                    /home/notch/.sdkman/candidates/java/21.0.4-tem/lib/libawt.so
7f3ef40c9000-7f3ef40d4000 rw-p 000ae000 00:23 1911986                    /home/notch/.sdkman/candidates/java/21.0.4-tem/lib/libawt.so
7f3ef40d4000-7f3ef40f9000 rw-p 00000000 00:00 0 
7f3ef40f9000-7f3ef40fd000 ---p 00000000 00:00 0 
7f3ef40fd000-7f3ef41f9000 rw-p 00000000 00:00 0 
7f3ef41f9000-7f3ef41fd000 ---p 00000000 00:00 0 
7f3ef41fd000-7f3ef42f9000 rw-p 00000000 00:00 0 
7f3ef42f9000-7f3ef42fd000 ---p 00000000 00:00 0 
7f3ef42fd000-7f3ef43f9000 rw-p 00000000 00:00 0 
7f3ef43f9000-7f3ef43fd000 ---p 00000000 00:00 0 
7f3ef43fd000-7f3ef44f9000 rw-p 00000000 00:00 0 
7f3ef44f9000-7f3ef44fd000 ---p 00000000 00:00 0 
7f3ef44fd000-7f3ef45f9000 rw-p 00000000 00:00 0 
7f3ef45f9000-7f3ef45fd000 ---p 00000000 00:00 0 
7f3ef45fd000-7f3ef46f9000 rw-p 00000000 00:00 0 
7f3ef46f9000-7f3ef46fd000 ---p 00000000 00:00 0 
7f3ef46fd000-7f3ef47f9000 rw-p 00000000 00:00 0 
7f3ef47f9000-7f3ef47fd000 ---p 00000000 00:00 0 
7f3ef47fd000-7f3ef48f9000 rw-p 00000000 00:00 0 
7f3ef48f9000-7f3ef48fd000 ---p 00000000 00:00 0 
7f3ef48fd000-7f3ef49f9000 rw-p 00000000 00:00 0 
7f3ef49f9000-7f3ef49fd000 ---p 00000000 00:00 0 
7f3ef49fd000-7f3ef4af9000 rw-p 00000000 00:00 0 
7f3ef4af9000-7f3ef4afd000 ---p 00000000 00:00 0 
7f3ef4afd000-7f3ef4bf9000 rw-p 00000000 00:00 0 
7f3ef4bf9000-7f3ef4bfd000 ---p 00000000 00:00 0 
7f3ef4bfd000-7f3ef4cf9000 rw-p 00000000 00:00 0 
7f3ef4cf9000-7f3ef4cfd000 ---p 00000000 00:00 0 
7f3ef4cfd000-7f3ef4df9000 rw-p 00000000 00:00 0 
7f3ef4df9000-7f3ef4dfd000 ---p 00000000 00:00 0 
7f3ef4dfd000-7f3ef4ef9000 rw-p 00000000 00:00 0 
7f3ef4ef9000-7f3ef4efd000 ---p 00000000 00:00 0 
7f3ef4efd000-7f3ef4ff9000 rw-p 00000000 00:00 0 
7f3ef4ff9000-7f3ef4ffd000 ---p 00000000 00:00 0 
7f3ef4ffd000-7f3ef50f9000 rw-p 00000000 00:00 0 
7f3ef50f9000-7f3ef50fd000 ---p 00000000 00:00 0 
7f3ef50fd000-7f3ef51f9000 rw-p 00000000 00:00 0 
7f3ef51f9000-7f3ef51fd000 ---p 00000000 00:00 0 
7f3ef51fd000-7f3ef52f9000 rw-p 00000000 00:00 0 
7f3ef52f9000-7f3ef52fd000 ---p 00000000 00:00 0 
7f3ef52fd000-7f3ef53f9000 rw-p 00000000 00:00 0 
7f3ef53f9000-7f3ef53fd000 ---p 00000000 00:00 0 
7f3ef53fd000-7f3ef5c00000 rw-p 00000000 00:00 0 
7f3ef5c00000-7f3ef5c04000 ---p 00000000 00:00 0 
7f3ef5c04000-7f3ef5d00000 rw-p 00000000 00:00 0 
7f3ef5d00000-7f3ef5d04000 ---p 00000000 00:00 0 
7f3ef5d04000-7f3ef5e00000 rw-p 00000000 00:00 0 
7f3ef5e00000-7f3ef5e04000 ---p 00000000 00:00 0 
7f3ef5e04000-7f3ef5f00000 rw-p 00000000 00:00 0 
7f3ef5f00000-7f3ef5f04000 ---p 00000000 00:00 0 
7f3ef5f04000-7f3ef6000000 rw-p 00000000 00:00 0 
7f3ef6000000-7f3ef6004000 ---p 00000000 00:00 0 
7f3ef6004000-7f3ef6100000 rw-p 00000000 00:00 0 
7f3ef6100000-7f3ef6104000 ---p 00000000 00:00 0 
7f3ef6104000-7f3ef6200000 rw-p 00000000 00:00 0 
7f3ef6200000-7f3ef6204000 ---p 00000000 00:00 0 
7f3ef6204000-7f3ef6300000 rw-p 00000000 00:00 0 
7f3ef6300000-7f3ef6304000 ---p 00000000 00:00 0 
7f3ef6304000-7f3ef6400000 rw-p 00000000 00:00 0 
7f3ef6400000-7f3ef6404000 ---p 00000000 00:00 0 
7f3ef6404000-7f3ef6500000 rw-p 00000000 00:00 0 
7f3ef6500000-7f3ef6504000 ---p 00000000 00:00 0 
7f3ef6504000-7f3ef6600000 rw-p 00000000 00:00 0 
7f3ef6600000-7f3ef6604000 ---p 00000000 00:00 0 
7f3ef6604000-7f3ef6700000 rw-p 00000000 00:00 0 
7f3ef6700000-7f3ef6704000 ---p 00000000 00:00 0 
7f3ef6704000-7f3ef6800000 rw-p 00000000 00:00 0 
7f3ef6800000-7f3ef6805000 r-xp 00000000 00:23 1761578                    /home/notch/.gradle/native/1def1411415f61bf3af743bc5b6707747c0891f09f0c88961ee8f79bc544acac/linux-amd64/libnative-platform.so
7f3ef6805000-7f3ef6a05000 ---p 00005000 00:23 1761578                    /home/notch/.gradle/native/1def1411415f61bf3af743bc5b6707747c0891f09f0c88961ee8f79bc544acac/linux-amd64/libnative-platform.so
7f3ef6a05000-7f3ef6a06000 r--p 00005000 00:23 1761578                    /home/notch/.gradle/native/1def1411415f61bf3af743bc5b6707747c0891f09f0c88961ee8f79bc544acac/linux-amd64/libnative-platform.so
7f3ef6a06000-7f3ef6a07000 rw-p 00006000 00:23 1761578                    /home/notch/.gradle/native/1def1411415f61bf3af743bc5b6707747c0891f09f0c88961ee8f79bc544acac/linux-amd64/libnative-platform.so
7f3ef6a61000-7f3ef6a86000 r-xp 00000000 00:23 234609                     /usr/lib64/libnss_resolve.so.2
7f3ef6a86000-7f3ef6a94000 r--p 00025000 00:23 234609                     /usr/lib64/libnss_resolve.so.2
7f3ef6a94000-7f3ef6a97000 r--p 00032000 00:23 234609                     /usr/lib64/libnss_resolve.so.2
7f3ef6a97000-7f3ef6a98000 rw-p 00035000 00:23 234609                     /usr/lib64/libnss_resolve.so.2
7f3ef6a98000-7f3ef6abc000 r-xp 00000000 00:23 995988                     /usr/lib64/libgcc_s-16-20260819.so.1
7f3ef6abc000-7f3ef6ac3000 r--p 00024000 00:23 995988                     /usr/lib64/libgcc_s-16-20260819.so.1
7f3ef6ac3000-7f3ef6ac4000 r--p 0002b000 00:23 995988                     /usr/lib64/libgcc_s-16-20260819.so.1
7f3ef6ac4000-7f3ef6ac5000 rw-p 00000000 00:00 0 
7f3ef6ac5000-7f3ef6adf000 r-xp 00000000 00:23 234608                     /usr/lib64/libnss_myhostname.so.2
7f3ef6adf000-7f3ef6af1000 r--p 0001a000 00:23 234608                     /usr/lib64/libnss_myhostname.so.2
7f3ef6af1000-7f3ef6af6000 r--p 0002c000 00:23 234608                     /usr/lib64/libnss_myhostname.so.2
7f3ef6af6000-7f3ef6af7000 rw-p 00031000 00:23 234608                     /usr/lib64/libnss_myhostname.so.2
7f3ef6af7000-7f3ef6afb000 ---p 00000000 00:00 0 
7f3ef6afb000-7f3ef6ffb000 rw-p 00000000 00:00 0 
7f3ef6ffb000-7f3ef6fff000 ---p 00000000 00:00 0 
7f3ef6fff000-7f3ef70fb000 rw-p 00000000 00:00 0 
7f3ef70fb000-7f3ef70ff000 ---p 00000000 00:00 0 
7f3ef70ff000-7f3ef71fb000 rw-p 00000000 00:00 0 
7f3ef71fb000-7f3ef71ff000 ---p 00000000 00:00 0 
7f3ef71ff000-7f3ef72fb000 rw-p 00000000 00:00 0 
7f3ef72fb000-7f3ef72ff000 ---p 00000000 00:00 0 
7f3ef72ff000-7f3ef73fb000 rw-p 00000000 00:00 0 
7f3ef73fb000-7f3ef73ff000 ---p 00000000 00:00 0 
7f3ef73ff000-7f3ef74fb000 rw-p 00000000 00:00 0 
7f3ef74fb000-7f3ef74ff000 ---p 00000000 00:00 0 
7f3ef74ff000-7f3ef75fb000 rw-p 00000000 00:00 0 
7f3ef75fb000-7f3ef75ff000 ---p 00000000 00:00 0 
7f3ef75ff000-7f3ef76fb000 rw-p 00000000 00:00 0 
7f3ef76fb000-7f3ef76ff000 ---p 00000000 00:00 0 
7f3ef76ff000-7f3ef77fb000 rw-p 00000000 00:00 0 
7f3ef77fb000-7f3ef77ff000 ---p 00000000 00:00 0 
7f3ef77ff000-7f3ef78fb000 rw-p 00000000 00:00 0 
7f3ef78fb000-7f3ef78ff000 ---p 00000000 00:00 0 
7f3ef78ff000-7f3ef79fb000 rw-p 00000000 00:00 0 
7f3ef79fb000-7f3ef79ff000 ---p 00000000 00:00 0 
7f3ef79ff000-7f3ef7eff000 rw-p 00000000 00:00 0 
7f3ef7eff000-7f3ef80a2000 rw-p 00000000 00:00 0 
7f3ef80a2000-7f3efc000000 ---p 00000000 00:00 0 
7f3efc000000-7f3efc1ac000 rw-p 00000000 00:00 0 
7f3efc1ac000-7f3f00000000 ---p 00000000 00:00 0 
7f3f00000000-7f3f0008b000 rw-p 00000000 00:00 0 
7f3f0008b000-7f3f04000000 ---p 00000000 00:00 0 
7f3f04007000-7f3f0400b000 ---p 00000000 00:00 0 
7f3f0400b000-7f3f04029000 rw-p 00000000 00:00 0 
7f3f04029000-7f3f040f7000 r-xp 00000000 00:23 1911988                    /home/notch/.sdkman/candidates/java/21.0.4-tem/lib/libjsvml.so
7f3f040f7000-7f3f040f8000 r--p 000cd000 00:23 1911988                    /home/notch/.sdkman/candidates/java/21.0.4-tem/lib/libjsvml.so
7f3f040f8000-7f3f040f9000 rw-p 000ce000 00:23 1911988                    /home/notch/.sdkman/candidates/java/21.0.4-tem/lib/libjsvml.so
7f3f040f9000-7f3f078b4000 rw-p 00000000 00:00 0 
7f3f078b4000-7f3f07c54000 ---p 00000000 00:00 0 
7f3f07c54000-7f3f07cac000 rw-p 00000000 00:00 0 
7f3f07cac000-7f3f086fc000 ---p 00000000 00:00 0 
7f3f086fc000-7f3f08800000 rw-p 00000000 00:00 0 
7f3f08800000-7f3f0b740000 rwxp 00000000 00:00 0 
7f3f0b740000-7f3f0fd37000 ---p 00000000 00:00 0 
7f3f0fd37000-7f3f0fff7000 rwxp 00000000 00:00 0 
7f3f0fff7000-7f3f102c9000 ---p 00000000 00:00 0 
7f3f102c9000-7f3f11cb9000 rwxp 00000000 00:00 0 
7f3f11cb9000-7f3f17800000 ---p 00000000 00:00 0 
7f3f17800000-7f3f1ff59000 r--s 00000000 00:23 1912005                    /home/notch/.sdkman/candidates/java/21.0.4-tem/lib/modules
7f3f1ff70000-7f3f1ffac000 r--p 00000000 00:23 1761598                    /home/notch/.gradle/native/0.2.8/x86_64-linux-gnu/libgradle-fileevents.so
7f3f1ffac000-7f3f1fff4000 r-xp 0003b000 00:23 1761598                    /home/notch/.gradle/native/0.2.8/x86_64-linux-gnu/libgradle-fileevents.so
7f3f1fff4000-7f3f1fffd000 r--p 00082000 00:23 1761598                    /home/notch/.gradle/native/0.2.8/x86_64-linux-gnu/libgradle-fileevents.so
7f3f1fffd000-7f3f1fffe000 rw-p 0008a000 00:23 1761598                    /home/notch/.gradle/native/0.2.8/x86_64-linux-gnu/libgradle-fileevents.so
7f3f1fffe000-7f3f214ed000 rw-p 00000000 00:00 0 
7f3f214ed000-7f3f24000000 ---p 00000000 00:00 0 
7f3f24018000-7f3f2401f000 r--s 00000000 00:23 411376                     /usr/lib64/gconv/gconv-modules.cache
7f3f2401f000-7f3f242fd000 rw-p 00000000 00:00 0 
7f3f242fd000-7f3f24600000 rw-p 00000000 00:00 0 
7f3f24600000-7f3f24817000 rw-p 00000000 00:00 0 
7f3f24817000-7f3f2488a000 ---p 00000000 00:00 0 
7f3f2488a000-7f3f24896000 rw-p 00000000 00:00 0 
7f3f24896000-7f3f249df000 ---p 00000000 00:00 0 
7f3f249df000-7f3f24c17000 rw-p 00000000 00:00 0 
7f3f24c17000-7f3f24c8a000 ---p 00000000 00:00 0 
7f3f24c8a000-7f3f24c96000 rw-p 00000000 00:00 0 
7f3f24c96000-7f3f24ddf000 ---p 00000000 00:00 0 
7f3f24ddf000-7f3f24e00000 rw-p 00000000 00:00 0 
7f3f24e00000-7f3f24e02000 r-xp 00000000 00:23 42404                      /usr/lib64/libnss_mdns4_minimal.so.2
7f3f24e02000-7f3f24e03000 r--p 00002000 00:23 42404                      /usr/lib64/libnss_mdns4_minimal.so.2
7f3f24e03000-7f3f24e04000 r--p 00003000 00:23 42404                      /usr/lib64/libnss_mdns4_minimal.so.2
7f3f24e04000-7f3f24e05000 rw-p 00000000 00:00 0 
7f3f24e05000-7f3f24e07000 r-xp 00000000 00:23 1912035                    /home/notch/.sdkman/candidates/java/21.0.4-tem/lib/libextnet.so
7f3f24e07000-7f3f24e08000 r--p 00001000 00:23 1912035                    /home/notch/.sdkman/candidates/java/21.0.4-tem/lib/libextnet.so
7f3f24e08000-7f3f24e09000 rw-p 00002000 00:23 1912035                    /home/notch/.sdkman/candidates/java/21.0.4-tem/lib/libextnet.so
7f3f24e09000-7f3f24e0e000 r-xp 00000000 00:23 1912016                    /home/notch/.sdkman/candidates/java/21.0.4-tem/lib/libmanagement_ext.so
7f3f24e0e000-7f3f24e0f000 ---p 00005000 00:23 1912016                    /home/notch/.sdkman/candidates/java/21.0.4-tem/lib/libmanagement_ext.so
7f3f24e0f000-7f3f24e10000 r--p 00005000 00:23 1912016                    /home/notch/.sdkman/candidates/java/21.0.4-tem/lib/libmanagement_ext.so
7f3f24e10000-7f3f24e11000 rw-p 00006000 00:23 1912016                    /home/notch/.sdkman/candidates/java/21.0.4-tem/lib/libmanagement_ext.so
7f3f24e11000-7f3f24e15000 r-xp 00000000 00:23 1911974                    /home/notch/.sdkman/candidates/java/21.0.4-tem/lib/libmanagement.so
7f3f24e15000-7f3f24e16000 r--p 00003000 00:23 1911974                    /home/notch/.sdkman/candidates/java/21.0.4-tem/lib/libmanagement.so
7f3f24e16000-7f3f24e17000 rw-p 00004000 00:23 1911974                    /home/notch/.sdkman/candidates/java/21.0.4-tem/lib/libmanagement.so
7f3f24e17000-7f3f24e24000 r-xp 00000000 00:23 1912017                    /home/notch/.sdkman/candidates/java/21.0.4-tem/lib/libverify.so
7f3f24e24000-7f3f24e26000 r--p 0000c000 00:23 1912017                    /home/notch/.sdkman/candidates/java/21.0.4-tem/lib/libverify.so
7f3f24e26000-7f3f24e27000 rw-p 0000e000 00:23 1912017                    /home/notch/.sdkman/candidates/java/21.0.4-tem/lib/libverify.so
7f3f24e27000-7f3f24e3b000 r-xp 00000000 00:23 1912034                    /home/notch/.sdkman/candidates/java/21.0.4-tem/lib/libnio.so
7f3f24e3b000-7f3f24e3c000 r--p 00013000 00:23 1912034                    /home/notch/.sdkman/candidates/java/21.0.4-tem/lib/libnio.so
7f3f24e3c000-7f3f24e3d000 rw-p 00014000 00:23 1912034                    /home/notch/.sdkman/candidates/java/21.0.4-tem/lib/libnio.so
7f3f24e3d000-7f3f24e58000 r-xp 00000000 00:23 1911978                    /home/notch/.sdkman/candidates/java/21.0.4-tem/lib/libzip.so
7f3f24e58000-7f3f24e59000 r--p 0001a000 00:23 1911978                    /home/notch/.sdkman/candidates/java/21.0.4-tem/lib/libzip.so
7f3f24e59000-7f3f24e5a000 rw-p 0001b000 00:23 1911978                    /home/notch/.sdkman/candidates/java/21.0.4-tem/lib/libzip.so
7f3f24e6d000-7f3f24e6e000 r-xp 00000000 00:23 1912013                    /home/notch/.sdkman/candidates/java/21.0.4-tem/lib/librmi.so
7f3f24e6e000-7f3f24e6f000 r--p 00000000 00:23 1912013                    /home/notch/.sdkman/candidates/java/21.0.4-tem/lib/librmi.so
7f3f24e6f000-7f3f24e70000 rw-p 00001000 00:23 1912013                    /home/notch/.sdkman/candidates/java/21.0.4-tem/lib/librmi.so
7f3f24e70000-7f3f24e77000 r-xp 00000000 00:23 1912027                    /home/notch/.sdkman/candidates/java/21.0.4-tem/lib/libawt_headless.so
7f3f24e77000-7f3f24e78000 r--p 00006000 00:23 1912027                    /home/notch/.sdkman/candidates/java/21.0.4-tem/lib/libawt_headless.so
7f3f24e78000-7f3f24e79000 rw-p 00007000 00:23 1912027                    /home/notch/.sdkman/candidates/java/21.0.4-tem/lib/libawt_headless.so
7f3f24e79000-7f3f24e7d000 ---p 00000000 00:00 0 
7f3f24e7d000-7f3f24e9b000 rw-p 00000000 00:00 0 
7f3f24e9b000-7f3f2595e000 rw-p 00000000 00:00 0 
7f3f2595e000-7f3f25a15000 ---p 00000000 00:00 0 
7f3f25a15000-7f3f25a74000 rw-p 00000000 00:00 0 
7f3f25a74000-7f3f25b00000 ---p 00000000 00:00 0 
7f3f25b00000-7f3f25b04000 ---p 00000000 00:00 0 
7f3f25b04000-7f3f25c00000 rw-p 00000000 00:00 0 
7f3f25c00000-7f3f2700f000 r-xp 00000000 00:23 1911982                    /home/notch/.sdkman/candidates/java/21.0.4-tem/lib/server/libjvm.so
7f3f2700f000-7f3f27010000 ---p 0140f000 00:23 1911982                    /home/notch/.sdkman/candidates/java/21.0.4-tem/lib/server/libjvm.so
7f3f27010000-7f3f270e0000 r--p 0140f000 00:23 1911982                    /home/notch/.sdkman/candidates/java/21.0.4-tem/lib/server/libjvm.so
7f3f270e0000-7f3f27110000 rw-p 014df000 00:23 1911982                    /home/notch/.sdkman/candidates/java/21.0.4-tem/lib/server/libjvm.so
7f3f27110000-7f3f27176000 rw-p 00000000 00:00 0 
7f3f27176000-7f3f27182000 r-xp 00000000 00:23 1911989                    /home/notch/.sdkman/candidates/java/21.0.4-tem/lib/libnet.so
7f3f27182000-7f3f27183000 r--p 0000b000 00:23 1911989                    /home/notch/.sdkman/candidates/java/21.0.4-tem/lib/libnet.so
7f3f27183000-7f3f27184000 rw-p 0000c000 00:23 1911989                    /home/notch/.sdkman/candidates/java/21.0.4-tem/lib/libnet.so
7f3f27184000-7f3f2718a000 rw-p 00000000 00:00 0 
7f3f2718a000-7f3f27190000 ---p 00000000 00:00 0 
7f3f27190000-7f3f27198000 rw-s 00000000 00:32 340                        /tmp/hsperfdata_notch/6254
7f3f27198000-7f3f271b8000 r-xp 00000000 00:23 1912029                    /home/notch/.sdkman/candidates/java/21.0.4-tem/lib/libjava.so
7f3f271b8000-7f3f271b9000 ---p 00020000 00:23 1912029                    /home/notch/.sdkman/candidates/java/21.0.4-tem/lib/libjava.so
7f3f271b9000-7f3f271ba000 r--p 00020000 00:23 1912029                    /home/notch/.sdkman/candidates/java/21.0.4-tem/lib/libjava.so
7f3f271ba000-7f3f271bb000 rw-p 00021000 00:23 1912029                    /home/notch/.sdkman/candidates/java/21.0.4-tem/lib/libjava.so
7f3f271bb000-7f3f271bc000 rw-p 00000000 00:00 0 
7f3f271bc000-7f3f271c6000 r-xp 00000000 00:23 1912019                    /home/notch/.sdkman/candidates/java/21.0.4-tem/lib/libinstrument.so
7f3f271c6000-7f3f271c7000 ---p 0000a000 00:23 1912019                    /home/notch/.sdkman/candidates/java/21.0.4-tem/lib/libinstrument.so
7f3f271c7000-7f3f271c8000 r--p 0000a000 00:23 1912019                    /home/notch/.sdkman/candidates/java/21.0.4-tem/lib/libinstrument.so
7f3f271c8000-7f3f271c9000 rw-p 0000b000 00:23 1912019                    /home/notch/.sdkman/candidates/java/21.0.4-tem/lib/libinstrument.so
7f3f271c9000-7f3f271ca000 ---p 00000000 00:00 0 
7f3f271ca000-7f3f271cb000 r--p 00000000 00:00 0 
7f3f271cb000-7f3f2725a000 r-xp 00000000 00:23 233982                     /usr/lib64/libm.so.6
7f3f2725a000-7f3f272e0000 r--p 0008f000 00:23 233982                     /usr/lib64/libm.so.6
7f3f272e0000-7f3f272e1000 r--p 00114000 00:23 233982                     /usr/lib64/libm.so.6
7f3f272e1000-7f3f272e2000 rw-p 00115000 00:23 233982                     /usr/lib64/libm.so.6
7f3f272e2000-7f3f272e3000 r-xp 00000000 00:23 233990                     /usr/lib64/librt.so.1
7f3f272e3000-7f3f272e4000 r--p 00001000 00:23 233990                     /usr/lib64/librt.so.1
7f3f272e4000-7f3f272e5000 r--p 00001000 00:23 233990                     /usr/lib64/librt.so.1
7f3f272e5000-7f3f272e8000 rw-p 00000000 00:00 0 
7f3f272e8000-7f3f2745a000 r-xp 00000000 00:23 233980                     /usr/lib64/libc.so.6
7f3f2745a000-7f3f274d3000 r--p 00172000 00:23 233980                     /usr/lib64/libc.so.6
7f3f274d3000-7f3f274d7000 r--p 001eb000 00:23 233980                     /usr/lib64/libc.so.6
7f3f274d7000-7f3f274d9000 rw-p 001ef000 00:23 233980                     /usr/lib64/libc.so.6
7f3f274d9000-7f3f274e1000 rw-p 00000000 00:00 0 
7f3f274e1000-7f3f274e2000 r-xp 00000000 00:23 233981                     /usr/lib64/libdl.so.2
7f3f274e2000-7f3f274e3000 r--p 00001000 00:23 233981                     /usr/lib64/libdl.so.2
7f3f274e3000-7f3f274e4000 r--p 00001000 00:23 233981                     /usr/lib64/libdl.so.2
7f3f274e4000-7f3f274e5000 rw-p 00000000 00:00 0 
7f3f274e5000-7f3f274e6000 r-xp 00000000 00:23 233988                     /usr/lib64/libpthread.so.0
7f3f274e6000-7f3f274e7000 r--p 00001000 00:23 233988                     /usr/lib64/libpthread.so.0
7f3f274e7000-7f3f274e8000 r--p 00001000 00:23 233988                     /usr/lib64/libpthread.so.0
7f3f274e8000-7f3f274e9000 rw-p 00000000 00:00 0 
7f3f274ea000-7f3f274eb000 ---p 00000000 00:00 0 
7f3f274eb000-7f3f27506000 r-xp 00000000 00:23 1911985                    /home/notch/.sdkman/candidates/java/21.0.4-tem/lib/libjimage.so
7f3f27506000-7f3f27507000 ---p 0001b000 00:23 1911985                    /home/notch/.sdkman/candidates/java/21.0.4-tem/lib/libjimage.so
7f3f27507000-7f3f27509000 r--p 0001b000 00:23 1911985                    /home/notch/.sdkman/candidates/java/21.0.4-tem/lib/libjimage.so
7f3f27509000-7f3f2750a000 rw-p 0001d000 00:23 1911985                    /home/notch/.sdkman/candidates/java/21.0.4-tem/lib/libjimage.so
7f3f2750a000-7f3f27523000 r-xp 00000000 00:23 1912032                    /home/notch/.sdkman/candidates/java/21.0.4-tem/lib/libjli.so
7f3f27523000-7f3f27524000 r--p 00018000 00:23 1912032                    /home/notch/.sdkman/candidates/java/21.0.4-tem/lib/libjli.so
7f3f27524000-7f3f27525000 rw-p 00019000 00:23 1912032                    /home/notch/.sdkman/candidates/java/21.0.4-tem/lib/libjli.so
7f3f27525000-7f3f27527000 rw-p 00000000 00:00 0 
7f3f27527000-7f3f2752b000 r--p 00000000 00:00 0                          [vvar]
7f3f2752b000-7f3f2752d000 r--p 00000000 00:00 0                          [vvar_vclock]
7f3f2752d000-7f3f2752f000 r-xp 00000000 00:00 0                          [vdso]
7f3f2752f000-7f3f2755a000 r-xp 00000000 00:23 233977                     /usr/lib64/ld-linux-x86-64.so.2
7f3f2755a000-7f3f27566000 r--p 0002b000 00:23 233977                     /usr/lib64/ld-linux-x86-64.so.2
7f3f27566000-7f3f27568000 r--p 00037000 00:23 233977                     /usr/lib64/ld-linux-x86-64.so.2
7f3f27568000-7f3f27569000 rw-p 00039000 00:23 233977                     /usr/lib64/ld-linux-x86-64.so.2
7f3f27569000-7f3f2756a000 rw-p 00000000 00:00 0 
7ffc92412000-7ffc92434000 rw-p 00000000 00:00 0                          [stack]
ffffffffff600000-ffffffffff601000 --xp 00000000 00:00 0                  [vsyscall]
Total number of mappings: 824


VM Arguments:
jvm_args: --add-opens=java.base/java.lang=ALL-UNNAMED --add-opens=java.base/java.lang.invoke=ALL-UNNAMED --add-opens=java.base/java.util=ALL-UNNAMED --add-opens=java.prefs/java.util.prefs=ALL-UNNAMED --add-exports=jdk.compiler/com.sun.tools.javac.api=ALL-UNNAMED --add-exports=jdk.compiler/com.sun.tools.javac.util=ALL-UNNAMED --add-opens=java.base/java.util=ALL-UNNAMED --add-opens=java.prefs/java.util.prefs=ALL-UNNAMED --add-opens=java.base/java.nio.charset=ALL-UNNAMED --add-opens=java.base/java.net=ALL-UNNAMED --add-opens=java.base/java.util.concurrent=ALL-UNNAMED --add-opens=java.base/java.util.concurrent.atomic=ALL-UNNAMED --add-opens=java.xml/javax.xml.namespace=ALL-UNNAMED --add-opens=java.base/java.time=ALL-UNNAMED -Xmx2048m -Dfile.encoding=UTF-8 -Duser.country=US -Duser.language=en -Duser.variant -javaagent:/home/notch/.gradle/wrapper/dists/gradle-9.1.0-bin/9agqghryom9wkf8r80qlhnts3/gradle-9.1.0/lib/agents/gradle-instrumentation-agent-9.1.0.jar 
java_command: org.gradle.launcher.daemon.bootstrap.GradleDaemon 9.1.0
java_class_path (initial): /home/notch/.gradle/wrapper/dists/gradle-9.1.0-bin/9agqghryom9wkf8r80qlhnts3/gradle-9.1.0/lib/gradle-daemon-main-9.1.0.jar
Launcher Type: SUN_STANDARD

[Global flags]
     intx CICompilerCount                          = 4                                         {product} {ergonomic}
     uint ConcGCThreads                            = 3                                         {product} {ergonomic}
     uint G1ConcRefinementThreads                  = 10                                        {product} {ergonomic}
   size_t G1HeapRegionSize                         = 1048576                                   {product} {ergonomic}
    uintx GCDrainStackTargetSize                   = 64                                        {product} {ergonomic}
   size_t InitialHeapSize                          = 257949696                                 {product} {ergonomic}
   size_t MarkStackSize                            = 4194304                                   {product} {ergonomic}
   size_t MaxHeapSize                              = 2147483648                                {product} {command line}
   size_t MaxNewSize                               = 1287651328                                {product} {ergonomic}
   size_t MinHeapDeltaBytes                        = 1048576                                   {product} {ergonomic}
   size_t MinHeapSize                              = 8388608                                   {product} {ergonomic}
    uintx NonNMethodCodeHeapSize                   = 5839372                                {pd product} {ergonomic}
    uintx NonProfiledCodeHeapSize                  = 122909434                              {pd product} {ergonomic}
    uintx ProfiledCodeHeapSize                     = 122909434                              {pd product} {ergonomic}
    uintx ReservedCodeCacheSize                    = 251658240                              {pd product} {ergonomic}
     bool SegmentedCodeCache                       = true                                      {product} {ergonomic}
   size_t SoftMaxHeapSize                          = 2147483648                             {manageable} {ergonomic}
     bool UseCompressedOops                        = true                           {product lp64_product} {ergonomic}
     bool UseG1GC                                  = true                                      {product} {ergonomic}

Logging:
Log output configuration:
 #0: stdout all=warning uptime,level,tags foldmultilines=false
 #1: stderr all=off uptime,level,tags foldmultilines=false

Environment Variables:
JAVA_HOME=/home/notch/.sdkman/candidates/java/current
PATH=/home/notch/.local/bin:/home/notch/.sdkman/candidates/java/current/bin:/home/notch/.local/bin:/home/notch/.nvm/versions/node/v26.7.0/bin:/home/notch/.local/bin:/home/notch/bin:/usr/local/bin:/usr/bin:/bin:/var/lib/snapd/snap/bin
SHELL=/bin/bash
DISPLAY=:0
LANG=en_US.UTF-8
TERM=dumb

Active Locale:
LC_ALL=en_US.UTF-8
LC_COLLATE=en_US.UTF-8
LC_CTYPE=en_US.UTF-8
LC_MESSAGES=en_US.UTF-8
LC_MONETARY=en_US.UTF-8
LC_NUMERIC=en_US.UTF-8
LC_TIME=en_US.UTF-8

Signal Handlers:
   SIGSEGV: crash_handler in libjvm.so, mask=11100100010111111101111111111110, flags=SA_RESTART|SA_SIGINFO, unblocked
    SIGBUS: crash_handler in libjvm.so, mask=11100100010111111101111111111110, flags=SA_RESTART|SA_SIGINFO, unblocked
    SIGFPE: crash_handler in libjvm.so, mask=11100100010111111101111111111110, flags=SA_RESTART|SA_SIGINFO, unblocked
   SIGPIPE: javaSignalHandler in libjvm.so, mask=11100100010111111101111111111110, flags=SA_RESTART|SA_SIGINFO, blocked
   SIGXFSZ: javaSignalHandler in libjvm.so, mask=11100100010111111101111111111110, flags=SA_RESTART|SA_SIGINFO, blocked
    SIGILL: crash_handler in libjvm.so, mask=11100100010111111101111111111110, flags=SA_RESTART|SA_SIGINFO, unblocked
   SIGUSR2: SR_handler in libjvm.so, mask=00000000000000000000000000000000, flags=SA_RESTART|SA_SIGINFO, blocked
    SIGHUP: UserHandler in libjvm.so, mask=11100100010111111101111111111110, flags=SA_RESTART|SA_SIGINFO, blocked
    SIGINT: UserHandler in libjvm.so, mask=11100100010111111101111111111110, flags=SA_RESTART|SA_SIGINFO, blocked
   SIGTERM: UserHandler in libjvm.so, mask=11100100010111111101111111111110, flags=SA_RESTART|SA_SIGINFO, blocked
   SIGQUIT: UserHandler in libjvm.so, mask=11100100010111111101111111111110, flags=SA_RESTART|SA_SIGINFO, blocked
   SIGTRAP: crash_handler in libjvm.so, mask=11100100010111111101111111111110, flags=SA_RESTART|SA_SIGINFO, unblocked


Periodic native trim disabled

---------------  S Y S T E M  ---------------

OS:
Fedora release 44 (Forty Four)
uname: Linux 7.1.10-200.fc44.x86_64 #1 SMP PREEMPT_DYNAMIC Sun Aug 23 16:15:11 UTC 2026 x86_64
OS uptime: 0 days 1:03 hours
libc: glibc 2.43 NPTL 2.43 
rlimit (soft/hard): STACK 8192k/infinity , CORE infinity/infinity , NPROC 62097/62097 , NOFILE 1048576/1048576 , AS infinity/infinity , CPU infinity/infinity , DATA infinity/infinity , FSIZE infinity/infinity , MEMLOCK 8192k/8192k
load average: 5.54 3.76 2.72

/proc/meminfo:
MemTotal:       16065512 kB
MemFree:          304872 kB
MemAvailable:    2117172 kB
Buffers:             572 kB
Cached:          2141144 kB
SwapCached:         7120 kB
Active:          9332020 kB
Inactive:        3077572 kB
Active(anon):    8624476 kB
Inactive(anon):  1718228 kB
Active(file):     707544 kB
Inactive(file):  1359344 kB
Unevictable:        2676 kB
Mlocked:            2676 kB
SwapTotal:       8388604 kB
SwapFree:        3685320 kB
Zswap:                 0 kB
Zswapped:              0 kB
Dirty:             13040 kB
Writeback:             0 kB
AnonPages:      10269788 kB
Mapped:          1071776 kB
Shmem:             72608 kB
KReclaimable:     138356 kB
Slab:             460528 kB
SReclaimable:     138356 kB
SUnreclaim:       322172 kB
KernelStack:       29712 kB
PageTables:       109428 kB
SecPageTables:      3608 kB
NFS_Unstable:          0 kB
Bounce:                0 kB
WritebackTmp:          0 kB
CommitLimit:    16421360 kB
Committed_AS:   34991300 kB
VmallocTotal:   34359738367 kB
VmallocUsed:      199852 kB
VmallocChunk:          0 kB
Percpu:             9744 kB
HardwareCorrupted:     0 kB
AnonHugePages:   2717696 kB
ShmemHugePages:        0 kB
ShmemPmdMapped:        0 kB
FileHugePages:     12288 kB
FilePmdMapped:     12288 kB
CmaTotal:              0 kB
CmaFree:               0 kB
Unaccepted:            0 kB
Balloon:               0 kB
GPUActive:             0 kB
GPUReclaim:            0 kB
HugePages_Total:       0
HugePages_Free:        0
HugePages_Rsvd:        0
HugePages_Surp:        0
Hugepagesize:       2048 kB
Hugetlb:               0 kB
DirectMap4k:     1513984 kB
DirectMap2M:    14966784 kB
DirectMap1G:     1048576 kB

/sys/kernel/mm/transparent_hugepage/enabled: always [madvise] never
/sys/kernel/mm/transparent_hugepage/hpage_pmd_size: 2097152
/sys/kernel/mm/transparent_hugepage/defrag (defrag/compaction efforts parameter): always defer defer+madvise [madvise] never

Process Memory:
Virtual Size: 10825704K (peak: 10867264K)
Resident Set Size: 1702500K (peak: 1899920K) (anon: 1679956K, file: 22528K, shmem: 16K)
Swapped out: 714900K
C-Heap outstanding allocations: 257039K, retained: 629608K
glibc malloc tunables: (default)

/proc/sys/kernel/threads-max (system-wide limit on the number of threads): 124194
/proc/sys/vm/max_map_count (maximum number of memory map areas a process may have): 1048576
/proc/sys/vm/swappiness (control to define how aggressively the kernel swaps out anonymous memory): 60
/proc/sys/kernel/pid_max (system-wide limit on number of process identifiers): 4194304

container information not found.
Steal ticks since vm start: 0
Steal ticks percentage since vm start:  0.000

CPU: total 12 (initial active 12) (6 cores per cpu, 2 threads per core) family 6 model 151 stepping 5 microcode 0x3e, cx8, cmov, fxsr, ht, mmx, 3dnowpref, sse, sse2, sse3, ssse3, sse4.1, sse4.2, popcnt, lzcnt, tsc, tscinvbit, avx, avx2, aes, erms, clmul, bmi1, bmi2, adx, sha, fma, vzeroupper, clflush, clflushopt, clwb, serialize, rdtscp, rdpid, fsrm, f16c, pku, ospke, cet_ibt, cet_ss
CPU Model and flags from /proc/cpuinfo:
model name	: 12th Gen Intel(R) Core(TM) i5-12400F
flags		: fpu vme de pse tsc msr pae mce cx8 apic sep mtrr pge mca cmov pat pse36 clflush dts acpi mmx fxsr sse sse2 ss ht tm pbe syscall nx pdpe1gb rdtscp lm constant_tsc art arch_perfmon pebs bts rep_good nopl xtopology nonstop_tsc cpuid aperfmperf tsc_known_freq pni pclmulqdq dtes64 monitor ds_cpl vmx est tm2 ssse3 sdbg fma cx16 xtpr pdcm pcid sse4_1 sse4_2 x2apic movbe popcnt tsc_deadline_timer aes xsave avx f16c rdrand lahf_lm abm 3dnowprefetch cpuid_fault epb ssbd ibrs ibpb stibp ibrs_enhanced tpr_shadow flexpriority ept vpid ept_ad fsgsbase tsc_adjust bmi1 avx2 smep bmi2 erms invpcid rdseed adx smap clflushopt clwb intel_pt sha_ni xsaveopt xsavec xgetbv1 xsaves split_lock_detect user_shstk avx_vnni dtherm ida arat pln pts hwp hwp_notify hwp_act_window hwp_epp hwp_pkg_req hfi vnmi umip pku ospke waitpkg gfni vaes vpclmulqdq rdpid movdiri movdir64b fsrm md_clear serialize arch_lbr ibt flush_l1d arch_capabilities

Online cpus: 0-11
Offline cpus: 
BIOS frequency limitation: <Not Available>
Frequency switch latency (ns): 0
Available cpu frequencies: <Not Available>
Current governor: powersave
Core performance/turbo boost: <Not Available>

Memory: 4k page, physical 16065512k(2117172k free), swap 8388604k(3686180k free)
Page Sizes: 4k

vm_info: OpenJDK 64-Bit Server VM (21.0.4+7-LTS) for linux-amd64 JRE (21.0.4+7-LTS), built on 2024-07-16T00:00:00Z by "admin" with gcc 11.3.0

END.
