#
# A fatal error has been detected by the Java Runtime Environment:
#
#  SIGSEGV (0xb) at pc=0x00007fa9c074c32d, pid=4673, tid=4691
#
# JRE version: OpenJDK Runtime Environment Temurin-21.0.4+7 (21.0.4+7) (build 21.0.4+7-LTS)
# Java VM: OpenJDK 64-Bit Server VM Temurin-21.0.4+7 (21.0.4+7-LTS, mixed mode, sharing, tiered, compressed oops, compressed class ptrs, g1 gc, linux-amd64)
# Problematic frame:
# V  [libjvm.so+0xb4c32d]  Klass::subklass(bool) const+0x12d
#
# Core dump will be written. Default location: Core dumps may be processed with "/usr/lib/systemd/systemd-coredump %P %u %g %s %t %c %h %d %F" (or dumping to /home/notch/.gemini/antigravity/scratch/Wammy/core.4673)
#
# If you would like to submit a bug report, please visit:
#   https://github.com/adoptium/adoptium-support/issues
#

---------------  S U M M A R Y ------------

Command Line: --add-opens=java.base/java.lang=ALL-UNNAMED --add-opens=java.base/java.lang.invoke=ALL-UNNAMED --add-opens=java.base/java.util=ALL-UNNAMED --add-opens=java.prefs/java.util.prefs=ALL-UNNAMED --add-exports=jdk.compiler/com.sun.tools.javac.api=ALL-UNNAMED --add-exports=jdk.compiler/com.sun.tools.javac.util=ALL-UNNAMED --add-opens=java.base/java.util=ALL-UNNAMED --add-opens=java.prefs/java.util.prefs=ALL-UNNAMED --add-opens=java.base/java.nio.charset=ALL-UNNAMED --add-opens=java.base/java.net=ALL-UNNAMED --add-opens=java.base/java.util.concurrent=ALL-UNNAMED --add-opens=java.base/java.util.concurrent.atomic=ALL-UNNAMED --add-opens=java.xml/javax.xml.namespace=ALL-UNNAMED --add-opens=java.base/java.time=ALL-UNNAMED -Xmx2048m -Dfile.encoding=UTF-8 -Duser.country=US -Duser.language=en -Duser.variant -javaagent:/home/notch/.gradle/wrapper/dists/gradle-9.1.0-bin/9agqghryom9wkf8r80qlhnts3/gradle-9.1.0/lib/agents/gradle-instrumentation-agent-9.1.0.jar org.gradle.launcher.daemon.bootstrap.GradleDaemon 9.1.0

Host: 12th Gen Intel(R) Core(TM) i5-12400F, 12 cores, 15G, Fedora release 44 (Forty Four)
Time: Sat Aug 29 14:53:00 2026 IST elapsed time: 5.298817 seconds (0d 0h 0m 5s)

---------------  T H R E A D  ---------------

Current thread (0x00007fa9b81e78e0):  JavaThread "C1 CompilerThread0" daemon [_thread_in_vm, id=4691, stack(0x00007fa9914fc000,0x00007fa9915fc000) (1024K)]


Current CompileTask:
C1:   5298 9311       3       org.gradle.api.internal.artifacts.dependencies.AbstractExternalModuleDependency::equals (82 bytes)

Stack: [0x00007fa9914fc000,0x00007fa9915fc000],  sp=0x00007fa9915f97b0,  free space=1013k
Native frames: (J=compiled Java code, j=interpreted, Vv=VM code, C=native code)
V  [libjvm.so+0xb4c32d]  Klass::subklass(bool) const+0x12d
V  [libjvm.so+0x8e0107]  ClassHierarchyIterator::next()+0x67
V  [libjvm.so+0x6d977d]  LinkedConcreteMethodFinder::find_witness_anywhere(InstanceKlass*)+0x5d
V  [libjvm.so+0x6dcb02]  Dependencies::find_unique_concrete_method(InstanceKlass*, Method*, Klass*, Method*)+0x122
V  [libjvm.so+0x5defee]  ciMethod::find_monomorphic_target(ciInstanceKlass*, ciInstanceKlass*, ciInstanceKlass*, bool)+0x30e
V  [libjvm.so+0x4ff78c]  GraphBuilder::invoke(Bytecodes::Code)+0xe5c
V  [libjvm.so+0x50029b]  GraphBuilder::iterate_bytecodes_for_block(int)+0x5cb
V  [libjvm.so+0x50284d]  GraphBuilder::iterate_all_blocks(bool)+0x6d
V  [libjvm.so+0x5047a1]  GraphBuilder::GraphBuilder(Compilation*, IRScope*)+0x2d1
V  [libjvm.so+0x509e82]  IRScope::IRScope(Compilation*, IRScope*, int, ciMethod*, int, bool)+0x182
V  [libjvm.so+0x509f28]  IR::IR(Compilation*, ciMethod*, int)+0x88
V  [libjvm.so+0x4e4286]  Compilation::build_hir() [clone .part.0]+0x146
V  [libjvm.so+0x4e5fbc]  Compilation::compile_java_method()+0x3bc
V  [libjvm.so+0x4e6142]  Compilation::compile_method()+0x112
V  [libjvm.so+0x4e64f9]  Compilation::Compilation(AbstractCompiler*, ciEnv*, ciMethod*, int, BufferBlob*, bool, DirectiveSet*)+0x1f9
V  [libjvm.so+0x4e7391]  Compiler::compile_method(ciEnv*, ciMethod*, int, bool, DirectiveSet*)+0xb1
V  [libjvm.so+0x675bee]  CompileBroker::invoke_compiler_on_method(CompileTask*)+0xc9e
V  [libjvm.so+0x678dc8]  CompileBroker::compiler_thread_loop()+0x6a8
V  [libjvm.so+0x9276b8]  JavaThread::thread_main_inner()+0x1d8
V  [libjvm.so+0xf79b58]  Thread::call_run()+0xa8
V  [libjvm.so+0xd048ea]  thread_native_entry(Thread*)+0xda
C  [libc.so.6+0x72c19]  start_thread+0x399

siginfo: si_signo: 11 (SIGSEGV), si_code: 1 (SEGV_MAPERR), si_addr: 0x0000300000000098

Registers:
RAX=0x0000000000000005, RBX=0x00007fa9915f9850, RCX=0x0000000000000000, RDX=0x0000000000000001
RSP=0x00007fa9915f97b0, RBP=0x00007fa9915f9810, RSI=0x0000000000000000, RDI=0x00007fa944b37178
R8 =0x00007fa9c1141d80, R9 =0x0000000000001253, R10=0x00007fa94348f990, R11=0x00007fa9444fb888
R12=0x0000300000000000, R13=0x00007fa9c0d87240, R14=0x00007fa943000e80, R15=0x00007fa9b81e78e0
RIP=0x00007fa9c074c32d, EFLAGS=0x0000000000010246, CSGSFS=0x002b000000000033, ERR=0x0000000000000004
  TRAPNO=0x000000000000000e


Register to memory mapping:

RAX=0x0000000000000005 is an unknown value
RBX=0x00007fa9915f9850 is pointing into the stack for thread: 0x00007fa9b81e78e0
RCX=0x0 is null
RDX=0x0000000000000001 is an unknown value
RSP=0x00007fa9915f97b0 is pointing into the stack for thread: 0x00007fa9b81e78e0
RBP=0x00007fa9915f9810 is pointing into the stack for thread: 0x00007fa9b81e78e0
RSI=0x0 is null
RDI=0x00007fa944b37178 is a pointer to class: 
com.android.build.gradle.internal.VariantTaskManager$checkMultidexDependency$$inlined$filterIsInstance$1 {0x00007fa944b37178}
 - instance size:     2
 - klass size:        67
 - access:            public final synchronized 
 - flags:             rewritten should_verify_class has_localvariable_table has_vanilla_constructor has_final_method 
 - state:             fully_initialized
 - name:              'com/android/build/gradle/internal/VariantTaskManager$checkMultidexDependency$$inlined$filterIsInstance$1'
 - super:             'java/lang/Object'
 - sub:               
[error occurred during error reporting (printing register info), id 0xb, SIGSEGV (0xb) at pc=0x00007fa9c074c32d]
R8 =0x00007fa9c1141d80: <offset 0x0000000001541d80> in /home/notch/.sdkman/candidates/java/21.0.4-tem/lib/server/libjvm.so at 0x00007fa9bfc00000
R9 =0x0000000000001253 is an unknown value
R10=0x00007fa94348f990 is pointing into metadata
R11=0x00007fa9444fb888 is a pointer to class: 
org.gradle.api.internal.artifacts.dependencies.AbstractExternalModuleDependency {0x00007fa9444fb888}
 - instance size:     8
 - klass size:        233
 - access:            public synchronized abstract 
 - flags:             rewritten has_nonstatic_fields should_verify_class has_nonstatic_concrete_methods has_localvariable_table has_miranda_methods 
 - state:             fully_initialized
 - name:              'org/gradle/api/internal/artifacts/dependencies/AbstractExternalModuleDependency'
 - super:             'org/gradle/api/internal/artifacts/dependencies/AbstractModuleDependency'
 - sub:               'org/gradle/api/internal/artifacts/dependencies/DefaultExternalModuleDependency'   
 - arrays:            null
 - methods:           Array<T>(0x00007fa940db6740)
 - method ordering:   Array<T>(0x00007fa943b46328)
 - default_methods:   Array<T>(0x00007fa940db4a10)
 - default vtable indices:   Array<T>(0x00007fa940db4a30)
 - local interfaces:  Array<T>(0x00007fa940db4a00)
 - trans. interfaces: Array<T>(0x00007fa940db5bc0)
 - constants:         constant pool [291]/operands[7] {0x00007fa940db5cd0} for 'org/gradle/api/internal/artifacts/dependencies/AbstractExternalModuleDependency' cache=0x00007fa941b4b688
 - class loader data:  loader data: 0x00007fa9b91a2d70 for instance a 'org/gradle/initialization/MixInLegacyTypesClassLoader'{0x00000000ffd05a70}
 - source file:       'AbstractExternalModuleDependency.java'
 - class annotations:       Array<T>(0x0000000000000000)
 - class type annotations:  Array<T>(0x0000000000000000)
 - field annotations:       Array<T>(0x0000000000000000)
 - field type annotations:  Array<T>(0x0000000000000000)
 - inner classes:     Array<T>(0x00007fa940db5ba8)
 - nest members:     Array<T>(0x00007fa943624140)
 - permitted subclasses:     Array<T>(0x00007fa943624140)
 - java mirror:       a 'java/lang/Class'{0x00000000819fbbd8} = 'org/gradle/api/internal/artifacts/dependencies/AbstractExternalModuleDependency'
 - vtable length      55  (start addr: 0x00007fa9444fba50)
 - itable length      120 (start addr: 0x00007fa9444fbc08)
 - ---- static fields (0 words):
 - ---- non-static fields (13 words):
 - private 'transitive' 'Z' @12 
 - private 'endorsing' 'Z' @13 
 - private 'attributesFactory' 'Lorg/gradle/api/internal/attributes/AttributesFactory;' @16 
 - private 'capabilityNotationParser' 'Lorg/gradle/internal/typeconversion/NotationParser;' @20 
 - private 'objectFactory' 'Lorg/gradle/api/model/ObjectFactory;' @24 
 - private 'excludeRuleContainer' 'Lorg/gradle/api/internal/artifacts/DefaultExcludeRuleContainer;' @28 
 - private 'artifacts' 'Ljava/util/Set;' @32 
 - private 'onMutate' 'Lorg/gradle/internal/ImmutableActionSet;' @36 
 - private 'attributes' 'Lorg/gradle/api/internal/attributes/AttributeContainerInternal;' @40 
 - private 'moduleDependencyCapabilities' 'Lorg/gradle/api/internal/artifacts/dependencies/ModuleDependencyCapabilitiesInternal;' @44 
 - private 'configuration' 'Ljava/lang/String;' @48 
 - private 'reason' 'Ljava/lang/String;' @52 
 - private 'changing' 'Z' @14 
 - private final 'moduleIdentifier' 'Lorg/gradle/api/artifacts/ModuleIdentifier;' @56 
 - private final 'versionConstraint' 'Lorg/gradle/api/artifacts/MutableVersionConstraint;' @60 
 - non-static oop maps: 16-60 
R12=0x0000300000000000 is an unknown value
R13=0x00007fa9c0d87240: <offset 0x0000000001187240> in /home/notch/.sdkman/candidates/java/21.0.4-tem/lib/server/libjvm.so at 0x00007fa9bfc00000
R14=0x00007fa943000e80 is a pointer to class: 
java.lang.Object {0x00007fa943000e80}
 - instance size:     2
 - klass size:        64
 - access:            public synchronized 
 - flags:             rewritten is_shared_boot_class has_localvariable_table has_vanilla_constructor has_final_method has_resolved_methods 
 - state:             fully_initialized
 - name:              'java/lang/Object'
 - super:             null
 - sub:               'org/gradle/api/internal/artifacts/dependencies/DefaultMutableModuleDependencyCapabilitiesHandler_Decorated$$Lambda+0x00007fa944b2cd18'   'org/gradle/api/internal/artifacts/dependencies/DefaultMutableModuleDependencyCapabilitiesHandler'   'org/gradle/api/internal/artifacts/dependencies/DependencyVariant'   'org/gradle/api/internal/artifacts/dsl/dependencies/DefaultDependencyHandler$DefaultExternalModuleDependencyVariantSpec$$Lambda+0x00007fa944adb990'   (12963 more klasses...)
 - arrays:            'java/lang/Object'[]
 - methods:           Array<T>(0x00007fa943624148)
 - method ordering:   Array<T>(0x00007fa9436241c8)
 - default_methods:   Array<T>(0x0000000000000000)
 - local interfaces:  Array<T>(0x00007fa9436241b8)
 - trans. interfaces: Array<T>(0x00007fa9436241b8)
 - constants:         constant pool [124] {0x00007fa943623d18} for 'java/lang/Object' cache=0x00007fa94347cf20
 - class loader data:  loader data: 0x00007fa9b81b0c30 of 'bootstrap'
 - source file:       'Object.java'
 - class annotations:       Array<T>(0x0000000000000000)
 - class type annotations:  Array<T>(0x0000000000000000)
 - field annotations:       Array<T>(0x0000000000000000)
 - field type annotations:  Array<T>(0x0000000000000000)
 - inner classes:     Array<T>(0x00007fa943624140)
 - nest members:     Array<T>(0x00007fa943624140)
 - permitted subclasses:     Array<T>(0x00007fa943624140)
 - java mirror:       a 'java/lang/Class'{0x00000000ffe7ff08} = 'java/lang/Object'
 - vtable length      5  (start addr: 0x00007fa943001048)
 - itable length      2 (start addr: 0x00007fa943001070)
 - ---- static fields (0 words):
 - ---- non-static fields (0 words):
 - non-static oop maps: 
R15=0x00007fa9b81e78e0 is a thread

Top of Stack: (sp=0x00007fa9915f97b0)
0x00007fa9915f97b0:   00007fa900511128 00007fa9430010d8
0x00007fa9915f97c0:   00007fa9b81e78e0 00007fa9915f9818
0x00007fa9915f97d0:   00007fa9915f9820 00007fa9430010d8
0x00007fa9915f97e0:   00007fa9430010d8 00007fa9915f9850
0x00007fa9915f97f0:   00007fa9915f98a0 00007fa9915f984f
0x00007fa9915f9800:   00007fa943000e80 00007fa9b81e78e0
0x00007fa9915f9810:   00007fa9915f9830 00007fa9c04e0107
0x00007fa9915f9820:   00007fa9430010d8 00007fa944b37178
0x00007fa9915f9830:   00007fa9915f9890 00007fa9c02d977d
0x00007fa9915f9840:   00007fa9b81e78e0 00007fa9430010d8
0x00007fa9915f9850:   00007fa943000e80 00007fa944b37178
0x00007fa9915f9860:   0000000000000001 000000000000000b
0x00007fa9915f9870:   0000000080a12630 00007fa9430010d8
0x00007fa9915f9880:   00007fa943000e80 00007fa9430010d8
0x00007fa9915f9890:   00007fa9915f9930 00007fa9c02dcb02
0x00007fa9915f98a0:   00007fa9c10194b8 00007fa900000000
0x00007fa9915f98b0:   00007fa943000e80 0000000000000000
0x00007fa9915f98c0:   0000000000000000 0000000000000000
0x00007fa9915f98d0:   00007fa900000001 00007fa943000e80
0x00007fa9915f98e0:   00007fa943000e80 0000000000000001
0x00007fa9915f98f0:   00007fa9430010d8 0000000000000000
0x00007fa9915f9900:   0000000000000000 0000000000000000
0x00007fa9915f9910:   00007fa90c003728 00007fa900511128
0x00007fa9915f9920:   00007fa900511128 00007fa90c003728
0x00007fa9915f9930:   00007fa9915f99a0 00007fa9c01defee
0x00007fa9915f9940:   00007fa9915f99c0 00007fa9c1141d80
0x00007fa9915f9950:   0000000000000000 0000000000000000
0x00007fa9915f9960:   00007fa9915f99a0 00007fa9c01f8fa1
0x00007fa9915f9970:   00007fa940db5cd0 0000000000000000
0x00007fa9915f9980:   00007fa90c003728 0000000000000000
0x00007fa9915f9990:   00007fa9915f9cc0 00007fa900511128
0x00007fa9915f99a0:   00007fa9915f9a50 00007fa9c00ff78c 

Instructions: (pc=0x00007fa9c074c32d)
0x00007fa9c074c22d:   fc 00 00 00 0f 1f 80 00 00 00 00 49 8b bc 24 98
0x00007fa9c074c23d:   00 00 00 e8 9b 6c ad ff 84 c0 0f 85 be 00 00 00
0x00007fa9c074c24d:   48 8b 05 3c bd 9d 00 48 85 c0 0f 84 9a 00 00 00
0x00007fa9c074c25d:   66 48 8d 3d 63 31 99 00 66 66 48 e8 93 b3 74 ff
0x00007fa9c074c26d:   48 8b 00 48 8b 98 18 03 00 00 48 8b 05 12 bd 9d
0x00007fa9c074c27d:   00 f3 0f 6f 43 10 4c 8b 7b 20 4c 8b 4b 28 0f 17
0x00007fa9c074c28d:   45 c8 66 49 0f 7e c6 48 85 c0 0f 84 a3 00 00 00
0x00007fa9c074c29d:   4c 89 e7 4c 89 4d b0 0f 29 45 a0 e8 53 f6 ff ff
0x00007fa9c074c2ad:   4c 89 ef 48 89 c6 31 c0 e8 c6 14 da ff 49 83 3e
0x00007fa9c074c2bd:   00 4c 8b 4d b0 66 0f 6f 45 a0 74 1c 4c 89 ce 48
0x00007fa9c074c2cd:   89 df 0f 29 45 b0 e8 f8 4c 8f ff 4c 89 f7 e8 b0
0x00007fa9c074c2dd:   43 8f ff 66 0f 6f 45 b0 48 8b 45 c8 48 39 43 18
0x00007fa9c074c2ed:   74 08 4c 89 7b 20 0f 11 43 10 4d 8b a4 24 88 00
0x00007fa9c074c2fd:   00 00 4d 85 e4 0f 85 30 ff ff ff 45 31 e4 48 83
0x00007fa9c074c30d:   c4 38 4c 89 e0 5b 41 5c 41 5d 41 5e 41 5f 5d c3
0x00007fa9c074c31d:   0f 1f 00 4d 8b a4 24 88 00 00 00 4d 85 e4 74 db
0x00007fa9c074c32d:   49 8b bc 24 98 00 00 00 e8 a6 6b ad ff 84 c0 74
0x00007fa9c074c33d:   e2 eb cb 49 83 3e 00 0f 85 7f ff ff ff eb ab 0f
0x00007fa9c074c34d:   1f 40 00 55 48 89 e5 41 54 48 83 ec 08 4c 8b a7
0x00007fa9c074c35d:   88 00 00 00 4d 85 e4 75 17 eb 38 0f 1f 84 00 00
0x00007fa9c074c36d:   00 00 00 4d 8b a4 24 88 00 00 00 4d 85 e4 74 23
0x00007fa9c074c37d:   49 8b bc 24 98 00 00 00 e8 56 6b ad ff 84 c0 74
0x00007fa9c074c38d:   e2 4c 89 e0 4c 8b 65 f8 c9 c3 66 0f 1f 84 00 00
0x00007fa9c074c39d:   00 00 00 45 31 e4 4c 89 e0 4c 8b 65 f8 c9 c3 0f
0x00007fa9c074c3ad:   1f 40 00 55 48 89 e5 41 54 49 89 fc 53 48 89 fb
0x00007fa9c074c3bd:   0f 1f 00 f6 83 a5 00 00 00 04 74 48 48 8b 9b 80
0x00007fa9c074c3cd:   00 00 00 48 85 db 75 17 eb 32 66 0f 1f 84 00 00
0x00007fa9c074c3dd:   00 00 00 48 8b 9b 88 00 00 00 48 85 db 74 1d 48
0x00007fa9c074c3ed:   8b bb 98 00 00 00 e8 e8 6a ad ff 84 c0 74 e4 48
0x00007fa9c074c3fd:   89 df e8 4c ff ff ff 48 85 c0 74 b7 4c 89 e0 5b
0x00007fa9c074c40d:   41 5c 5d c3 49 89 dc 5b 4c 89 e0 41 5c 5d c3 0f
0x00007fa9c074c41d:   1f 40 00 55 48 89 e5 41 55 41 54 53 48 83 ec 08 


Stack slot to memory mapping:

stack at sp + 0 slots: 0x00007fa900511128 points into unknown readable memory: 0x00007fa9c10b7a78 | 78 7a 0b c1 a9 7f 00 00
stack at sp + 1 slots: {method} {0x00007fa9430010d8} 'equals' '(Ljava/lang/Object;)Z' in 'java/lang/Object'
stack at sp + 2 slots: 0x00007fa9b81e78e0 is a thread
stack at sp + 3 slots: 0x00007fa9915f9818 is pointing into the stack for thread: 0x00007fa9b81e78e0
stack at sp + 4 slots: 0x00007fa9915f9820 is pointing into the stack for thread: 0x00007fa9b81e78e0
stack at sp + 5 slots: {method} {0x00007fa9430010d8} 'equals' '(Ljava/lang/Object;)Z' in 'java/lang/Object'
stack at sp + 6 slots: {method} {0x00007fa9430010d8} 'equals' '(Ljava/lang/Object;)Z' in 'java/lang/Object'
stack at sp + 7 slots: 0x00007fa9915f9850 is pointing into the stack for thread: 0x00007fa9b81e78e0


---------------  P R O C E S S  ---------------

Threads class SMR info:
_java_thread_list=0x00007fa8cea09be0, length=68, elements={
0x00007fa9b802db00, 0x00007fa9b81de9d0, 0x00007fa9b81e0020, 0x00007fa9b81e1b00,
0x00007fa9b81e3140, 0x00007fa9b81e46e0, 0x00007fa9b81e6220, 0x00007fa9b81e78e0,
0x00007fa9b8209b90, 0x00007fa9b82c4f10, 0x00007fa9100b2ec0, 0x00007fa9b942ab80,
0x00007fa9b8ace300, 0x00007fa9b94f2850, 0x00007fa8e8016ab0, 0x00007fa8e00044c0,
0x00007fa8e0008340, 0x00007fa8e000aab0, 0x00007fa8cc009b70, 0x00007fa8cc00c080,
0x00007fa8cc019a00, 0x00007fa8cc2585a0, 0x00007fa8cc25e3b0, 0x00007fa8cc29e900,
0x00007fa8cd0ac6e0, 0x00007fa8cd0b4ca0, 0x00007fa8cd1ffe00, 0x00007fa8cd203590,
0x00007fa8cd350880, 0x00007fa8cd37d8a0, 0x00007fa8cd499410, 0x00007fa8cd503380,
0x00007fa9109e1870, 0x00007fa8cdfbdbd0, 0x00007fa8cdfbf340, 0x00007fa8cdfc0550,
0x00007fa8cdfc1810, 0x00007fa8cdfc29a0, 0x00007fa8cdfc3c70, 0x00007fa8cdfc4f50,
0x00007fa8cdfc6230, 0x00007fa8cdfc73d0, 0x00007fa8cdfc8570, 0x00007fa8cdfc9870,
0x00007fa8cdfe40b0, 0x00007fa8cdfe6870, 0x00007fa8cdfe7c10, 0x00007fa8cdfe9130,
0x00007fa8cdfea370, 0x00007fa8cdfeb6a0, 0x00007fa8cdfec9d0, 0x00007fa8cdfee110,
0x00007fa8cdfef390, 0x00007fa8cdff06b0, 0x00007fa8cdff1950, 0x00007fa8cdffb5d0,
0x00007fa8cdffc390, 0x00007fa8cdffd550, 0x00007fa8ce000f20, 0x00007fa8ce001eb0,
0x00007fa8ce003220, 0x00007fa8ce0043d0, 0x00007fa8ce005760, 0x00007fa8ce0068f0,
0x00007fa8ce007a80, 0x00007fa8ce008eb0, 0x00007fa8ce81fb90, 0x00007fa8cea06520
}

Java Threads: ( => current thread )
  0x00007fa9b802db00 JavaThread "main"                              [_thread_blocked, id=4674, stack(0x00007fa9bfb00000,0x00007fa9bfc00000) (1024K)]
  0x00007fa9b81de9d0 JavaThread "Reference Handler"          daemon [_thread_blocked, id=4685, stack(0x00007fa991afc000,0x00007fa991bfc000) (1024K)]
  0x00007fa9b81e0020 JavaThread "Finalizer"                  daemon [_thread_blocked, id=4686, stack(0x00007fa9919fc000,0x00007fa991afc000) (1024K)]
  0x00007fa9b81e1b00 JavaThread "Signal Dispatcher"          daemon [_thread_blocked, id=4687, stack(0x00007fa9918fc000,0x00007fa9919fc000) (1024K)]
  0x00007fa9b81e3140 JavaThread "Service Thread"             daemon [_thread_blocked, id=4688, stack(0x00007fa9917fc000,0x00007fa9918fc000) (1024K)]
  0x00007fa9b81e46e0 JavaThread "Monitor Deflation Thread"   daemon [_thread_blocked, id=4689, stack(0x00007fa9916fc000,0x00007fa9917fc000) (1024K)]
  0x00007fa9b81e6220 JavaThread "C2 CompilerThread0"         daemon [_thread_blocked, id=4690, stack(0x00007fa9915fc000,0x00007fa9916fc000) (1024K)]
=>0x00007fa9b81e78e0 JavaThread "C1 CompilerThread0"         daemon [_thread_in_vm, id=4691, stack(0x00007fa9914fc000,0x00007fa9915fc000) (1024K)]
  0x00007fa9b8209b90 JavaThread "Common-Cleaner"             daemon [_thread_blocked, id=4692, stack(0x00007fa9913fc000,0x00007fa9914fc000) (1024K)]
  0x00007fa9b82c4f10 JavaThread "Notification Thread"        daemon [_thread_blocked, id=4693, stack(0x00007fa9912fc000,0x00007fa9913fc000) (1024K)]
  0x00007fa9100b2ec0 JavaThread "C2 CompilerThread1"         daemon [_thread_blocked, id=4694, stack(0x00007fa9911fc000,0x00007fa9912fc000) (1024K)]
  0x00007fa9b942ab80 JavaThread "Daemon health stats"               [_thread_blocked, id=4700, stack(0x00007fa990900000,0x00007fa990a00000) (1024K)]
  0x00007fa9b8ace300 JavaThread "Incoming local TCP Connector on port 34481"        [_thread_in_native, id=4701, stack(0x00007fa990800000,0x00007fa990900000) (1024K)]
  0x00007fa9b94f2850 JavaThread "Daemon periodic checks"            [_thread_blocked, id=4702, stack(0x00007fa990700000,0x00007fa990800000) (1024K)]
  0x00007fa8e8016ab0 JavaThread "Daemon"                            [_thread_blocked, id=4703, stack(0x00007fa990600000,0x00007fa990700000) (1024K)]
  0x00007fa8e00044c0 JavaThread "Handler for socket connection from /127.0.0.1:34481 to /127.0.0.1:50320"        [_thread_in_native, id=4704, stack(0x00007fa990500000,0x00007fa990600000) (1024K)]
  0x00007fa8e0008340 JavaThread "Cancel handler"                    [_thread_blocked, id=4705, stack(0x00007fa990400000,0x00007fa990500000) (1024K)]
  0x00007fa8e000aab0 JavaThread "Daemon worker"                     [_thread_blocked, id=4706, stack(0x00007fa990300000,0x00007fa990400000) (1024K)]
  0x00007fa8cc009b70 JavaThread "Asynchronous log dispatcher for DefaultDaemonConnection: socket connection from /127.0.0.1:34481 to /127.0.0.1:50320"        [_thread_blocked, id=4707, stack(0x00007fa990200000,0x00007fa990300000) (1024K)]
  0x00007fa8cc00c080 JavaThread "Stdin handler"                     [_thread_blocked, id=4708, stack(0x00007fa990100000,0x00007fa990200000) (1024K)]
  0x00007fa8cc019a00 JavaThread "Daemon client event forwarder"        [_thread_blocked, id=4709, stack(0x00007fa990000000,0x00007fa990100000) (1024K)]
  0x00007fa8cc2585a0 JavaThread "Cache worker for journal cache (/home/notch/.gradle/caches/journal-1)"        [_thread_blocked, id=4710, stack(0x00007fa93ef00000,0x00007fa93f000000) (1024K)]
  0x00007fa8cc25e3b0 JavaThread "File lock request listener"        [_thread_in_native, id=4711, stack(0x00007fa93ee00000,0x00007fa93ef00000) (1024K)]
  0x00007fa8cc29e900 JavaThread "Cache worker for file hash cache (/home/notch/.gradle/caches/9.1.0/fileHashes)"        [_thread_blocked, id=4717, stack(0x00007fa93e7fb000,0x00007fa93e8fb000) (1024K)]
  0x00007fa8cd0ac6e0 JavaThread "Cache worker for file hash cache (/home/notch/.gemini/antigravity/scratch/Wammy/.gradle/9.1.0/fileHashes)"        [_thread_blocked, id=4720, stack(0x00007fa93e4f9000,0x00007fa93e5f9000) (1024K)]
  0x00007fa8cd0b4ca0 JavaThread "Cache worker for Build Output Cleanup Cache (/home/notch/.gemini/antigravity/scratch/Wammy/.gradle/buildOutputCleanup)"        [_thread_blocked, id=4721, stack(0x00007fa93e3f9000,0x00007fa93e4f9000) (1024K)]
  0x00007fa8cd1ffe00 JavaThread "File watcher server"        daemon [_thread_in_native, id=4722, stack(0x00007fa93e2f9000,0x00007fa93e3f9000) (1024K)]
  0x00007fa8cd203590 JavaThread "File watcher consumer"      daemon [_thread_blocked, id=4723, stack(0x00007fa93e1f9000,0x00007fa93e2f9000) (1024K)]
  0x00007fa8cd350880 JavaThread "Cache worker for checksums cache (/home/notch/.gemini/antigravity/scratch/Wammy/.gradle/9.1.0/checksums)"        [_thread_blocked, id=4724, stack(0x00007fa93e0f9000,0x00007fa93e1f9000) (1024K)]
  0x00007fa8cd37d8a0 JavaThread "Cache worker for file content cache (/home/notch/.gradle/caches/9.1.0/fileContent)"        [_thread_blocked, id=4725, stack(0x00007fa93dff9000,0x00007fa93e0f9000) (1024K)]
  0x00007fa8cd499410 JavaThread "Cache worker for cache directory md-supplier (/home/notch/.gradle/caches/9.1.0/md-supplier)"        [_thread_blocked, id=4726, stack(0x00007fa93def9000,0x00007fa93dff9000) (1024K)]
  0x00007fa8cd503380 JavaThread "Cache worker for cache directory md-rule (/home/notch/.gradle/caches/9.1.0/md-rule)"        [_thread_blocked, id=4727, stack(0x00007fa93ddf9000,0x00007fa93def9000) (1024K)]
  0x00007fa9109e1870 JavaThread "C2 CompilerThread2"         daemon [_thread_blocked, id=4750, stack(0x00007fa9910fc000,0x00007fa9911fc000) (1024K)]
  0x00007fa8cdfbdbd0 JavaThread "Unconstrained build operations"        [_thread_blocked, id=4957, stack(0x00007fa93dcf9000,0x00007fa93ddf9000) (1024K)]
  0x00007fa8cdfbf340 JavaThread "Unconstrained build operations Thread 2"        [_thread_blocked, id=4958, stack(0x00007fa93dbf9000,0x00007fa93dcf9000) (1024K)]
  0x00007fa8cdfc0550 JavaThread "Unconstrained build operations Thread 3"        [_thread_blocked, id=4959, stack(0x00007fa93daf9000,0x00007fa93dbf9000) (1024K)]
  0x00007fa8cdfc1810 JavaThread "Unconstrained build operations Thread 4"        [_thread_blocked, id=4960, stack(0x00007fa93d9f9000,0x00007fa93daf9000) (1024K)]
  0x00007fa8cdfc29a0 JavaThread "Unconstrained build operations Thread 5"        [_thread_blocked, id=4961, stack(0x00007fa93d8f9000,0x00007fa93d9f9000) (1024K)]
  0x00007fa8cdfc3c70 JavaThread "Unconstrained build operations Thread 6"        [_thread_blocked, id=4962, stack(0x00007fa93d7f9000,0x00007fa93d8f9000) (1024K)]
  0x00007fa8cdfc4f50 JavaThread "Unconstrained build operations Thread 7"        [_thread_blocked, id=4963, stack(0x00007fa93d6f9000,0x00007fa93d7f9000) (1024K)]
  0x00007fa8cdfc6230 JavaThread "Unconstrained build operations Thread 8"        [_thread_blocked, id=4964, stack(0x00007fa93d5f9000,0x00007fa93d6f9000) (1024K)]
  0x00007fa8cdfc73d0 JavaThread "Unconstrained build operations Thread 9"        [_thread_blocked, id=4965, stack(0x00007fa93d4f9000,0x00007fa93d5f9000) (1024K)]
  0x00007fa8cdfc8570 JavaThread "Unconstrained build operations Thread 10"        [_thread_blocked, id=4966, stack(0x00007fa93d3f9000,0x00007fa93d4f9000) (1024K)]
  0x00007fa8cdfc9870 JavaThread "Unconstrained build operations Thread 11"        [_thread_blocked, id=4967, stack(0x00007fa93d2f9000,0x00007fa93d3f9000) (1024K)]
  0x00007fa8cdfe40b0 JavaThread "Unconstrained build operations Thread 12"        [_thread_blocked, id=4968, stack(0x00007fa93d1f9000,0x00007fa93d2f9000) (1024K)]
  0x00007fa8cdfe6870 JavaThread "Unconstrained build operations Thread 13"        [_thread_blocked, id=4972, stack(0x00007fa93d0f9000,0x00007fa93d1f9000) (1024K)]
  0x00007fa8cdfe7c10 JavaThread "Unconstrained build operations Thread 14"        [_thread_blocked, id=4973, stack(0x00007fa93cff9000,0x00007fa93d0f9000) (1024K)]
  0x00007fa8cdfe9130 JavaThread "Unconstrained build operations Thread 15"        [_thread_blocked, id=4974, stack(0x00007fa93cef9000,0x00007fa93cff9000) (1024K)]
  0x00007fa8cdfea370 JavaThread "Unconstrained build operations Thread 16"        [_thread_blocked, id=4975, stack(0x00007fa93cdf9000,0x00007fa93cef9000) (1024K)]
  0x00007fa8cdfeb6a0 JavaThread "Unconstrained build operations Thread 17"        [_thread_blocked, id=4976, stack(0x00007fa93ccf9000,0x00007fa93cdf9000) (1024K)]
  0x00007fa8cdfec9d0 JavaThread "Unconstrained build operations Thread 18"        [_thread_blocked, id=4977, stack(0x00007fa93cbf9000,0x00007fa93ccf9000) (1024K)]
  0x00007fa8cdfee110 JavaThread "Unconstrained build operations Thread 19"        [_thread_blocked, id=4978, stack(0x00007fa93caf9000,0x00007fa93cbf9000) (1024K)]
  0x00007fa8cdfef390 JavaThread "Unconstrained build operations Thread 20"        [_thread_blocked, id=4979, stack(0x00007fa93c9f9000,0x00007fa93caf9000) (1024K)]
  0x00007fa8cdff06b0 JavaThread "Unconstrained build operations Thread 21"        [_thread_blocked, id=4980, stack(0x00007fa93c8f9000,0x00007fa93c9f9000) (1024K)]
  0x00007fa8cdff1950 JavaThread "Unconstrained build operations Thread 22"        [_thread_blocked, id=4981, stack(0x00007fa93c7f9000,0x00007fa93c8f9000) (1024K)]
  0x00007fa8cdffb5d0 JavaThread "Unconstrained build operations Thread 23"        [_thread_blocked, id=4989, stack(0x00007fa93c6f9000,0x00007fa93c7f9000) (1024K)]
  0x00007fa8cdffc390 JavaThread "Unconstrained build operations Thread 24"        [_thread_blocked, id=4990, stack(0x00007fa93c5f9000,0x00007fa93c6f9000) (1024K)]
  0x00007fa8cdffd550 JavaThread "Unconstrained build operations Thread 25"        [_thread_blocked, id=4991, stack(0x00007fa93c4f9000,0x00007fa93c5f9000) (1024K)]
  0x00007fa8ce000f20 JavaThread "Unconstrained build operations Thread 26"        [_thread_blocked, id=4992, stack(0x00007fa93c3f9000,0x00007fa93c4f9000) (1024K)]
  0x00007fa8ce001eb0 JavaThread "Unconstrained build operations Thread 27"        [_thread_blocked, id=4993, stack(0x00007fa93c2f9000,0x00007fa93c3f9000) (1024K)]
  0x00007fa8ce003220 JavaThread "Unconstrained build operations Thread 28"        [_thread_blocked, id=4994, stack(0x00007fa93c1f9000,0x00007fa93c2f9000) (1024K)]
  0x00007fa8ce0043d0 JavaThread "Unconstrained build operations Thread 29"        [_thread_blocked, id=4995, stack(0x00007fa93c0f9000,0x00007fa93c1f9000) (1024K)]
  0x00007fa8ce005760 JavaThread "Unconstrained build operations Thread 30"        [_thread_blocked, id=4996, stack(0x00007fa937f00000,0x00007fa938000000) (1024K)]
  0x00007fa8ce0068f0 JavaThread "Unconstrained build operations Thread 31"        [_thread_blocked, id=4997, stack(0x00007fa929f00000,0x00007fa92a000000) (1024K)]
  0x00007fa8ce007a80 JavaThread "Unconstrained build operations Thread 32"        [_thread_blocked, id=4998, stack(0x00007fa929e00000,0x00007fa929f00000) (1024K)]
  0x00007fa8ce008eb0 JavaThread "Unconstrained build operations Thread 33"        [_thread_blocked, id=4999, stack(0x00007fa929d00000,0x00007fa929e00000) (1024K)]
  0x00007fa8ce81fb90 JavaThread "Memory manager"                    [_thread_blocked, id=5002, stack(0x00007fa929c00000,0x00007fa929d00000) (1024K)]
  0x00007fa8cea06520 JavaThread "build event listener"              [_thread_blocked, id=5003, stack(0x00007fa929b00000,0x00007fa929c00000) (1024K)]
Total: 68

Other Threads:
  0x00007fa9b81d1690 VMThread "VM Thread"                           [id=4684, stack(0x00007fa991bfd000,0x00007fa991cfd000) (1024K)]
  0x00007fa9b81b7570 WatcherThread "VM Periodic Task Thread"        [id=4683, stack(0x00007fa991cfe000,0x00007fa991dfe000) (1024K)]
  0x00007fa9b8087600 WorkerThread "GC Thread#0"                     [id=4675, stack(0x00007fa9bee20000,0x00007fa9bef20000) (1024K)]
  0x00007fa9380080d0 WorkerThread "GC Thread#1"                     [id=4696, stack(0x00007fa990ffc000,0x00007fa9910fc000) (1024K)]
  0x00007fa938008bb0 WorkerThread "GC Thread#2"                     [id=4697, stack(0x00007fa990efb000,0x00007fa990ffb000) (1024K)]
  0x00007fa938009690 WorkerThread "GC Thread#3"                     [id=4698, stack(0x00007fa990dfa000,0x00007fa990efa000) (1024K)]
  0x00007fa93800a170 WorkerThread "GC Thread#4"                     [id=4699, stack(0x00007fa990cf9000,0x00007fa990df9000) (1024K)]
  0x00007fa938012b50 WorkerThread "GC Thread#5"                     [id=4712, stack(0x00007fa93ed00000,0x00007fa93ee00000) (1024K)]
  0x00007fa93800c9f0 WorkerThread "GC Thread#6"                     [id=4713, stack(0x00007fa93ebff000,0x00007fa93ecff000) (1024K)]
  0x00007fa93800d4e0 WorkerThread "GC Thread#7"                     [id=4714, stack(0x00007fa93eafe000,0x00007fa93ebfe000) (1024K)]
  0x00007fa93800e0a0 WorkerThread "GC Thread#8"                     [id=4715, stack(0x00007fa93e9fd000,0x00007fa93eafd000) (1024K)]
  0x00007fa93800eb40 WorkerThread "GC Thread#9"                     [id=4716, stack(0x00007fa93e8fc000,0x00007fa93e9fc000) (1024K)]
  0x00007fa9b8098c20 ConcurrentGCThread "G1 Main Marker"            [id=4676, stack(0x00007fa9bc500000,0x00007fa9bc600000) (1024K)]
  0x00007fa9b8099bc0 WorkerThread "G1 Conc#0"                       [id=4677, stack(0x00007fa9bc3ff000,0x00007fa9bc4ff000) (1024K)]
  0x00007fa994000d00 WorkerThread "G1 Conc#1"                       [id=4718, stack(0x00007fa93e6fb000,0x00007fa93e7fb000) (1024K)]
  0x00007fa994001830 WorkerThread "G1 Conc#2"                       [id=4719, stack(0x00007fa93e5fa000,0x00007fa93e6fa000) (1024K)]
  0x00007fa9b81a39b0 ConcurrentGCThread "G1 Refine#0"               [id=4679, stack(0x00007fa991f00000,0x00007fa992000000) (1024K)]
  0x00007fa9b81a4960 ConcurrentGCThread "G1 Service"                [id=4680, stack(0x00007fa991dff000,0x00007fa991eff000) (1024K)]
Total: 18

Threads with active compile tasks:
C2 CompilerThread0     5304 9316       4       java.io.ObjectInputStream$PeekInputStream::peek (49 bytes)
C1 CompilerThread0     5304 9311       3       org.gradle.api.internal.artifacts.dependencies.AbstractExternalModuleDependency::equals (82 bytes)
C2 CompilerThread1     5304 9286   !   4       java.io.ObjectInputStream$BlockDataInputStream::readUTFSpan (502 bytes)
C2 CompilerThread2     5304 9315       4       java.lang.AbstractStringBuilder::append (37 bytes)
Total: 4

VM state: not at safepoint (normal execution)

VM Mutex/Monitor currently owned by a thread:  ([mutex/lock_event])
[0x00007fa9c1143280] MethodCompileQueue_lock - owner thread: 0x00007fa9100b2ec0
[0x00007fa9c1141d80] Compile_lock - owner thread: 0x00007fa9b81e78e0

Heap address: 0x0000000080000000, size: 2048 MB, Compressed Oops mode: 32-bit

CDS archive(s) mapped at: [0x00007fa943000000-0x00007fa943cae000-0x00007fa943cae000), size 13295616, SharedBaseAddress: 0x00007fa943000000, ArchiveRelocationMode: 1.
Compressed class space mapped at: 0x00007fa944000000-0x00007fa984000000, reserved size: 1073741824
Narrow klass base: 0x00007fa943000000, Narrow klass shift: 0, Narrow klass range: 0x100000000

GC Precious Log:
 CardTable entry size: 512
 Card Set container configuration: InlinePtr #cards 5 size 8 Array Of Cards #cards 12 size 40 Howl #buckets 4 coarsen threshold 1843 Howl Bitmap #cards 512 size 80 coarsen threshold 460 Card regions per heap region 1 cards per card region 2048
 CPUs: 12 total, 12 available
 Memory: 15688M
 Large Page Support: Disabled
 NUMA Support: Disabled
 Compressed Oops: Enabled (32-bit)
 Heap Region Size: 1M
 Heap Min Capacity: 8M
 Heap Initial Capacity: 246M
 Heap Max Capacity: 2G
 Pre-touch: Disabled
 Parallel Workers: 10
 Concurrent Workers: 3
 Concurrent Refinement Workers: 10
 Periodic GC: Disabled

Heap:
 garbage-first heap   total 135168K, used 81542K [0x0000000080000000, 0x0000000100000000)
  region size 1024K, 10 young (10240K), 7 survivors (7168K)
 Metaspace       used 75275K, committed 77376K, reserved 1179648K
  class space    used 10480K, committed 11520K, reserved 1048576K

Heap Regions: E=young(eden), S=young(survivor), O=old, HS=humongous(starts), HC=humongous(continues), CS=collection set, F=free, TAMS=top-at-mark-start, PB=parsable bottom
|   0|0x0000000080000000, 0x0000000080100000, 0x0000000080100000|100%|HS|  |TAMS 0x0000000080000000| PB 0x0000000080000000| Complete 
|   1|0x0000000080100000, 0x0000000080200000, 0x0000000080200000|100%|HC|  |TAMS 0x0000000080100000| PB 0x0000000080100000| Complete 
|   2|0x0000000080200000, 0x0000000080300000, 0x0000000080300000|100%|HC|  |TAMS 0x0000000080200000| PB 0x0000000080200000| Complete 
|   3|0x0000000080300000, 0x0000000080400000, 0x0000000080400000|100%| O|  |TAMS 0x0000000080300000| PB 0x0000000080300000| Untracked 
|   4|0x0000000080400000, 0x0000000080500000, 0x0000000080500000|100%| O|  |TAMS 0x0000000080400000| PB 0x0000000080400000| Untracked 
|   5|0x0000000080500000, 0x0000000080600000, 0x0000000080600000|100%| O|  |TAMS 0x0000000080500000| PB 0x0000000080500000| Untracked 
|   6|0x0000000080600000, 0x0000000080700000, 0x0000000080700000|100%| O|  |TAMS 0x0000000080600000| PB 0x0000000080600000| Untracked 
|   7|0x0000000080700000, 0x0000000080800000, 0x0000000080800000|100%| O|  |TAMS 0x0000000080700000| PB 0x0000000080700000| Untracked 
|   8|0x0000000080800000, 0x0000000080900000, 0x0000000080900000|100%| O|  |TAMS 0x0000000080800000| PB 0x0000000080800000| Untracked 
|   9|0x0000000080900000, 0x0000000080a00000, 0x0000000080a00000|100%|HS|  |TAMS 0x0000000080900000| PB 0x0000000080900000| Complete 
|  10|0x0000000080a00000, 0x0000000080b00000, 0x0000000080b00000|100%| O|  |TAMS 0x0000000080a00000| PB 0x0000000080a00000| Untracked 
|  11|0x0000000080b00000, 0x0000000080c00000, 0x0000000080c00000|100%| O|  |TAMS 0x0000000080b00000| PB 0x0000000080b00000| Untracked 
|  12|0x0000000080c00000, 0x0000000080d00000, 0x0000000080d00000|100%| O|  |TAMS 0x0000000080c00000| PB 0x0000000080c00000| Untracked 
|  13|0x0000000080d00000, 0x0000000080e00000, 0x0000000080e00000|100%| O|  |TAMS 0x0000000080d00000| PB 0x0000000080d00000| Untracked 
|  14|0x0000000080e00000, 0x0000000080f00000, 0x0000000080f00000|100%| O|  |TAMS 0x0000000080e00000| PB 0x0000000080e00000| Untracked 
|  15|0x0000000080f00000, 0x0000000081000000, 0x0000000081000000|100%| O|  |TAMS 0x0000000080f00000| PB 0x0000000080f00000| Untracked 
|  16|0x0000000081000000, 0x0000000081100000, 0x0000000081100000|100%| O|  |TAMS 0x0000000081000000| PB 0x0000000081000000| Untracked 
|  17|0x0000000081100000, 0x0000000081200000, 0x0000000081200000|100%| O|  |TAMS 0x0000000081100000| PB 0x0000000081100000| Untracked 
|  18|0x0000000081200000, 0x0000000081300000, 0x0000000081300000|100%| O|  |TAMS 0x0000000081200000| PB 0x0000000081200000| Untracked 
|  19|0x0000000081300000, 0x0000000081400000, 0x0000000081400000|100%| O|  |TAMS 0x0000000081300000| PB 0x0000000081300000| Untracked 
|  20|0x0000000081400000, 0x0000000081500000, 0x0000000081500000|100%| O|  |TAMS 0x0000000081400000| PB 0x0000000081400000| Untracked 
|  21|0x0000000081500000, 0x0000000081600000, 0x0000000081600000|100%| O|  |TAMS 0x0000000081500000| PB 0x0000000081500000| Untracked 
|  22|0x0000000081600000, 0x0000000081700000, 0x0000000081700000|100%| O|  |TAMS 0x0000000081600000| PB 0x0000000081600000| Untracked 
|  23|0x0000000081700000, 0x0000000081800000, 0x0000000081800000|100%| O|  |TAMS 0x0000000081700000| PB 0x0000000081700000| Untracked 
|  24|0x0000000081800000, 0x0000000081900000, 0x0000000081900000|100%| O|  |TAMS 0x0000000081800000| PB 0x0000000081800000| Untracked 
|  25|0x0000000081900000, 0x0000000081a00000, 0x0000000081a00000|100%| O|  |TAMS 0x0000000081900000| PB 0x0000000081900000| Untracked 
|  26|0x0000000081a00000, 0x0000000081b00000, 0x0000000081b00000|100%| O|  |TAMS 0x0000000081a00000| PB 0x0000000081a00000| Untracked 
|  27|0x0000000081b00000, 0x0000000081c00000, 0x0000000081c00000|100%| O|  |TAMS 0x0000000081b00000| PB 0x0000000081b00000| Untracked 
|  28|0x0000000081c00000, 0x0000000081d00000, 0x0000000081d00000|100%| O|  |TAMS 0x0000000081c00000| PB 0x0000000081c00000| Untracked 
|  29|0x0000000081d00000, 0x0000000081e00000, 0x0000000081e00000|100%| O|  |TAMS 0x0000000081d00000| PB 0x0000000081d00000| Untracked 
|  30|0x0000000081e00000, 0x0000000081f00000, 0x0000000081f00000|100%| O|  |TAMS 0x0000000081e00000| PB 0x0000000081e00000| Untracked 
|  31|0x0000000081f00000, 0x0000000082000000, 0x0000000082000000|100%| O|  |TAMS 0x0000000081f00000| PB 0x0000000081f00000| Untracked 
|  32|0x0000000082000000, 0x0000000082100000, 0x0000000082100000|100%| O|  |TAMS 0x0000000082000000| PB 0x0000000082000000| Untracked 
|  33|0x0000000082100000, 0x0000000082200000, 0x0000000082200000|100%| O|  |TAMS 0x0000000082100000| PB 0x0000000082100000| Untracked 
|  34|0x0000000082200000, 0x0000000082300000, 0x0000000082300000|100%| O|  |TAMS 0x0000000082200000| PB 0x0000000082200000| Untracked 
|  35|0x0000000082300000, 0x0000000082400000, 0x0000000082400000|100%| O|  |TAMS 0x0000000082300000| PB 0x0000000082300000| Untracked 
|  36|0x0000000082400000, 0x0000000082500000, 0x0000000082500000|100%| O|  |TAMS 0x0000000082400000| PB 0x0000000082400000| Untracked 
|  37|0x0000000082500000, 0x0000000082600000, 0x0000000082600000|100%|HS|  |TAMS 0x0000000082500000| PB 0x0000000082500000| Complete 
|  38|0x0000000082600000, 0x0000000082700000, 0x0000000082700000|100%|HS|  |TAMS 0x0000000082600000| PB 0x0000000082600000| Complete 
|  39|0x0000000082700000, 0x0000000082800000, 0x0000000082800000|100%|HS|  |TAMS 0x0000000082700000| PB 0x0000000082700000| Complete 
|  40|0x0000000082800000, 0x0000000082900000, 0x0000000082900000|100%|HC|  |TAMS 0x0000000082800000| PB 0x0000000082800000| Complete 
|  41|0x0000000082900000, 0x0000000082a00000, 0x0000000082a00000|100%|HS|  |TAMS 0x0000000082900000| PB 0x0000000082900000| Complete 
|  42|0x0000000082a00000, 0x0000000082b00000, 0x0000000082b00000|100%|HS|  |TAMS 0x0000000082a00000| PB 0x0000000082a00000| Complete 
|  43|0x0000000082b00000, 0x0000000082c00000, 0x0000000082c00000|100%| O|  |TAMS 0x0000000082b00000| PB 0x0000000082b00000| Untracked 
|  44|0x0000000082c00000, 0x0000000082d00000, 0x0000000082d00000|100%|HS|  |TAMS 0x0000000082c00000| PB 0x0000000082c00000| Complete 
|  45|0x0000000082d00000, 0x0000000082e00000, 0x0000000082e00000|100%|HS|  |TAMS 0x0000000082d00000| PB 0x0000000082d00000| Complete 
|  46|0x0000000082e00000, 0x0000000082f00000, 0x0000000082f00000|100%| O|  |TAMS 0x0000000082e00000| PB 0x0000000082e00000| Untracked 
|  47|0x0000000082f00000, 0x0000000083000000, 0x0000000083000000|100%|HS|  |TAMS 0x0000000082f00000| PB 0x0000000082f00000| Complete 
|  48|0x0000000083000000, 0x0000000083100000, 0x0000000083100000|100%|HC|  |TAMS 0x0000000083000000| PB 0x0000000083000000| Complete 
|  49|0x0000000083100000, 0x0000000083200000, 0x0000000083200000|100%| O|  |TAMS 0x0000000083100000| PB 0x0000000083100000| Untracked 
|  50|0x0000000083200000, 0x0000000083300000, 0x0000000083300000|100%| O|  |TAMS 0x0000000083200000| PB 0x0000000083200000| Untracked 
|  51|0x0000000083300000, 0x0000000083400000, 0x0000000083400000|100%| O|  |TAMS 0x0000000083300000| PB 0x0000000083300000| Untracked 
|  52|0x0000000083400000, 0x0000000083500000, 0x0000000083500000|100%| O|  |TAMS 0x0000000083400000| PB 0x0000000083400000| Untracked 
|  53|0x0000000083500000, 0x0000000083600000, 0x0000000083600000|100%| O|  |TAMS 0x0000000083500000| PB 0x0000000083500000| Untracked 
|  54|0x0000000083600000, 0x0000000083700000, 0x0000000083700000|100%| O|  |TAMS 0x0000000083600000| PB 0x0000000083600000| Untracked 
|  55|0x0000000083700000, 0x0000000083800000, 0x0000000083800000|100%| O|  |TAMS 0x0000000083700000| PB 0x0000000083700000| Untracked 
|  56|0x0000000083800000, 0x0000000083900000, 0x0000000083900000|100%| O|  |TAMS 0x0000000083800000| PB 0x0000000083800000| Untracked 
|  57|0x0000000083900000, 0x0000000083a00000, 0x0000000083a00000|100%| O|  |TAMS 0x0000000083900000| PB 0x0000000083900000| Untracked 
|  58|0x0000000083a00000, 0x0000000083b00000, 0x0000000083b00000|100%| O|  |TAMS 0x0000000083a00000| PB 0x0000000083a00000| Untracked 
|  59|0x0000000083b00000, 0x0000000083c00000, 0x0000000083c00000|100%| O|  |TAMS 0x0000000083b00000| PB 0x0000000083b00000| Untracked 
|  60|0x0000000083c00000, 0x0000000083d00000, 0x0000000083d00000|100%| O|Cm|TAMS 0x0000000083c00000| PB 0x0000000083c00000| Complete 
|  61|0x0000000083d00000, 0x0000000083e00000, 0x0000000083e00000|100%|HS|  |TAMS 0x0000000083d00000| PB 0x0000000083d00000| Complete 
|  62|0x0000000083e00000, 0x0000000083f00000, 0x0000000083f00000|100%| O|  |TAMS 0x0000000083e00000| PB 0x0000000083e00000| Untracked 
|  63|0x0000000083f00000, 0x0000000084000000, 0x0000000084000000|100%| O|  |TAMS 0x0000000083f00000| PB 0x0000000083f00000| Untracked 
|  64|0x0000000084000000, 0x0000000084000000, 0x0000000084100000|  0%| F|  |TAMS 0x0000000084000000| PB 0x0000000084000000| Untracked 
|  65|0x0000000084100000, 0x0000000084100000, 0x0000000084200000|  0%| F|  |TAMS 0x0000000084100000| PB 0x0000000084100000| Untracked 
|  66|0x0000000084200000, 0x0000000084300000, 0x0000000084300000|100%| O|  |TAMS 0x0000000084200000| PB 0x0000000084200000| Untracked 
|  67|0x0000000084300000, 0x0000000084338cc8, 0x0000000084400000| 22%| O|  |TAMS 0x0000000084300000| PB 0x0000000084300000| Untracked 
|  68|0x0000000084400000, 0x0000000084400000, 0x0000000084500000|  0%| F|  |TAMS 0x0000000084400000| PB 0x0000000084400000| Untracked 
|  69|0x0000000084500000, 0x0000000084500000, 0x0000000084600000|  0%| F|  |TAMS 0x0000000084500000| PB 0x0000000084500000| Untracked 
|  70|0x0000000084600000, 0x0000000084668e40, 0x0000000084700000| 40%| S|CS|TAMS 0x0000000084600000| PB 0x0000000084600000| Complete 
|  71|0x0000000084700000, 0x0000000084800000, 0x0000000084800000|100%| S|CS|TAMS 0x0000000084700000| PB 0x0000000084700000| Complete 
|  72|0x0000000084800000, 0x0000000084900000, 0x0000000084900000|100%| S|CS|TAMS 0x0000000084800000| PB 0x0000000084800000| Complete 
|  73|0x0000000084900000, 0x0000000084a00000, 0x0000000084a00000|100%| S|CS|TAMS 0x0000000084900000| PB 0x0000000084900000| Complete 
|  74|0x0000000084a00000, 0x0000000084b00000, 0x0000000084b00000|100%| S|CS|TAMS 0x0000000084a00000| PB 0x0000000084a00000| Complete 
|  75|0x0000000084b00000, 0x0000000084b00000, 0x0000000084c00000|  0%| F|  |TAMS 0x0000000084b00000| PB 0x0000000084b00000| Untracked 
|  76|0x0000000084c00000, 0x0000000084c00000, 0x0000000084d00000|  0%| F|  |TAMS 0x0000000084c00000| PB 0x0000000084c00000| Untracked 
|  77|0x0000000084d00000, 0x0000000084d00000, 0x0000000084e00000|  0%| F|  |TAMS 0x0000000084d00000| PB 0x0000000084d00000| Untracked 
|  78|0x0000000084e00000, 0x0000000084f00000, 0x0000000084f00000|100%| S|CS|TAMS 0x0000000084e00000| PB 0x0000000084e00000| Complete 
|  79|0x0000000084f00000, 0x0000000085000000, 0x0000000085000000|100%| S|CS|TAMS 0x0000000084f00000| PB 0x0000000084f00000| Complete 
|  80|0x0000000085000000, 0x0000000085000000, 0x0000000085100000|  0%| F|  |TAMS 0x0000000085000000| PB 0x0000000085000000| Untracked 
|  81|0x0000000085100000, 0x0000000085100000, 0x0000000085200000|  0%| F|  |TAMS 0x0000000085100000| PB 0x0000000085100000| Untracked 
|  82|0x0000000085200000, 0x0000000085200000, 0x0000000085300000|  0%| F|  |TAMS 0x0000000085200000| PB 0x0000000085200000| Untracked 
|  83|0x0000000085300000, 0x0000000085300000, 0x0000000085400000|  0%| F|  |TAMS 0x0000000085300000| PB 0x0000000085300000| Untracked 
|  84|0x0000000085400000, 0x0000000085400000, 0x0000000085500000|  0%| F|  |TAMS 0x0000000085400000| PB 0x0000000085400000| Untracked 
|  85|0x0000000085500000, 0x0000000085500000, 0x0000000085600000|  0%| F|  |TAMS 0x0000000085500000| PB 0x0000000085500000| Untracked 
|  86|0x0000000085600000, 0x0000000085600000, 0x0000000085700000|  0%| F|  |TAMS 0x0000000085600000| PB 0x0000000085600000| Untracked 
|  87|0x0000000085700000, 0x0000000085700000, 0x0000000085800000|  0%| F|  |TAMS 0x0000000085700000| PB 0x0000000085700000| Untracked 
|  88|0x0000000085800000, 0x0000000085800000, 0x0000000085900000|  0%| F|  |TAMS 0x0000000085800000| PB 0x0000000085800000| Untracked 
|  89|0x0000000085900000, 0x0000000085900000, 0x0000000085a00000|  0%| F|  |TAMS 0x0000000085900000| PB 0x0000000085900000| Untracked 
|  90|0x0000000085a00000, 0x0000000085a00000, 0x0000000085b00000|  0%| F|  |TAMS 0x0000000085a00000| PB 0x0000000085a00000| Untracked 
|  91|0x0000000085b00000, 0x0000000085b00000, 0x0000000085c00000|  0%| F|  |TAMS 0x0000000085b00000| PB 0x0000000085b00000| Untracked 
|  92|0x0000000085c00000, 0x0000000085c00000, 0x0000000085d00000|  0%| F|  |TAMS 0x0000000085c00000| PB 0x0000000085c00000| Untracked 
|  93|0x0000000085d00000, 0x0000000085d00000, 0x0000000085e00000|  0%| F|  |TAMS 0x0000000085d00000| PB 0x0000000085d00000| Untracked 
|  94|0x0000000085e00000, 0x0000000085e00000, 0x0000000085f00000|  0%| F|  |TAMS 0x0000000085e00000| PB 0x0000000085e00000| Untracked 
|  95|0x0000000085f00000, 0x0000000085f00000, 0x0000000086000000|  0%| F|  |TAMS 0x0000000085f00000| PB 0x0000000085f00000| Untracked 
|  96|0x0000000086000000, 0x0000000086000000, 0x0000000086100000|  0%| F|  |TAMS 0x0000000086000000| PB 0x0000000086000000| Untracked 
|  97|0x0000000086100000, 0x0000000086100000, 0x0000000086200000|  0%| F|  |TAMS 0x0000000086100000| PB 0x0000000086100000| Untracked 
|  98|0x0000000086200000, 0x0000000086200000, 0x0000000086300000|  0%| F|  |TAMS 0x0000000086200000| PB 0x0000000086200000| Untracked 
|  99|0x0000000086300000, 0x0000000086300000, 0x0000000086400000|  0%| F|  |TAMS 0x0000000086300000| PB 0x0000000086300000| Untracked 
| 100|0x0000000086400000, 0x0000000086400000, 0x0000000086500000|  0%| F|  |TAMS 0x0000000086400000| PB 0x0000000086400000| Untracked 
| 101|0x0000000086500000, 0x0000000086500000, 0x0000000086600000|  0%| F|  |TAMS 0x0000000086500000| PB 0x0000000086500000| Untracked 
| 102|0x0000000086600000, 0x0000000086600000, 0x0000000086700000|  0%| F|  |TAMS 0x0000000086600000| PB 0x0000000086600000| Untracked 
| 103|0x0000000086700000, 0x0000000086700000, 0x0000000086800000|  0%| F|  |TAMS 0x0000000086700000| PB 0x0000000086700000| Untracked 
| 104|0x0000000086800000, 0x0000000086800000, 0x0000000086900000|  0%| F|  |TAMS 0x0000000086800000| PB 0x0000000086800000| Untracked 
| 105|0x0000000086900000, 0x0000000086900000, 0x0000000086a00000|  0%| F|  |TAMS 0x0000000086900000| PB 0x0000000086900000| Untracked 
| 106|0x0000000086a00000, 0x0000000086a00000, 0x0000000086b00000|  0%| F|  |TAMS 0x0000000086a00000| PB 0x0000000086a00000| Untracked 
| 107|0x0000000086b00000, 0x0000000086b00000, 0x0000000086c00000|  0%| F|  |TAMS 0x0000000086b00000| PB 0x0000000086b00000| Untracked 
| 108|0x0000000086c00000, 0x0000000086c00000, 0x0000000086d00000|  0%| F|  |TAMS 0x0000000086c00000| PB 0x0000000086c00000| Untracked 
| 109|0x0000000086d00000, 0x0000000086d00000, 0x0000000086e00000|  0%| F|  |TAMS 0x0000000086d00000| PB 0x0000000086d00000| Untracked 
| 110|0x0000000086e00000, 0x0000000086e00000, 0x0000000086f00000|  0%| F|  |TAMS 0x0000000086e00000| PB 0x0000000086e00000| Untracked 
| 190|0x000000008be00000, 0x000000008be00000, 0x000000008bf00000|  0%| F|  |TAMS 0x000000008be00000| PB 0x000000008be00000| Untracked 
| 191|0x000000008bf00000, 0x000000008bf00000, 0x000000008c000000|  0%| F|  |TAMS 0x000000008bf00000| PB 0x000000008bf00000| Untracked 
| 192|0x000000008c000000, 0x000000008c000000, 0x000000008c100000|  0%| F|  |TAMS 0x000000008c000000| PB 0x000000008c000000| Untracked 
| 193|0x000000008c100000, 0x000000008c100000, 0x000000008c200000|  0%| F|  |TAMS 0x000000008c100000| PB 0x000000008c100000| Untracked 
| 194|0x000000008c200000, 0x000000008c200000, 0x000000008c300000|  0%| F|  |TAMS 0x000000008c200000| PB 0x000000008c200000| Untracked 
| 195|0x000000008c300000, 0x000000008c300000, 0x000000008c400000|  0%| F|  |TAMS 0x000000008c300000| PB 0x000000008c300000| Untracked 
| 196|0x000000008c400000, 0x000000008c400000, 0x000000008c500000|  0%| F|  |TAMS 0x000000008c400000| PB 0x000000008c400000| Untracked 
| 197|0x000000008c500000, 0x000000008c500000, 0x000000008c600000|  0%| F|  |TAMS 0x000000008c500000| PB 0x000000008c500000| Untracked 
| 198|0x000000008c600000, 0x000000008c600000, 0x000000008c700000|  0%| F|  |TAMS 0x000000008c600000| PB 0x000000008c600000| Untracked 
| 199|0x000000008c700000, 0x000000008c700000, 0x000000008c800000|  0%| F|  |TAMS 0x000000008c700000| PB 0x000000008c700000| Untracked 
| 200|0x000000008c800000, 0x000000008c800000, 0x000000008c900000|  0%| F|  |TAMS 0x000000008c800000| PB 0x000000008c800000| Untracked 
| 201|0x000000008c900000, 0x000000008c900000, 0x000000008ca00000|  0%| F|  |TAMS 0x000000008c900000| PB 0x000000008c900000| Untracked 
| 202|0x000000008ca00000, 0x000000008caa7330, 0x000000008cb00000| 65%| E|  |TAMS 0x000000008ca00000| PB 0x000000008ca00000| Complete 
| 245|0x000000008f500000, 0x000000008f600000, 0x000000008f600000|100%| E|CS|TAMS 0x000000008f500000| PB 0x000000008f500000| Complete 
|2041|0x00000000ff900000, 0x00000000ffa00000, 0x00000000ffa00000|100%| O|  |TAMS 0x00000000ff900000| PB 0x00000000ff900000| Untracked 
|2042|0x00000000ffa00000, 0x00000000ffb00000, 0x00000000ffb00000|100%| O|Cm|TAMS 0x00000000ffa00000| PB 0x00000000ffa00000| Complete 
|2043|0x00000000ffb00000, 0x00000000ffc00000, 0x00000000ffc00000|100%| O|  |TAMS 0x00000000ffb00000| PB 0x00000000ffb00000| Untracked 
|2044|0x00000000ffc00000, 0x00000000ffd00000, 0x00000000ffd00000|100%| O|  |TAMS 0x00000000ffc00000| PB 0x00000000ffc00000| Untracked 
|2045|0x00000000ffd00000, 0x00000000ffe00000, 0x00000000ffe00000|100%| O|  |TAMS 0x00000000ffd00000| PB 0x00000000ffd00000| Untracked 
|2046|0x00000000ffe00000, 0x00000000fff00000, 0x00000000fff00000|100%| O|  |TAMS 0x00000000ffe00000| PB 0x00000000ffe00000| Untracked 
|2047|0x00000000fff00000, 0x0000000100000000, 0x0000000100000000|100%| E|CS|TAMS 0x00000000fff00000| PB 0x00000000fff00000| Complete 

Card table byte_map: [0x00007fa9be600000,0x00007fa9bea00000] _byte_map_base: 0x00007fa9be200000

Marking Bits: (CMBitMap*) 0x00007fa9b8088120
 Bits: [0x00007fa9bc600000, 0x00007fa9be600000)

Polling page: 0x00007fa9c124a000

Metaspace:

Usage:
  Non-class:     63.28 MB used.
      Class:     10.23 MB used.
       Both:     73.51 MB used.

Virtual space:
  Non-class space:      128.00 MB reserved,      64.31 MB ( 50%) committed,  2 nodes.
      Class space:        1.00 GB reserved,      11.25 MB (  1%) committed,  1 nodes.
             Both:        1.12 GB reserved,      75.56 MB (  7%) committed. 

Chunk freelists:
   Non-Class:  15.64 MB
       Class:  4.77 MB
        Both:  20.41 MB

MaxMetaspaceSize: unlimited
CompressedClassSpaceSize: 1.00 GB
Initial GC threshold: 21.00 MB
Current GC threshold: 121.06 MB
CDS: on
 - commit_granule_bytes: 65536.
 - commit_granule_words: 8192.
 - virtual_space_node_default_size: 8388608.
 - enlarge_chunks_in_place: 1.
 - use_allocation_guard: 0.


Internal statistics:

num_allocs_failed_limit: 12.
num_arena_births: 3836.
num_arena_deaths: 2.
num_vsnodes_births: 3.
num_vsnodes_deaths: 0.
num_space_committed: 1209.
num_space_uncommitted: 0.
num_chunks_returned_to_freelist: 15.
num_chunks_taken_from_freelist: 7415.
num_chunk_merges: 12.
num_chunk_splits: 4804.
num_chunks_enlarged: 2968.
num_inconsistent_stats: 0.

CodeHeap 'non-profiled nmethods': size=120028Kb used=4669Kb max_used=5291Kb free=115359Kb
 bounds [0x00007fa9a82c9000, 0x00007fa9a87f9000, 0x00007fa9af800000]
CodeHeap 'profiled nmethods': size=120028Kb used=14462Kb max_used=15517Kb free=105565Kb
 bounds [0x00007fa9a0800000, 0x00007fa9a1730000, 0x00007fa9a7d37000]
CodeHeap 'non-nmethods': size=5704Kb used=2094Kb max_used=2121Kb free=3609Kb
 bounds [0x00007fa9a7d37000, 0x00007fa9a7fa7000, 0x00007fa9a82c9000]
 total_blobs=8909 nmethods=8085 adapters=723
 compilation: enabled
              stopped_count=0, restarted_count=0
 full_count=0

Compilation events (20 events):
Event: 5.294 Thread 0x00007fa9b81e78e0 nmethod 9300 0x00007fa9a84a8910 code [0x00007fa9a84a8aa0, 0x00007fa9a84a8b60]
Event: 5.294 Thread 0x00007fa9b81e78e0 9301       1       org.gradle.api.internal.provider.AbstractMinimalProvider::isImmutable (2 bytes)
Event: 5.294 Thread 0x00007fa9b81e78e0 nmethod 9301 0x00007fa9a84a8610 code [0x00007fa9a84a87a0, 0x00007fa9a84a8860]
Event: 5.294 Thread 0x00007fa9109e1870 9302  s    4       java.io.ByteArrayInputStream::read (36 bytes)
Event: 5.294 Thread 0x00007fa9b81e78e0 9303       3       java.io.ObjectInputStream::readUTF (8 bytes)
Event: 5.294 Thread 0x00007fa9b81e78e0 nmethod 9303 0x00007fa9a0d96090 code [0x00007fa9a0d96240, 0x00007fa9a0d96430]
Event: 5.294 Thread 0x00007fa9b81e78e0 9304       3       org.gradle.api.internal.provider.ValueSupplier$Present::pushWhenMissing (2 bytes)
Event: 5.294 Thread 0x00007fa9b81e78e0 nmethod 9304 0x00007fa9a0e4f190 code [0x00007fa9a0e4f320, 0x00007fa9a0e4f428]
Event: 5.294 Thread 0x00007fa9b81e78e0 9305       3       java.util.LinkedList::checkElementIndex (22 bytes)
Event: 5.294 Thread 0x00007fa9b81e6220 9307       4       java.io.ObjectOutputStream$BlockDataOutputStream::writeByte (33 bytes)
Event: 5.294 Thread 0x00007fa9b81e78e0 nmethod 9305 0x00007fa9a10db110 code [0x00007fa9a10db380, 0x00007fa9a10dbc58]
Event: 5.294 Thread 0x00007fa9b81e78e0 9309   !   3       java.io.ObjectInputStream::readSerialData (474 bytes)
Event: 5.294 Thread 0x00007fa9109e1870 nmethod 9302 0x00007fa9a831ee10 code [0x00007fa9a831efa0, 0x00007fa9a831f1e0]
Event: 5.294 Thread 0x00007fa9109e1870 9308       4       java.io.ObjectInputStream$BlockDataInputStream::read (62 bytes)
Event: 5.295 Thread 0x00007fa9b81e6220 nmethod 9307 0x00007fa9a831ea90 code [0x00007fa9a831ec00, 0x00007fa9a831ed08]
Event: 5.295 Thread 0x00007fa9b81e6220 9310       4       java.io.ObjectOutputStream$BlockDataOutputStream::setBlockDataMode (35 bytes)
Event: 5.295 Thread 0x00007fa9b81e6220 nmethod 9310 0x00007fa9a831e790 code [0x00007fa9a831e920, 0x00007fa9a831e9f0]
Event: 5.295 Thread 0x00007fa9109e1870 nmethod 9308 0x00007fa9a831e310 code [0x00007fa9a831e4a0, 0x00007fa9a831e610]
Event: 5.296 Thread 0x00007fa9b81e78e0 nmethod 9309 0x00007fa9a126b710 code [0x00007fa9a126bc20, 0x00007fa9a126e780]
Event: 5.296 Thread 0x00007fa9b81e78e0 9311       3       org.gradle.api.internal.artifacts.dependencies.AbstractExternalModuleDependency::equals (82 bytes)

GC Heap History (20 events):
Event: 2.309 GC heap before
{Heap before GC invocations=9 (full 0):
 garbage-first heap   total 105472K, used 88041K [0x0000000080000000, 0x0000000100000000)
  region size 1024K, 60 young (61440K), 4 survivors (4096K)
 Metaspace       used 40814K, committed 42432K, reserved 1114112K
  class space    used 5899K, committed 6720K, reserved 1048576K
}
Event: 2.312 GC heap after
{Heap after GC invocations=10 (full 0):
 garbage-first heap   total 126976K, used 34031K [0x0000000080000000, 0x0000000100000000)
  region size 1024K, 7 young (7168K), 7 survivors (7168K)
 Metaspace       used 40814K, committed 42432K, reserved 1114112K
  class space    used 5899K, committed 6720K, reserved 1048576K
}
Event: 2.810 GC heap before
{Heap before GC invocations=10 (full 0):
 garbage-first heap   total 126976K, used 102639K [0x0000000080000000, 0x0000000100000000)
  region size 1024K, 74 young (75776K), 7 survivors (7168K)
 Metaspace       used 49215K, committed 50944K, reserved 1114112K
  class space    used 7148K, committed 8000K, reserved 1048576K
}
Event: 2.814 GC heap after
{Heap after GC invocations=11 (full 0):
 garbage-first heap   total 126976K, used 37553K [0x0000000080000000, 0x0000000100000000)
  region size 1024K, 8 young (8192K), 8 survivors (8192K)
 Metaspace       used 49215K, committed 50944K, reserved 1114112K
  class space    used 7148K, committed 8000K, reserved 1048576K
}
Event: 3.403 GC heap before
{Heap before GC invocations=11 (full 0):
 garbage-first heap   total 126976K, used 104113K [0x0000000080000000, 0x0000000100000000)
  region size 1024K, 74 young (75776K), 8 survivors (8192K)
 Metaspace       used 53132K, committed 54912K, reserved 1114112K
  class space    used 7632K, committed 8512K, reserved 1048576K
}
Event: 3.411 GC heap after
{Heap after GC invocations=12 (full 0):
 garbage-first heap   total 126976K, used 43365K [0x0000000080000000, 0x0000000100000000)
  region size 1024K, 10 young (10240K), 10 survivors (10240K)
 Metaspace       used 53132K, committed 54912K, reserved 1114112K
  class space    used 7632K, committed 8512K, reserved 1048576K
}
Event: 3.582 GC heap before
{Heap before GC invocations=12 (full 0):
 garbage-first heap   total 126976K, used 107877K [0x0000000080000000, 0x0000000100000000)
  region size 1024K, 74 young (75776K), 10 survivors (10240K)
 Metaspace       used 53545K, committed 55296K, reserved 1114112K
  class space    used 7632K, committed 8512K, reserved 1048576K
}
Event: 3.587 GC heap after
{Heap after GC invocations=13 (full 0):
 garbage-first heap   total 126976K, used 45800K [0x0000000080000000, 0x0000000100000000)
  region size 1024K, 5 young (5120K), 5 survivors (5120K)
 Metaspace       used 53545K, committed 55296K, reserved 1114112K
  class space    used 7632K, committed 8512K, reserved 1048576K
}
Event: 4.003 GC heap before
{Heap before GC invocations=13 (full 0):
 garbage-first heap   total 126976K, used 118504K [0x0000000080000000, 0x0000000100000000)
  region size 1024K, 68 young (69632K), 5 survivors (5120K)
 Metaspace       used 57972K, committed 59904K, reserved 1114112K
  class space    used 8142K, committed 9088K, reserved 1048576K
}
Event: 4.009 GC heap after
{Heap after GC invocations=14 (full 0):
 garbage-first heap   total 133120K, used 61690K [0x0000000080000000, 0x0000000100000000)
  region size 1024K, 9 young (9216K), 9 survivors (9216K)
 Metaspace       used 57972K, committed 59904K, reserved 1114112K
  class space    used 8142K, committed 9088K, reserved 1048576K
}
Event: 4.055 GC heap before
{Heap before GC invocations=14 (full 0):
 garbage-first heap   total 133120K, used 68858K [0x0000000080000000, 0x0000000100000000)
  region size 1024K, 17 young (17408K), 9 survivors (9216K)
 Metaspace       used 58716K, committed 60608K, reserved 1114112K
  class space    used 8238K, committed 9152K, reserved 1048576K
}
Event: 4.059 GC heap after
{Heap after GC invocations=15 (full 0):
 garbage-first heap   total 133120K, used 63250K [0x0000000080000000, 0x0000000100000000)
  region size 1024K, 1 young (1024K), 1 survivors (1024K)
 Metaspace       used 58716K, committed 60608K, reserved 1114112K
  class space    used 8238K, committed 9152K, reserved 1048576K
}
Event: 4.444 GC heap before
{Heap before GC invocations=16 (full 0):
 garbage-first heap   total 133120K, used 120594K [0x0000000080000000, 0x0000000100000000)
  region size 1024K, 55 young (56320K), 1 survivors (1024K)
 Metaspace       used 64632K, committed 66688K, reserved 1114112K
  class space    used 9106K, committed 10112K, reserved 1048576K
}
Event: 4.446 GC heap after
{Heap after GC invocations=17 (full 0):
 garbage-first heap   total 133120K, used 67330K [0x0000000080000000, 0x0000000100000000)
  region size 1024K, 3 young (3072K), 3 survivors (3072K)
 Metaspace       used 64632K, committed 66688K, reserved 1114112K
  class space    used 9106K, committed 10112K, reserved 1048576K
}
Event: 4.772 GC heap before
{Heap before GC invocations=17 (full 0):
 garbage-first heap   total 133120K, used 125698K [0x0000000080000000, 0x0000000100000000)
  region size 1024K, 55 young (56320K), 3 survivors (3072K)
 Metaspace       used 68639K, committed 70720K, reserved 1114112K
  class space    used 9612K, committed 10624K, reserved 1048576K
}
Event: 4.775 GC heap after
{Heap after GC invocations=18 (full 0):
 garbage-first heap   total 135168K, used 72467K [0x0000000080000000, 0x0000000100000000)
  region size 1024K, 7 young (7168K), 7 survivors (7168K)
 Metaspace       used 68639K, committed 70720K, reserved 1114112K
  class space    used 9612K, committed 10624K, reserved 1048576K
}
Event: 5.049 GC heap before
{Heap before GC invocations=18 (full 0):
 garbage-first heap   total 135168K, used 119571K [0x0000000080000000, 0x0000000100000000)
  region size 1024K, 53 young (54272K), 7 survivors (7168K)
 Metaspace       used 72204K, committed 74304K, reserved 1114112K
  class space    used 10059K, committed 11072K, reserved 1048576K
}
Event: 5.052 GC heap after
{Heap after GC invocations=19 (full 0):
 garbage-first heap   total 135168K, used 75643K [0x0000000080000000, 0x0000000100000000)
  region size 1024K, 3 young (3072K), 3 survivors (3072K)
 Metaspace       used 72204K, committed 74304K, reserved 1114112K
  class space    used 10059K, committed 11072K, reserved 1048576K
}
Event: 5.279 GC heap before
{Heap before GC invocations=20 (full 0):
 garbage-first heap   total 135168K, used 122747K [0x0000000080000000, 0x0000000100000000)
  region size 1024K, 49 young (50176K), 3 survivors (3072K)
 Metaspace       used 75103K, committed 77248K, reserved 1179648K
  class space    used 10457K, committed 11520K, reserved 1048576K
}
Event: 5.280 GC heap after
{Heap after GC invocations=21 (full 0):
 garbage-first heap   total 135168K, used 79494K [0x0000000080000000, 0x0000000100000000)
  region size 1024K, 7 young (7168K), 7 survivors (7168K)
 Metaspace       used 75103K, committed 77248K, reserved 1179648K
  class space    used 10457K, committed 11520K, reserved 1048576K
}

Dll operation events (14 events):
Event: 0.001 Loaded shared library /home/notch/.sdkman/candidates/java/21.0.4-tem/lib/libjava.so
Event: 0.024 Loaded shared library /home/notch/.sdkman/candidates/java/21.0.4-tem/lib/libjsvml.so
Event: 0.048 Loaded shared library /home/notch/.sdkman/candidates/java/21.0.4-tem/lib/libzip.so
Event: 0.050 Loaded shared library /home/notch/.sdkman/candidates/java/21.0.4-tem/lib/libinstrument.so
Event: 0.050 Loaded shared library /home/notch/.sdkman/candidates/java/21.0.4-tem/lib/libnio.so
Event: 0.051 Loaded shared library /home/notch/.sdkman/candidates/java/21.0.4-tem/lib/libzip.so
Event: 0.128 Loaded shared library /home/notch/.sdkman/candidates/java/21.0.4-tem/lib/libjimage.so
Event: 0.203 Loaded shared library /home/notch/.sdkman/candidates/java/21.0.4-tem/lib/libverify.so
Event: 0.214 Loaded shared library /home/notch/.sdkman/candidates/java/21.0.4-tem/lib/libnet.so
Event: 0.215 Loaded shared library /home/notch/.gradle/native/1def1411415f61bf3af743bc5b6707747c0891f09f0c88961ee8f79bc544acac/linux-amd64/libnative-platform.so
Event: 0.220 Loaded shared library /home/notch/.gradle/native/0.2.8/x86_64-linux-gnu/libgradle-fileevents.so
Event: 0.574 Loaded shared library /home/notch/.sdkman/candidates/java/21.0.4-tem/lib/libmanagement.so
Event: 0.575 Loaded shared library /home/notch/.sdkman/candidates/java/21.0.4-tem/lib/libmanagement_ext.so
Event: 0.619 Loaded shared library /home/notch/.sdkman/candidates/java/21.0.4-tem/lib/libextnet.so

Deoptimization events (20 events):
Event: 5.101 Thread 0x00007fa8e000aab0 Uncommon trap: trap_request=0xffffffd6 fr.pc=0x00007fa9a84c6e98 relative=0x0000000000000e58
Event: 5.101 Thread 0x00007fa8e000aab0 Uncommon trap: reason=array_check action=maybe_recompile pc=0x00007fa9a84c6e98 method=com.google.common.collect.RegularImmutableMap.fromEntryArrayCheckingBucketOverflow(I[Ljava/util/Map$Entry;Z)Lcom/google/common/collect/ImmutableMap; @ 220 c2
Event: 5.101 Thread 0x00007fa8e000aab0 DEOPT PACKING pc=0x00007fa9a84c6e98 sp=0x00007fa9903f7e90
Event: 5.101 Thread 0x00007fa8e000aab0 DEOPT UNPACKING pc=0x00007fa9a7d8af99 sp=0x00007fa9903f7e38 mode 2
Event: 5.112 Thread 0x00007fa8e000aab0 Uncommon trap: trap_request=0xffffffd6 fr.pc=0x00007fa9a87f1af4 relative=0x00000000000003d4
Event: 5.112 Thread 0x00007fa8e000aab0 Uncommon trap: reason=array_check action=maybe_recompile pc=0x00007fa9a87f1af4 method=java.util.LinkedHashMap.keysToArray([Ljava/lang/Object;Z)[Ljava/lang/Object; @ 67 c2
Event: 5.112 Thread 0x00007fa8e000aab0 DEOPT PACKING pc=0x00007fa9a87f1af4 sp=0x00007fa9903f7a20
Event: 5.112 Thread 0x00007fa8e000aab0 DEOPT UNPACKING pc=0x00007fa9a7d8af99 sp=0x00007fa9903f79c0 mode 2
Event: 5.116 Thread 0x00007fa8e000aab0 Uncommon trap: trap_request=0xffffffd6 fr.pc=0x00007fa9a87f1af4 relative=0x00000000000003d4
Event: 5.116 Thread 0x00007fa8e000aab0 Uncommon trap: reason=array_check action=maybe_recompile pc=0x00007fa9a87f1af4 method=java.util.LinkedHashMap.keysToArray([Ljava/lang/Object;Z)[Ljava/lang/Object; @ 67 c2
Event: 5.116 Thread 0x00007fa8e000aab0 DEOPT PACKING pc=0x00007fa9a87f1af4 sp=0x00007fa9903f7a10
Event: 5.116 Thread 0x00007fa8e000aab0 DEOPT UNPACKING pc=0x00007fa9a7d8af99 sp=0x00007fa9903f79b0 mode 2
Event: 5.116 Thread 0x00007fa8e000aab0 Uncommon trap: trap_request=0xffffffd6 fr.pc=0x00007fa9a87f1af4 relative=0x00000000000003d4
Event: 5.116 Thread 0x00007fa8e000aab0 Uncommon trap: reason=array_check action=maybe_recompile pc=0x00007fa9a87f1af4 method=java.util.LinkedHashMap.keysToArray([Ljava/lang/Object;Z)[Ljava/lang/Object; @ 67 c2
Event: 5.116 Thread 0x00007fa8e000aab0 DEOPT PACKING pc=0x00007fa9a87f1af4 sp=0x00007fa9903f78d0
Event: 5.116 Thread 0x00007fa8e000aab0 DEOPT UNPACKING pc=0x00007fa9a7d8af99 sp=0x00007fa9903f7870 mode 2
Event: 5.118 Thread 0x00007fa8e000aab0 Uncommon trap: trap_request=0xffffffd6 fr.pc=0x00007fa9a87f1af4 relative=0x00000000000003d4
Event: 5.118 Thread 0x00007fa8e000aab0 Uncommon trap: reason=array_check action=maybe_recompile pc=0x00007fa9a87f1af4 method=java.util.LinkedHashMap.keysToArray([Ljava/lang/Object;Z)[Ljava/lang/Object; @ 67 c2
Event: 5.118 Thread 0x00007fa8e000aab0 DEOPT PACKING pc=0x00007fa9a87f1af4 sp=0x00007fa9903f7a20
Event: 5.118 Thread 0x00007fa8e000aab0 DEOPT UNPACKING pc=0x00007fa9a7d8af99 sp=0x00007fa9903f79c0 mode 2

Classes loaded (20 events):
Event: 4.647 Loading class sun/security/util/ManifestEntryVerifier$SunProviderHolder
Event: 4.647 Loading class sun/security/util/ManifestEntryVerifier$SunProviderHolder done
Event: 4.688 Loading class java/security/KeyStore$ProtectionParameter
Event: 4.688 Loading class java/security/KeyStore$ProtectionParameter done
Event: 4.689 Loading class java/nio/file/AccessMode
Event: 4.689 Loading class java/nio/file/AccessMode done
Event: 4.732 Loading class sun/misc/Unsafe
Event: 4.732 Loading class sun/misc/Unsafe done
Event: 4.752 Loading class sun/reflect/annotation/AnnotationInvocationHandler$1
Event: 4.752 Loading class sun/reflect/annotation/AnnotationInvocationHandler$1 done
Event: 4.762 Loading class java/lang/foreign/ValueLayout
Event: 4.762 Loading class java/lang/foreign/MemoryLayout
Event: 4.762 Loading class java/lang/foreign/MemoryLayout done
Event: 4.762 Loading class java/lang/foreign/ValueLayout done
Event: 4.851 Loading class java/lang/foreign/MemorySegment
Event: 4.851 Loading class java/lang/foreign/MemorySegment done
Event: 4.915 Loading class java/security/KeyStore
Event: 4.915 Loading class java/security/KeyStore done
Event: 4.966 Loading class javax/xml/stream/XMLStreamException
Event: 4.966 Loading class javax/xml/stream/XMLStreamException done

Classes unloaded (1 events):
Event: 4.085 Thread 0x00007fa9b81d1690 Unloading class 0x00007fa944848000 'java/lang/invoke/LambdaForm$DMH+0x00007fa944848000'

Classes redefined (0 events):
No events

Internal exceptions (20 events):
Event: 3.958 Thread 0x00007fa8e000aab0 Implicit null exception at 0x00007fa9a86d4710 to 0x00007fa9a86d4840
Event: 4.168 Thread 0x00007fa8e000aab0 Exception <a 'java/lang/NoSuchMethodError'{0x000000008bf5e7f0}: 'java.lang.Object java.lang.invoke.DirectMethodHandle$Holder.newInvokeSpecial(java.lang.Object, java.lang.Object, java.lang.Object, java.lang.Object, java.lang.Object, java.lang.Object, java.lang.Object, java.lang.Object, java.lang.Object, java.lang.Object, java.lang.Object, java.lang.Object, java.lang.Object, java.lang.Object, java.lang.Object, java.lang.Object)'> (0x000000008bf5e7f0) 
thrown [src/hotspot/share/interpreter/linkResolver.cpp, l
Event: 4.168 Thread 0x00007fa8e000aab0 Exception <a 'java/lang/NoSuchMethodError'{0x000000008bf65448}: 'java.lang.Object java.lang.invoke.DirectMethodHandle$Holder.invokeSpecial(java.lang.Object, java.lang.Object, java.lang.Object, java.lang.Object, java.lang.Object, java.lang.Object, java.lang.Object, java.lang.Object, java.lang.Object, java.lang.Object, java.lang.Object, java.lang.Object, java.lang.Object, java.lang.Object, java.lang.Object, java.lang.Object, java.lang.Object)'> (0x000000008bf65448) 
thrown [src/hotspot/share/interpreter/link
Event: 4.168 Thread 0x00007fa8e000aab0 Exception <a 'java/lang/NoSuchMethodError'{0x000000008bf6b018}: 'java.lang.Object java.lang.invoke.DelegatingMethodHandle$Holder.reinvoke_L(java.lang.Object, java.lang.Object, java.lang.Object, java.lang.Object, java.lang.Object, java.lang.Object, java.lang.Object, java.lang.Object, java.lang.Object, java.lang.Object, java.lang.Object, java.lang.Object, java.lang.Object, java.lang.Object, java.lang.Object, java.lang.Object)'> (0x000000008bf6b018) 
thrown [src/hotspot/share/interpreter/linkResolver.cpp, lin
Event: 4.181 Thread 0x00007fa8e000aab0 Exception <a 'java/io/FileNotFoundException'{0x0000000086caaaf8}> (0x0000000086caaaf8) 
thrown [src/hotspot/share/prims/jni.cpp, line 520]
Event: 4.183 Thread 0x00007fa8e000aab0 Exception <a 'java/io/IOException'{0x0000000086cf7ac0}> (0x0000000086cf7ac0) 
thrown [src/hotspot/share/prims/jni.cpp, line 520]
Event: 4.189 Thread 0x00007fa8e000aab0 Exception <a 'java/io/IOException'{0x0000000086a29308}> (0x0000000086a29308) 
thrown [src/hotspot/share/prims/jni.cpp, line 520]
Event: 4.266 Thread 0x00007fa8e000aab0 Implicit null exception at 0x00007fa9a835b2be to 0x00007fa9a835b341
Event: 4.310 Thread 0x00007fa8e000aab0 Exception <a 'java/lang/NoSuchMethodError'{0x000000008565d790}: static Lorg/jetbrains/kotlin/gradle/plugin/internal/DefaultProjectIsolationStartParameterAccessor$Factory;.<clinit>()V> (0x000000008565d790) 
thrown [src/hotspot/share/prims/jni.cpp, line 1111]
Event: 4.311 Thread 0x00007fa8e000aab0 Exception <a 'java/lang/NoSuchMethodError'{0x000000008567f3c0}: static Lorg/jetbrains/kotlin/gradle/plugin/internal/DefaultJavaExecTaskParametersCompatibility$Factory;.<clinit>()V> (0x000000008567f3c0) 
thrown [src/hotspot/share/prims/jni.cpp, line 1111]
Event: 4.311 Thread 0x00007fa8e000aab0 Exception <a 'java/lang/NoSuchMethodError'{0x00000000856aebc0}: static Lorg/jetbrains/kotlin/gradle/plugin/internal/DefaultMavenPublicationComponentAccessorFactory;.<clinit>()V> (0x00000000856aebc0) 
thrown [src/hotspot/share/prims/jni.cpp, line 1111]
Event: 4.312 Thread 0x00007fa8e000aab0 Exception <a 'java/lang/NoSuchMethodError'{0x00000000856cf4e8}: static Lorg/jetbrains/kotlin/gradle/plugin/diagnostics/DefaultProblemsReporter$Factory;.<clinit>()V> (0x00000000856cf4e8) 
thrown [src/hotspot/share/prims/jni.cpp, line 1111]
Event: 4.312 Thread 0x00007fa8e000aab0 Exception <a 'java/lang/NoSuchMethodError'{0x00000000856fa870}: static Lorg/jetbrains/kotlin/gradle/plugin/internal/DefaultCompatibilityConventionRegistrar$Factory;.<clinit>()V> (0x00000000856fa870) 
thrown [src/hotspot/share/prims/jni.cpp, line 1111]
Event: 4.313 Thread 0x00007fa8e000aab0 Exception <a 'java/lang/NoSuchMethodError'{0x000000008551af78}: static Lorg/jetbrains/kotlin/gradle/plugin/internal/DefaultConfigurationCacheStartParameterAccessorVariantFactory;.<clinit>()V> (0x000000008551af78) 
thrown [src/hotspot/share/prims/jni.cpp, line 1111]
Event: 4.329 Thread 0x00007fa8e000aab0 Exception <a 'java/lang/IncompatibleClassChangeError'{0x0000000085490688}: Found class java.lang.Object, but interface was expected> (0x0000000085490688) 
thrown [src/hotspot/share/interpreter/linkResolver.cpp, line 840]
Event: 4.416 Thread 0x00007fa8e000aab0 Exception <a 'java/lang/NoSuchMethodError'{0x0000000084accd68}: static Ljava/lang/Object;.<clinit>()V> (0x0000000084accd68) 
thrown [src/hotspot/share/prims/jni.cpp, line 1111]
Event: 4.418 Thread 0x00007fa8e000aab0 Exception <a 'java/lang/NoSuchMethodError'{0x00000000849324b0}: static Lorg/jetbrains/kotlin/gradle/plugin/statistics/MetricContainer;.<clinit>()V> (0x00000000849324b0) 
thrown [src/hotspot/share/prims/jni.cpp, line 1111]
Event: 4.671 Thread 0x00007fa8e000aab0 Implicit null exception at 0x00007fa9a87552f7 to 0x00007fa9a8755b52
Event: 4.989 Thread 0x00007fa8e000aab0 Implicit null exception at 0x00007fa9a832f4f5 to 0x00007fa9a832f5ec
Event: 5.207 Thread 0x00007fa8e000aab0 Exception <a 'java/lang/NoSuchMethodError'{0x0000000085dcb310}: 'java.lang.Object java.lang.invoke.DirectMethodHandle$Holder.newInvokeSpecial(java.lang.Object, java.lang.Object, java.lang.Object, java.lang.Object, java.lang.Object, java.lang.Object, java.lang.Object, java.lang.Object, java.lang.Object, java.lang.Object, java.lang.Object, java.lang.Object, java.lang.Object, java.lang.Object)'> (0x0000000085dcb310) 
thrown [src/hotspot/share/interpreter/linkResolver.cpp, line 772]

ZGC Phase Switch (0 events):
No events

VM Operations (20 events):
Event: 4.587 Executing VM operation: HandshakeAllThreads (Deoptimize)
Event: 4.587 Executing VM operation: HandshakeAllThreads (Deoptimize) done
Event: 4.593 Executing VM operation: HandshakeAllThreads (Deoptimize)
Event: 4.593 Executing VM operation: HandshakeAllThreads (Deoptimize) done
Event: 4.626 Executing VM operation: HandshakeAllThreads (Deoptimize)
Event: 4.627 Executing VM operation: HandshakeAllThreads (Deoptimize) done
Event: 4.772 Executing VM operation: G1CollectForAllocation (G1 Evacuation Pause)
Event: 4.775 Executing VM operation: G1CollectForAllocation (G1 Evacuation Pause) done
Event: 5.030 Executing VM operation: ICBufferFull
Event: 5.030 Executing VM operation: ICBufferFull done
Event: 5.049 Executing VM operation: G1CollectForAllocation (G1 Evacuation Pause)
Event: 5.052 Executing VM operation: G1CollectForAllocation (G1 Evacuation Pause) done
Event: 5.066 Executing VM operation: G1PauseRemark
Event: 5.069 Executing VM operation: G1PauseRemark done
Event: 5.078 Executing VM operation: G1PauseCleanup
Event: 5.078 Executing VM operation: G1PauseCleanup done
Event: 5.267 Executing VM operation: HandshakeAllThreads (Deoptimize)
Event: 5.267 Executing VM operation: HandshakeAllThreads (Deoptimize) done
Event: 5.278 Executing VM operation: G1CollectForAllocation (G1 Evacuation Pause)
Event: 5.280 Executing VM operation: G1CollectForAllocation (G1 Evacuation Pause) done

Memory protections (20 events):
Event: 3.262 Protecting memory [0x00007fa93cdf9000,0x00007fa93cdfd000] with protection modes 0
Event: 3.263 Protecting memory [0x00007fa93ccf9000,0x00007fa93ccfd000] with protection modes 0
Event: 3.264 Protecting memory [0x00007fa93cbf9000,0x00007fa93cbfd000] with protection modes 0
Event: 3.265 Protecting memory [0x00007fa93caf9000,0x00007fa93cafd000] with protection modes 0
Event: 3.266 Protecting memory [0x00007fa93c9f9000,0x00007fa93c9fd000] with protection modes 0
Event: 3.267 Protecting memory [0x00007fa93c8f9000,0x00007fa93c8fd000] with protection modes 0
Event: 3.268 Protecting memory [0x00007fa93c7f9000,0x00007fa93c7fd000] with protection modes 0
Event: 3.381 Protecting memory [0x00007fa93c6f9000,0x00007fa93c6fd000] with protection modes 0
Event: 3.381 Protecting memory [0x00007fa93c5f9000,0x00007fa93c5fd000] with protection modes 0
Event: 3.383 Protecting memory [0x00007fa93c4f9000,0x00007fa93c4fd000] with protection modes 0
Event: 3.384 Protecting memory [0x00007fa93c3f9000,0x00007fa93c3fd000] with protection modes 0
Event: 3.384 Protecting memory [0x00007fa93c2f9000,0x00007fa93c2fd000] with protection modes 0
Event: 3.385 Protecting memory [0x00007fa93c1f9000,0x00007fa93c1fd000] with protection modes 0
Event: 3.386 Protecting memory [0x00007fa93c0f9000,0x00007fa93c0fd000] with protection modes 0
Event: 3.386 Protecting memory [0x00007fa937f00000,0x00007fa937f04000] with protection modes 0
Event: 3.387 Protecting memory [0x00007fa929f00000,0x00007fa929f04000] with protection modes 0
Event: 3.387 Protecting memory [0x00007fa929e00000,0x00007fa929e04000] with protection modes 0
Event: 3.387 Protecting memory [0x00007fa929d00000,0x00007fa929d04000] with protection modes 0
Event: 4.185 Protecting memory [0x00007fa929c00000,0x00007fa929c04000] with protection modes 0
Event: 4.431 Protecting memory [0x00007fa929b00000,0x00007fa929b04000] with protection modes 0

Nmethod flushes (20 events):
Event: 5.068 Thread 0x00007fa9b81d1690 flushing  nmethod 0x00007fa9a0f27010
Event: 5.068 Thread 0x00007fa9b81d1690 flushing  nmethod 0x00007fa9a0fc8e90
Event: 5.068 Thread 0x00007fa9b81d1690 flushing  nmethod 0x00007fa9a0fc9f90
Event: 5.068 Thread 0x00007fa9b81d1690 flushing  nmethod 0x00007fa9a0fd2390
Event: 5.068 Thread 0x00007fa9b81d1690 flushing  nmethod 0x00007fa9a105c110
Event: 5.068 Thread 0x00007fa9b81d1690 flushing  nmethod 0x00007fa9a105f690
Event: 5.068 Thread 0x00007fa9b81d1690 flushing  nmethod 0x00007fa9a105f990
Event: 5.068 Thread 0x00007fa9b81d1690 flushing  nmethod 0x00007fa9a1065190
Event: 5.068 Thread 0x00007fa9b81d1690 flushing  nmethod 0x00007fa9a1066a90
Event: 5.068 Thread 0x00007fa9b81d1690 flushing  nmethod 0x00007fa9a10c5f10
Event: 5.068 Thread 0x00007fa9b81d1690 flushing  nmethod 0x00007fa9a10cb290
Event: 5.068 Thread 0x00007fa9b81d1690 flushing  nmethod 0x00007fa9a1188990
Event: 5.068 Thread 0x00007fa9b81d1690 flushing  nmethod 0x00007fa9a118a790
Event: 5.068 Thread 0x00007fa9b81d1690 flushing  nmethod 0x00007fa9a118d610
Event: 5.068 Thread 0x00007fa9b81d1690 flushing  nmethod 0x00007fa9a118df10
Event: 5.068 Thread 0x00007fa9b81d1690 flushing  nmethod 0x00007fa9a1274190
Event: 5.068 Thread 0x00007fa9b81d1690 flushing  nmethod 0x00007fa9a1277210
Event: 5.068 Thread 0x00007fa9b81d1690 flushing  nmethod 0x00007fa9a1279590
Event: 5.068 Thread 0x00007fa9b81d1690 flushing  nmethod 0x00007fa9a1343b10
Event: 5.068 Thread 0x00007fa9b81d1690 flushing  nmethod 0x00007fa9a1381890

Events (20 events):
Event: 3.262 Thread 0x00007fa8e000aab0 Thread added: 0x00007fa8cdfea370
Event: 3.263 Thread 0x00007fa8e000aab0 Thread added: 0x00007fa8cdfeb6a0
Event: 3.264 Thread 0x00007fa8e000aab0 Thread added: 0x00007fa8cdfec9d0
Event: 3.265 Thread 0x00007fa8e000aab0 Thread added: 0x00007fa8cdfee110
Event: 3.266 Thread 0x00007fa8e000aab0 Thread added: 0x00007fa8cdfef390
Event: 3.267 Thread 0x00007fa8e000aab0 Thread added: 0x00007fa8cdff06b0
Event: 3.268 Thread 0x00007fa8e000aab0 Thread added: 0x00007fa8cdff1950
Event: 3.381 Thread 0x00007fa8e000aab0 Thread added: 0x00007fa8cdffb5d0
Event: 3.381 Thread 0x00007fa8e000aab0 Thread added: 0x00007fa8cdffc390
Event: 3.383 Thread 0x00007fa8e000aab0 Thread added: 0x00007fa8cdffd550
Event: 3.384 Thread 0x00007fa8e000aab0 Thread added: 0x00007fa8ce000f20
Event: 3.384 Thread 0x00007fa8e000aab0 Thread added: 0x00007fa8ce001eb0
Event: 3.385 Thread 0x00007fa8e000aab0 Thread added: 0x00007fa8ce003220
Event: 3.386 Thread 0x00007fa8e000aab0 Thread added: 0x00007fa8ce0043d0
Event: 3.386 Thread 0x00007fa8e000aab0 Thread added: 0x00007fa8ce005760
Event: 3.387 Thread 0x00007fa8e000aab0 Thread added: 0x00007fa8ce0068f0
Event: 3.387 Thread 0x00007fa8e000aab0 Thread added: 0x00007fa8ce007a80
Event: 3.387 Thread 0x00007fa8e000aab0 Thread added: 0x00007fa8ce008eb0
Event: 4.185 Thread 0x00007fa8e000aab0 Thread added: 0x00007fa8ce81fb90
Event: 4.431 Thread 0x00007fa8e000aab0 Thread added: 0x00007fa8cea06520


Dynamic libraries:
80000000-86f00000 rw-p 00000000 00:00 0 
86f00000-8be00000 ---p 00000000 00:00 0 
8be00000-8cb00000 rw-p 00000000 00:00 0 
8cb00000-8f500000 ---p 00000000 00:00 0 
8f500000-8f600000 rw-p 00000000 00:00 0 
8f600000-ff900000 ---p 00000000 00:00 0 
ff900000-ffe00000 rw-p 00000000 00:00 0 
ffe00000-fff08000 rw-p 00ced000 00:23 1911981                            /home/notch/.sdkman/candidates/java/21.0.4-tem/lib/server/classes.jsa
fff08000-100000000 rw-p 00000000 00:00 0 
55d3e095c000-55d3e095d000 r-xp 00000000 00:23 1911946                    /home/notch/.sdkman/candidates/java/21.0.4-tem/bin/java
55d3e095e000-55d3e095f000 r--p 00001000 00:23 1911946                    /home/notch/.sdkman/candidates/java/21.0.4-tem/bin/java
55d3e095f000-55d3e0960000 rw-p 00002000 00:23 1911946                    /home/notch/.sdkman/candidates/java/21.0.4-tem/bin/java
55d4151d4000-55d41521b000 rw-p 00000000 00:00 0                          [heap]
7fa7e8000000-7fa7e8060000 rw-p 00000000 00:00 0 
7fa7e8060000-7fa7ec000000 ---p 00000000 00:00 0 
7fa7ec000000-7fa7ec021000 rw-p 00000000 00:00 0 
7fa7ec021000-7fa7f0000000 ---p 00000000 00:00 0 
7fa7f4000000-7fa7f4024000 rw-p 00000000 00:00 0 
7fa7f4024000-7fa7f8000000 ---p 00000000 00:00 0 
7fa7f8000000-7fa7f8021000 rw-p 00000000 00:00 0 
7fa7f8021000-7fa7fc000000 ---p 00000000 00:00 0 
7fa7fc000000-7fa7fc024000 rw-p 00000000 00:00 0 
7fa7fc024000-7fa800000000 ---p 00000000 00:00 0 
7fa800000000-7fa800025000 rw-p 00000000 00:00 0 
7fa800025000-7fa804000000 ---p 00000000 00:00 0 
7fa804000000-7fa804021000 rw-p 00000000 00:00 0 
7fa804021000-7fa808000000 ---p 00000000 00:00 0 
7fa808000000-7fa808024000 rw-p 00000000 00:00 0 
7fa808024000-7fa80c000000 ---p 00000000 00:00 0 
7fa80c000000-7fa80c029000 rw-p 00000000 00:00 0 
7fa80c029000-7fa810000000 ---p 00000000 00:00 0 
7fa810000000-7fa810025000 rw-p 00000000 00:00 0 
7fa810025000-7fa814000000 ---p 00000000 00:00 0 
7fa814000000-7fa814024000 rw-p 00000000 00:00 0 
7fa814024000-7fa818000000 ---p 00000000 00:00 0 
7fa818000000-7fa818028000 rw-p 00000000 00:00 0 
7fa818028000-7fa81c000000 ---p 00000000 00:00 0 
7fa81c000000-7fa81c025000 rw-p 00000000 00:00 0 
7fa81c025000-7fa820000000 ---p 00000000 00:00 0 
7fa820000000-7fa820021000 rw-p 00000000 00:00 0 
7fa820021000-7fa824000000 ---p 00000000 00:00 0 
7fa824000000-7fa824022000 rw-p 00000000 00:00 0 
7fa824022000-7fa828000000 ---p 00000000 00:00 0 
7fa828000000-7fa828023000 rw-p 00000000 00:00 0 
7fa828023000-7fa82c000000 ---p 00000000 00:00 0 
7fa82c000000-7fa82c022000 rw-p 00000000 00:00 0 
7fa82c022000-7fa830000000 ---p 00000000 00:00 0 
7fa830000000-7fa830024000 rw-p 00000000 00:00 0 
7fa830024000-7fa834000000 ---p 00000000 00:00 0 
7fa834000000-7fa834028000 rw-p 00000000 00:00 0 
7fa834028000-7fa838000000 ---p 00000000 00:00 0 
7fa838000000-7fa838028000 rw-p 00000000 00:00 0 
7fa838028000-7fa83c000000 ---p 00000000 00:00 0 
7fa83c000000-7fa83c028000 rw-p 00000000 00:00 0 
7fa83c028000-7fa840000000 ---p 00000000 00:00 0 
7fa840000000-7fa840027000 rw-p 00000000 00:00 0 
7fa840027000-7fa844000000 ---p 00000000 00:00 0 
7fa844000000-7fa84402f000 rw-p 00000000 00:00 0 
7fa84402f000-7fa848000000 ---p 00000000 00:00 0 
7fa848000000-7fa848022000 rw-p 00000000 00:00 0 
7fa848022000-7fa84c000000 ---p 00000000 00:00 0 
7fa84c000000-7fa84c021000 rw-p 00000000 00:00 0 
7fa84c021000-7fa850000000 ---p 00000000 00:00 0 
7fa850000000-7fa850023000 rw-p 00000000 00:00 0 
7fa850023000-7fa854000000 ---p 00000000 00:00 0 
7fa854000000-7fa854021000 rw-p 00000000 00:00 0 
7fa854021000-7fa858000000 ---p 00000000 00:00 0 
7fa858000000-7fa858021000 rw-p 00000000 00:00 0 
7fa858021000-7fa85c000000 ---p 00000000 00:00 0 
7fa85c000000-7fa85c021000 rw-p 00000000 00:00 0 
7fa85c021000-7fa860000000 ---p 00000000 00:00 0 
7fa860000000-7fa860021000 rw-p 00000000 00:00 0 
7fa860021000-7fa864000000 ---p 00000000 00:00 0 
7fa864000000-7fa864021000 rw-p 00000000 00:00 0 
7fa864021000-7fa868000000 ---p 00000000 00:00 0 
7fa868000000-7fa868021000 rw-p 00000000 00:00 0 
7fa868021000-7fa86c000000 ---p 00000000 00:00 0 
7fa86c000000-7fa86c021000 rw-p 00000000 00:00 0 
7fa86c021000-7fa870000000 ---p 00000000 00:00 0 
7fa870000000-7fa870021000 rw-p 00000000 00:00 0 
7fa870021000-7fa874000000 ---p 00000000 00:00 0 
7fa874000000-7fa874021000 rw-p 00000000 00:00 0 
7fa874021000-7fa878000000 ---p 00000000 00:00 0 
7fa878000000-7fa878021000 rw-p 00000000 00:00 0 
7fa878021000-7fa87c000000 ---p 00000000 00:00 0 
7fa87c000000-7fa87c021000 rw-p 00000000 00:00 0 
7fa87c021000-7fa880000000 ---p 00000000 00:00 0 
7fa880000000-7fa880021000 rw-p 00000000 00:00 0 
7fa880021000-7fa884000000 ---p 00000000 00:00 0 
7fa884000000-7fa884021000 rw-p 00000000 00:00 0 
7fa884021000-7fa888000000 ---p 00000000 00:00 0 
7fa888000000-7fa888021000 rw-p 00000000 00:00 0 
7fa888021000-7fa88c000000 ---p 00000000 00:00 0 
7fa88c000000-7fa88c021000 rw-p 00000000 00:00 0 
7fa88c021000-7fa890000000 ---p 00000000 00:00 0 
7fa890000000-7fa890021000 rw-p 00000000 00:00 0 
7fa890021000-7fa894000000 ---p 00000000 00:00 0 
7fa894000000-7fa894021000 rw-p 00000000 00:00 0 
7fa894021000-7fa898000000 ---p 00000000 00:00 0 
7fa898000000-7fa898021000 rw-p 00000000 00:00 0 
7fa898021000-7fa89c000000 ---p 00000000 00:00 0 
7fa89c000000-7fa89c021000 rw-p 00000000 00:00 0 
7fa89c021000-7fa8a0000000 ---p 00000000 00:00 0 
7fa8a0000000-7fa8a0021000 rw-p 00000000 00:00 0 
7fa8a0021000-7fa8a4000000 ---p 00000000 00:00 0 
7fa8a4000000-7fa8a4021000 rw-p 00000000 00:00 0 
7fa8a4021000-7fa8a8000000 ---p 00000000 00:00 0 
7fa8a8000000-7fa8a8021000 rw-p 00000000 00:00 0 
7fa8a8021000-7fa8ac000000 ---p 00000000 00:00 0 
7fa8ac000000-7fa8ac021000 rw-p 00000000 00:00 0 
7fa8ac021000-7fa8b0000000 ---p 00000000 00:00 0 
7fa8b0000000-7fa8b0021000 rw-p 00000000 00:00 0 
7fa8b0021000-7fa8b4000000 ---p 00000000 00:00 0 
7fa8b4000000-7fa8b4021000 rw-p 00000000 00:00 0 
7fa8b4021000-7fa8b8000000 ---p 00000000 00:00 0 
7fa8b8000000-7fa8b8021000 rw-p 00000000 00:00 0 
7fa8b8021000-7fa8bc000000 ---p 00000000 00:00 0 
7fa8bc000000-7fa8bc021000 rw-p 00000000 00:00 0 
7fa8bc021000-7fa8c0000000 ---p 00000000 00:00 0 
7fa8c0000000-7fa8c0021000 rw-p 00000000 00:00 0 
7fa8c0021000-7fa8c4000000 ---p 00000000 00:00 0 
7fa8c4000000-7fa8c4021000 rw-p 00000000 00:00 0 
7fa8c4021000-7fa8c8000000 ---p 00000000 00:00 0 
7fa8c8000000-7fa8c8021000 rw-p 00000000 00:00 0 
7fa8c8021000-7fa8cc000000 ---p 00000000 00:00 0 
7fa8cc000000-7fa8ced64000 rw-p 00000000 00:00 0 
7fa8ced64000-7fa8d0000000 ---p 00000000 00:00 0 
7fa8d0000000-7fa8d0021000 rw-p 00000000 00:00 0 
7fa8d0021000-7fa8d4000000 ---p 00000000 00:00 0 
7fa8d4000000-7fa8d4027000 rw-p 00000000 00:00 0 
7fa8d4027000-7fa8d8000000 ---p 00000000 00:00 0 
7fa8d8000000-7fa8d8021000 rw-p 00000000 00:00 0 
7fa8d8021000-7fa8dc000000 ---p 00000000 00:00 0 
7fa8dc000000-7fa8dc021000 rw-p 00000000 00:00 0 
7fa8dc021000-7fa8e0000000 ---p 00000000 00:00 0 
7fa8e0000000-7fa8e0021000 rw-p 00000000 00:00 0 
7fa8e0021000-7fa8e4000000 ---p 00000000 00:00 0 
7fa8e4000000-7fa8e4021000 rw-p 00000000 00:00 0 
7fa8e4021000-7fa8e8000000 ---p 00000000 00:00 0 
7fa8e8000000-7fa8e8054000 rw-p 00000000 00:00 0 
7fa8e8054000-7fa8ec000000 ---p 00000000 00:00 0 
7fa8ec000000-7fa8ec021000 rw-p 00000000 00:00 0 
7fa8ec021000-7fa8f0000000 ---p 00000000 00:00 0 
7fa8f0000000-7fa8f0021000 rw-p 00000000 00:00 0 
7fa8f0021000-7fa8f4000000 ---p 00000000 00:00 0 
7fa8f4000000-7fa8f4021000 rw-p 00000000 00:00 0 
7fa8f4021000-7fa8f8000000 ---p 00000000 00:00 0 
7fa8f8000000-7fa8f8021000 rw-p 00000000 00:00 0 
7fa8f8021000-7fa8fc000000 ---p 00000000 00:00 0 
7fa8fc000000-7fa8fd8d2000 rw-p 00000000 00:00 0 
7fa8fd8d2000-7fa900000000 ---p 00000000 00:00 0 
7fa900000000-7fa901712000 rw-p 00000000 00:00 0 
7fa901712000-7fa904000000 ---p 00000000 00:00 0 
7fa904000000-7fa904021000 rw-p 00000000 00:00 0 
7fa904021000-7fa908000000 ---p 00000000 00:00 0 
7fa908000000-7fa908021000 rw-p 00000000 00:00 0 
7fa908021000-7fa90c000000 ---p 00000000 00:00 0 
7fa90c000000-7fa90d94f000 rw-p 00000000 00:00 0 
7fa90d94f000-7fa910000000 ---p 00000000 00:00 0 
7fa910000000-7fa910c9a000 rw-p 00000000 00:00 0 
7fa910c9a000-7fa914000000 ---p 00000000 00:00 0 
7fa914000000-7fa914021000 rw-p 00000000 00:00 0 
7fa914021000-7fa918000000 ---p 00000000 00:00 0 
7fa918000000-7fa918021000 rw-p 00000000 00:00 0 
7fa918021000-7fa91c000000 ---p 00000000 00:00 0 
7fa91c000000-7fa91c021000 rw-p 00000000 00:00 0 
7fa91c021000-7fa920000000 ---p 00000000 00:00 0 
7fa920000000-7fa920021000 rw-p 00000000 00:00 0 
7fa920021000-7fa924000000 ---p 00000000 00:00 0 
7fa924000000-7fa924021000 rw-p 00000000 00:00 0 
7fa924021000-7fa928000000 ---p 00000000 00:00 0 
7fa929821000-7fa929b00000 rw-p 00000000 00:00 0 
7fa929b00000-7fa929b04000 ---p 00000000 00:00 0 
7fa929b04000-7fa929c00000 rw-p 00000000 00:00 0 
7fa929c00000-7fa929c04000 ---p 00000000 00:00 0 
7fa929c04000-7fa929d00000 rw-p 00000000 00:00 0 
7fa929d00000-7fa929d04000 ---p 00000000 00:00 0 
7fa929d04000-7fa929e00000 rw-p 00000000 00:00 0 
7fa929e00000-7fa929e04000 ---p 00000000 00:00 0 
7fa929e04000-7fa929f00000 rw-p 00000000 00:00 0 
7fa929f00000-7fa929f04000 ---p 00000000 00:00 0 
7fa929f04000-7fa92a000000 rw-p 00000000 00:00 0 
7fa92a000000-7fa937e92000 r--p 00000000 00:23 234580                     /usr/lib/locale/locale-archive
7fa937f00000-7fa937f04000 ---p 00000000 00:00 0 
7fa937f04000-7fa938000000 rw-p 00000000 00:00 0 
7fa938000000-7fa938021000 rw-p 00000000 00:00 0 
7fa938021000-7fa93c000000 ---p 00000000 00:00 0 
7fa93c0f9000-7fa93c0fd000 ---p 00000000 00:00 0 
7fa93c0fd000-7fa93c1f9000 rw-p 00000000 00:00 0 
7fa93c1f9000-7fa93c1fd000 ---p 00000000 00:00 0 
7fa93c1fd000-7fa93c2f9000 rw-p 00000000 00:00 0 
7fa93c2f9000-7fa93c2fd000 ---p 00000000 00:00 0 
7fa93c2fd000-7fa93c3f9000 rw-p 00000000 00:00 0 
7fa93c3f9000-7fa93c3fd000 ---p 00000000 00:00 0 
7fa93c3fd000-7fa93c4f9000 rw-p 00000000 00:00 0 
7fa93c4f9000-7fa93c4fd000 ---p 00000000 00:00 0 
7fa93c4fd000-7fa93c5f9000 rw-p 00000000 00:00 0 
7fa93c5f9000-7fa93c5fd000 ---p 00000000 00:00 0 
7fa93c5fd000-7fa93c6f9000 rw-p 00000000 00:00 0 
7fa93c6f9000-7fa93c6fd000 ---p 00000000 00:00 0 
7fa93c6fd000-7fa93c7f9000 rw-p 00000000 00:00 0 
7fa93c7f9000-7fa93c7fd000 ---p 00000000 00:00 0 
7fa93c7fd000-7fa93c8f9000 rw-p 00000000 00:00 0 
7fa93c8f9000-7fa93c8fd000 ---p 00000000 00:00 0 
7fa93c8fd000-7fa93c9f9000 rw-p 00000000 00:00 0 
7fa93c9f9000-7fa93c9fd000 ---p 00000000 00:00 0 
7fa93c9fd000-7fa93caf9000 rw-p 00000000 00:00 0 
7fa93caf9000-7fa93cafd000 ---p 00000000 00:00 0 
7fa93cafd000-7fa93cbf9000 rw-p 00000000 00:00 0 
7fa93cbf9000-7fa93cbfd000 ---p 00000000 00:00 0 
7fa93cbfd000-7fa93ccf9000 rw-p 00000000 00:00 0 
7fa93ccf9000-7fa93ccfd000 ---p 00000000 00:00 0 
7fa93ccfd000-7fa93cdf9000 rw-p 00000000 00:00 0 
7fa93cdf9000-7fa93cdfd000 ---p 00000000 00:00 0 
7fa93cdfd000-7fa93cef9000 rw-p 00000000 00:00 0 
7fa93cef9000-7fa93cefd000 ---p 00000000 00:00 0 
7fa93cefd000-7fa93cff9000 rw-p 00000000 00:00 0 
7fa93cff9000-7fa93cffd000 ---p 00000000 00:00 0 
7fa93cffd000-7fa93d0f9000 rw-p 00000000 00:00 0 
7fa93d0f9000-7fa93d0fd000 ---p 00000000 00:00 0 
7fa93d0fd000-7fa93d1f9000 rw-p 00000000 00:00 0 
7fa93d1f9000-7fa93d1fd000 ---p 00000000 00:00 0 
7fa93d1fd000-7fa93d2f9000 rw-p 00000000 00:00 0 
7fa93d2f9000-7fa93d2fd000 ---p 00000000 00:00 0 
7fa93d2fd000-7fa93d3f9000 rw-p 00000000 00:00 0 
7fa93d3f9000-7fa93d3fd000 ---p 00000000 00:00 0 
7fa93d3fd000-7fa93d4f9000 rw-p 00000000 00:00 0 
7fa93d4f9000-7fa93d4fd000 ---p 00000000 00:00 0 
7fa93d4fd000-7fa93d5f9000 rw-p 00000000 00:00 0 
7fa93d5f9000-7fa93d5fd000 ---p 00000000 00:00 0 
7fa93d5fd000-7fa93d6f9000 rw-p 00000000 00:00 0 
7fa93d6f9000-7fa93d6fd000 ---p 00000000 00:00 0 
7fa93d6fd000-7fa93d7f9000 rw-p 00000000 00:00 0 
7fa93d7f9000-7fa93d7fd000 ---p 00000000 00:00 0 
7fa93d7fd000-7fa93d8f9000 rw-p 00000000 00:00 0 
7fa93d8f9000-7fa93d8fd000 ---p 00000000 00:00 0 
7fa93d8fd000-7fa93d9f9000 rw-p 00000000 00:00 0 
7fa93d9f9000-7fa93d9fd000 ---p 00000000 00:00 0 
7fa93d9fd000-7fa93daf9000 rw-p 00000000 00:00 0 
7fa93daf9000-7fa93dafd000 ---p 00000000 00:00 0 
7fa93dafd000-7fa93dbf9000 rw-p 00000000 00:00 0 
7fa93dbf9000-7fa93dbfd000 ---p 00000000 00:00 0 
7fa93dbfd000-7fa93dcf9000 rw-p 00000000 00:00 0 
7fa93dcf9000-7fa93dcfd000 ---p 00000000 00:00 0 
7fa93dcfd000-7fa93ddf9000 rw-p 00000000 00:00 0 
7fa93ddf9000-7fa93ddfd000 ---p 00000000 00:00 0 
7fa93ddfd000-7fa93def9000 rw-p 00000000 00:00 0 
7fa93def9000-7fa93defd000 ---p 00000000 00:00 0 
7fa93defd000-7fa93dff9000 rw-p 00000000 00:00 0 
7fa93dff9000-7fa93dffd000 ---p 00000000 00:00 0 
7fa93dffd000-7fa93e0f9000 rw-p 00000000 00:00 0 
7fa93e0f9000-7fa93e0fd000 ---p 00000000 00:00 0 
7fa93e0fd000-7fa93e1f9000 rw-p 00000000 00:00 0 
7fa93e1f9000-7fa93e1fd000 ---p 00000000 00:00 0 
7fa93e1fd000-7fa93e2f9000 rw-p 00000000 00:00 0 
7fa93e2f9000-7fa93e2fd000 ---p 00000000 00:00 0 
7fa93e2fd000-7fa93e3f9000 rw-p 00000000 00:00 0 
7fa93e3f9000-7fa93e3fd000 ---p 00000000 00:00 0 
7fa93e3fd000-7fa93e4f9000 rw-p 00000000 00:00 0 
7fa93e4f9000-7fa93e4fd000 ---p 00000000 00:00 0 
7fa93e4fd000-7fa93e7fb000 rw-p 00000000 00:00 0 
7fa93e7fb000-7fa93e7ff000 ---p 00000000 00:00 0 
7fa93e7ff000-7fa93ee00000 rw-p 00000000 00:00 0 
7fa93ee00000-7fa93ee04000 ---p 00000000 00:00 0 
7fa93ee04000-7fa93ef00000 rw-p 00000000 00:00 0 
7fa93ef00000-7fa93ef04000 ---p 00000000 00:00 0 
7fa93ef04000-7fa93f000000 rw-p 00000000 00:00 0 
7fa93f000000-7fa93f400000 rw-p 00000000 00:00 0 
7fa93f400000-7fa93f800000 rw-p 00000000 00:00 0 
7fa93f800000-7fa93f900000 rw-p 00000000 00:00 0 
7fa93f900000-7fa93fa00000 rw-p 00000000 00:00 0 
7fa93fa00000-7fa940500000 rw-p 00000000 00:00 0 
7fa940500000-7fa940600000 rw-p 00000000 00:00 0 
7fa940600000-7fa940f00000 rw-p 00000000 00:00 0 
7fa940f00000-7fa941000000 rw-p 00000000 00:00 0 
7fa941000000-7fa941d80000 rw-p 00000000 00:00 0 
7fa941d80000-7fa941e00000 rw-p 00000000 00:00 0 
7fa941e00000-7fa942540000 rw-p 00000000 00:00 0 
7fa942540000-7fa942580000 rw-p 00000000 00:00 0 
7fa942580000-7fa942700000 rw-p 00000000 00:00 0 
7fa942700000-7fa942900000 rw-p 00000000 00:00 0 
7fa942900000-7fa9429f0000 rw-p 00000000 00:00 0 
7fa9429f0000-7fa942a00000 ---p 00000000 00:00 0 
7fa942a00000-7fa943000000 rw-p 00000000 00:00 0 
7fa943000000-7fa943cae000 rw-p 00001000 00:23 1911981                    /home/notch/.sdkman/candidates/java/21.0.4-tem/lib/server/classes.jsa
7fa943cae000-7fa944000000 ---p 00000000 00:00 0 
7fa944000000-7fa944040000 rw-p 00000000 00:00 0 
7fa944040000-7fa944080000 rw-p 00000000 00:00 0 
7fa944080000-7fa944140000 rw-p 00000000 00:00 0 
7fa944140000-7fa944180000 rw-p 00000000 00:00 0 
7fa944180000-7fa944580000 rw-p 00000000 00:00 0 
7fa944580000-7fa9449c0000 rw-p 00000000 00:00 0 
7fa9449c0000-7fa944a00000 rw-p 00000000 00:00 0 
7fa944a00000-7fa944b40000 rw-p 00000000 00:00 0 
7fa944b40000-7fa984000000 ---p 00000000 00:00 0 
7fa984000000-7fa984021000 rw-p 00000000 00:00 0 
7fa984021000-7fa988000000 ---p 00000000 00:00 0 
7fa988000000-7fa988021000 rw-p 00000000 00:00 0 
7fa988021000-7fa98c000000 ---p 00000000 00:00 0 
7fa98c000000-7fa98c021000 rw-p 00000000 00:00 0 
7fa98c021000-7fa990004000 ---p 00000000 00:00 0 
7fa990004000-7fa990100000 rw-p 00000000 00:00 0 
7fa990100000-7fa990104000 ---p 00000000 00:00 0 
7fa990104000-7fa990200000 rw-p 00000000 00:00 0 
7fa990200000-7fa990204000 ---p 00000000 00:00 0 
7fa990204000-7fa990300000 rw-p 00000000 00:00 0 
7fa990300000-7fa990304000 ---p 00000000 00:00 0 
7fa990304000-7fa990400000 rw-p 00000000 00:00 0 
7fa990400000-7fa990404000 ---p 00000000 00:00 0 
7fa990404000-7fa990500000 rw-p 00000000 00:00 0 
7fa990500000-7fa990504000 ---p 00000000 00:00 0 
7fa990504000-7fa990600000 rw-p 00000000 00:00 0 
7fa990600000-7fa990604000 ---p 00000000 00:00 0 
7fa990604000-7fa990700000 rw-p 00000000 00:00 0 
7fa990700000-7fa990704000 ---p 00000000 00:00 0 
7fa990704000-7fa990800000 rw-p 00000000 00:00 0 
7fa990800000-7fa990804000 ---p 00000000 00:00 0 
7fa990804000-7fa990900000 rw-p 00000000 00:00 0 
7fa990900000-7fa990904000 ---p 00000000 00:00 0 
7fa990904000-7fa990a00000 rw-p 00000000 00:00 0 
7fa990a00000-7fa990a05000 r-xp 00000000 00:23 1761578                    /home/notch/.gradle/native/1def1411415f61bf3af743bc5b6707747c0891f09f0c88961ee8f79bc544acac/linux-amd64/libnative-platform.so
7fa990a05000-7fa990c05000 ---p 00005000 00:23 1761578                    /home/notch/.gradle/native/1def1411415f61bf3af743bc5b6707747c0891f09f0c88961ee8f79bc544acac/linux-amd64/libnative-platform.so
7fa990c05000-7fa990c06000 r--p 00005000 00:23 1761578                    /home/notch/.gradle/native/1def1411415f61bf3af743bc5b6707747c0891f09f0c88961ee8f79bc544acac/linux-amd64/libnative-platform.so
7fa990c06000-7fa990c07000 rw-p 00006000 00:23 1761578                    /home/notch/.gradle/native/1def1411415f61bf3af743bc5b6707747c0891f09f0c88961ee8f79bc544acac/linux-amd64/libnative-platform.so
7fa990c68000-7fa990ca4000 r--p 00000000 00:23 1761598                    /home/notch/.gradle/native/0.2.8/x86_64-linux-gnu/libgradle-fileevents.so
7fa990ca4000-7fa990cec000 r-xp 0003b000 00:23 1761598                    /home/notch/.gradle/native/0.2.8/x86_64-linux-gnu/libgradle-fileevents.so
7fa990cec000-7fa990cf5000 r--p 00082000 00:23 1761598                    /home/notch/.gradle/native/0.2.8/x86_64-linux-gnu/libgradle-fileevents.so
7fa990cf5000-7fa990cf6000 rw-p 0008a000 00:23 1761598                    /home/notch/.gradle/native/0.2.8/x86_64-linux-gnu/libgradle-fileevents.so
7fa990cf6000-7fa990cf8000 rw-p 00000000 00:00 0 
7fa990cf8000-7fa9910fc000 rw-p 00000000 00:00 0 
7fa9910fc000-7fa991100000 ---p 00000000 00:00 0 
7fa991100000-7fa9911fc000 rw-p 00000000 00:00 0 
7fa9911fc000-7fa991200000 ---p 00000000 00:00 0 
7fa991200000-7fa9912fc000 rw-p 00000000 00:00 0 
7fa9912fc000-7fa991300000 ---p 00000000 00:00 0 
7fa991300000-7fa9913fc000 rw-p 00000000 00:00 0 
7fa9913fc000-7fa991400000 ---p 00000000 00:00 0 
7fa991400000-7fa9914fc000 rw-p 00000000 00:00 0 
7fa9914fc000-7fa991500000 ---p 00000000 00:00 0 
7fa991500000-7fa9915fc000 rw-p 00000000 00:00 0 
7fa9915fc000-7fa991600000 ---p 00000000 00:00 0 
7fa991600000-7fa9916fc000 rw-p 00000000 00:00 0 
7fa9916fc000-7fa991700000 ---p 00000000 00:00 0 
7fa991700000-7fa9917fc000 rw-p 00000000 00:00 0 
7fa9917fc000-7fa991800000 ---p 00000000 00:00 0 
7fa991800000-7fa9918fc000 rw-p 00000000 00:00 0 
7fa9918fc000-7fa991900000 ---p 00000000 00:00 0 
7fa991900000-7fa9919fc000 rw-p 00000000 00:00 0 
7fa9919fc000-7fa991a00000 ---p 00000000 00:00 0 
7fa991a00000-7fa991afc000 rw-p 00000000 00:00 0 
7fa991afc000-7fa991b00000 ---p 00000000 00:00 0 
7fa991b00000-7fa992000000 rw-p 00000000 00:00 0 
7fa992000000-7fa994021000 rw-p 00000000 00:00 0 
7fa994021000-7fa998000000 ---p 00000000 00:00 0 
7fa998000000-7fa998021000 rw-p 00000000 00:00 0 
7fa998021000-7fa99c000000 ---p 00000000 00:00 0 
7fa99c000000-7fa99c021000 rw-p 00000000 00:00 0 
7fa99c021000-7fa9a0000000 ---p 00000000 00:00 0 
7fa9a0029000-7fa9a00f7000 r-xp 00000000 00:23 1911988                    /home/notch/.sdkman/candidates/java/21.0.4-tem/lib/libjsvml.so
7fa9a00f7000-7fa9a00f8000 r--p 000cd000 00:23 1911988                    /home/notch/.sdkman/candidates/java/21.0.4-tem/lib/libjsvml.so
7fa9a00f8000-7fa9a00f9000 rw-p 000ce000 00:23 1911988                    /home/notch/.sdkman/candidates/java/21.0.4-tem/lib/libjsvml.so
7fa9a00f9000-7fa9a0800000 rw-p 00000000 00:00 0 
7fa9a0800000-7fa9a1730000 rwxp 00000000 00:00 0 
7fa9a1730000-7fa9a7d37000 ---p 00000000 00:00 0 
7fa9a7d37000-7fa9a7fa7000 rwxp 00000000 00:00 0 
7fa9a7fa7000-7fa9a82c9000 ---p 00000000 00:00 0 
7fa9a82c9000-7fa9a87f9000 rwxp 00000000 00:00 0 
7fa9a87f9000-7fa9af800000 ---p 00000000 00:00 0 
7fa9af800000-7fa9b7f59000 r--s 00000000 00:23 1912005                    /home/notch/.sdkman/candidates/java/21.0.4-tem/lib/modules
7fa9b7f7f000-7fa9b94f6000 rw-p 00000000 00:00 0 
7fa9b94f6000-7fa9bc000000 ---p 00000000 00:00 0 
7fa9bc01c000-7fa9bc023000 r--s 00000000 00:23 411376                     /usr/lib64/gconv/gconv-modules.cache
7fa9bc023000-7fa9bc028000 r-xp 00000000 00:23 1912016                    /home/notch/.sdkman/candidates/java/21.0.4-tem/lib/libmanagement_ext.so
7fa9bc028000-7fa9bc029000 ---p 00005000 00:23 1912016                    /home/notch/.sdkman/candidates/java/21.0.4-tem/lib/libmanagement_ext.so
7fa9bc029000-7fa9bc02a000 r--p 00005000 00:23 1912016                    /home/notch/.sdkman/candidates/java/21.0.4-tem/lib/libmanagement_ext.so
7fa9bc02a000-7fa9bc02b000 rw-p 00006000 00:23 1912016                    /home/notch/.sdkman/candidates/java/21.0.4-tem/lib/libmanagement_ext.so
7fa9bc02b000-7fa9bc038000 r-xp 00000000 00:23 1912017                    /home/notch/.sdkman/candidates/java/21.0.4-tem/lib/libverify.so
7fa9bc038000-7fa9bc03a000 r--p 0000c000 00:23 1912017                    /home/notch/.sdkman/candidates/java/21.0.4-tem/lib/libverify.so
7fa9bc03a000-7fa9bc03b000 rw-p 0000e000 00:23 1912017                    /home/notch/.sdkman/candidates/java/21.0.4-tem/lib/libverify.so
7fa9bc03b000-7fa9bc047000 r-xp 00000000 00:23 1911989                    /home/notch/.sdkman/candidates/java/21.0.4-tem/lib/libnet.so
7fa9bc047000-7fa9bc048000 r--p 0000b000 00:23 1911989                    /home/notch/.sdkman/candidates/java/21.0.4-tem/lib/libnet.so
7fa9bc048000-7fa9bc049000 rw-p 0000c000 00:23 1911989                    /home/notch/.sdkman/candidates/java/21.0.4-tem/lib/libnet.so
7fa9bc049000-7fa9bc05d000 r-xp 00000000 00:23 1912034                    /home/notch/.sdkman/candidates/java/21.0.4-tem/lib/libnio.so
7fa9bc05d000-7fa9bc05e000 r--p 00013000 00:23 1912034                    /home/notch/.sdkman/candidates/java/21.0.4-tem/lib/libnio.so
7fa9bc05e000-7fa9bc05f000 rw-p 00014000 00:23 1912034                    /home/notch/.sdkman/candidates/java/21.0.4-tem/lib/libnio.so
7fa9bc05f000-7fa9bc3fe000 rw-p 00000000 00:00 0 
7fa9bc3fe000-7fa9bc600000 rw-p 00000000 00:00 0 
7fa9bc600000-7fa9bc7bc000 rw-p 00000000 00:00 0 
7fa9bc7bc000-7fa9bc8f8000 ---p 00000000 00:00 0 
7fa9bc8f8000-7fa9bc92c000 rw-p 00000000 00:00 0 
7fa9bc92c000-7fa9bc9d4000 ---p 00000000 00:00 0 
7fa9bc9d4000-7fa9bc9d8000 rw-p 00000000 00:00 0 
7fa9bc9d8000-7fa9be5e4000 ---p 00000000 00:00 0 
7fa9be5e4000-7fa9be638000 rw-p 00000000 00:00 0 
7fa9be638000-7fa9be65f000 ---p 00000000 00:00 0 
7fa9be65f000-7fa9be666000 rw-p 00000000 00:00 0 
7fa9be666000-7fa9be67a000 ---p 00000000 00:00 0 
7fa9be67a000-7fa9be67b000 rw-p 00000000 00:00 0 
7fa9be67b000-7fa9be9fc000 ---p 00000000 00:00 0 
7fa9be9fc000-7fa9bea38000 rw-p 00000000 00:00 0 
7fa9bea38000-7fa9bea5f000 ---p 00000000 00:00 0 
7fa9bea5f000-7fa9bea66000 rw-p 00000000 00:00 0 
7fa9bea66000-7fa9bea7a000 ---p 00000000 00:00 0 
7fa9bea7a000-7fa9bea7b000 rw-p 00000000 00:00 0 
7fa9bea7b000-7fa9bedfc000 ---p 00000000 00:00 0 
7fa9bedfc000-7fa9bee00000 rw-p 00000000 00:00 0 
7fa9bee02000-7fa9bee1d000 r-xp 00000000 00:23 1911978                    /home/notch/.sdkman/candidates/java/21.0.4-tem/lib/libzip.so
7fa9bee1d000-7fa9bee1e000 r--p 0001a000 00:23 1911978                    /home/notch/.sdkman/candidates/java/21.0.4-tem/lib/libzip.so
7fa9bee1e000-7fa9bee1f000 rw-p 0001b000 00:23 1911978                    /home/notch/.sdkman/candidates/java/21.0.4-tem/lib/libzip.so
7fa9bee1f000-7fa9bef20000 rw-p 00000000 00:00 0 
7fa9bef20000-7fa9bf935000 rw-p 00000000 00:00 0 
7fa9bf935000-7fa9bfa15000 ---p 00000000 00:00 0 
7fa9bfa15000-7fa9bfa34000 rw-p 00000000 00:00 0 
7fa9bfa34000-7fa9bfb00000 ---p 00000000 00:00 0 
7fa9bfb00000-7fa9bfb04000 ---p 00000000 00:00 0 
7fa9bfb04000-7fa9bfc00000 rw-p 00000000 00:00 0 
7fa9bfc00000-7fa9c100f000 r-xp 00000000 00:23 1911982                    /home/notch/.sdkman/candidates/java/21.0.4-tem/lib/server/libjvm.so
7fa9c100f000-7fa9c1010000 ---p 0140f000 00:23 1911982                    /home/notch/.sdkman/candidates/java/21.0.4-tem/lib/server/libjvm.so
7fa9c1010000-7fa9c10e0000 r--p 0140f000 00:23 1911982                    /home/notch/.sdkman/candidates/java/21.0.4-tem/lib/server/libjvm.so
7fa9c10e0000-7fa9c1110000 rw-p 014df000 00:23 1911982                    /home/notch/.sdkman/candidates/java/21.0.4-tem/lib/server/libjvm.so
7fa9c1110000-7fa9c1176000 rw-p 00000000 00:00 0 
7fa9c1176000-7fa9c1178000 r-xp 00000000 00:23 1912035                    /home/notch/.sdkman/candidates/java/21.0.4-tem/lib/libextnet.so
7fa9c1178000-7fa9c1179000 r--p 00001000 00:23 1912035                    /home/notch/.sdkman/candidates/java/21.0.4-tem/lib/libextnet.so
7fa9c1179000-7fa9c117a000 rw-p 00002000 00:23 1912035                    /home/notch/.sdkman/candidates/java/21.0.4-tem/lib/libextnet.so
7fa9c117a000-7fa9c117e000 r-xp 00000000 00:23 1911974                    /home/notch/.sdkman/candidates/java/21.0.4-tem/lib/libmanagement.so
7fa9c117e000-7fa9c117f000 r--p 00003000 00:23 1911974                    /home/notch/.sdkman/candidates/java/21.0.4-tem/lib/libmanagement.so
7fa9c117f000-7fa9c1180000 rw-p 00004000 00:23 1911974                    /home/notch/.sdkman/candidates/java/21.0.4-tem/lib/libmanagement.so
7fa9c1180000-7fa9c120a000 rw-p 00000000 00:00 0 
7fa9c120a000-7fa9c1211000 ---p 00000000 00:00 0 
7fa9c1211000-7fa9c1219000 rw-s 00000000 00:35 153                        /tmp/hsperfdata_notch/4673
7fa9c1219000-7fa9c1239000 r-xp 00000000 00:23 1912029                    /home/notch/.sdkman/candidates/java/21.0.4-tem/lib/libjava.so
7fa9c1239000-7fa9c123a000 ---p 00020000 00:23 1912029                    /home/notch/.sdkman/candidates/java/21.0.4-tem/lib/libjava.so
7fa9c123a000-7fa9c123b000 r--p 00020000 00:23 1912029                    /home/notch/.sdkman/candidates/java/21.0.4-tem/lib/libjava.so
7fa9c123b000-7fa9c123c000 rw-p 00021000 00:23 1912029                    /home/notch/.sdkman/candidates/java/21.0.4-tem/lib/libjava.so
7fa9c123c000-7fa9c123d000 rw-p 00000000 00:00 0 
7fa9c123d000-7fa9c1247000 r-xp 00000000 00:23 1912019                    /home/notch/.sdkman/candidates/java/21.0.4-tem/lib/libinstrument.so
7fa9c1247000-7fa9c1248000 ---p 0000a000 00:23 1912019                    /home/notch/.sdkman/candidates/java/21.0.4-tem/lib/libinstrument.so
7fa9c1248000-7fa9c1249000 r--p 0000a000 00:23 1912019                    /home/notch/.sdkman/candidates/java/21.0.4-tem/lib/libinstrument.so
7fa9c1249000-7fa9c124a000 rw-p 0000b000 00:23 1912019                    /home/notch/.sdkman/candidates/java/21.0.4-tem/lib/libinstrument.so
7fa9c124a000-7fa9c124b000 ---p 00000000 00:00 0 
7fa9c124b000-7fa9c124c000 r--p 00000000 00:00 0 
7fa9c124c000-7fa9c12db000 r-xp 00000000 00:23 233982                     /usr/lib64/libm.so.6
7fa9c12db000-7fa9c1361000 r--p 0008f000 00:23 233982                     /usr/lib64/libm.so.6
7fa9c1361000-7fa9c1362000 r--p 00114000 00:23 233982                     /usr/lib64/libm.so.6
7fa9c1362000-7fa9c1363000 rw-p 00115000 00:23 233982                     /usr/lib64/libm.so.6
7fa9c1363000-7fa9c1364000 r-xp 00000000 00:23 233990                     /usr/lib64/librt.so.1
7fa9c1364000-7fa9c1365000 r--p 00001000 00:23 233990                     /usr/lib64/librt.so.1
7fa9c1365000-7fa9c1366000 r--p 00001000 00:23 233990                     /usr/lib64/librt.so.1
7fa9c1366000-7fa9c1369000 rw-p 00000000 00:00 0 
7fa9c1369000-7fa9c14db000 r-xp 00000000 00:23 233980                     /usr/lib64/libc.so.6
7fa9c14db000-7fa9c1554000 r--p 00172000 00:23 233980                     /usr/lib64/libc.so.6
7fa9c1554000-7fa9c1558000 r--p 001eb000 00:23 233980                     /usr/lib64/libc.so.6
7fa9c1558000-7fa9c155a000 rw-p 001ef000 00:23 233980                     /usr/lib64/libc.so.6
7fa9c155a000-7fa9c1562000 rw-p 00000000 00:00 0 
7fa9c1562000-7fa9c1563000 r-xp 00000000 00:23 233981                     /usr/lib64/libdl.so.2
7fa9c1563000-7fa9c1564000 r--p 00001000 00:23 233981                     /usr/lib64/libdl.so.2
7fa9c1564000-7fa9c1565000 r--p 00001000 00:23 233981                     /usr/lib64/libdl.so.2
7fa9c1565000-7fa9c1566000 rw-p 00000000 00:00 0 
7fa9c1566000-7fa9c1567000 r-xp 00000000 00:23 233988                     /usr/lib64/libpthread.so.0
7fa9c1567000-7fa9c1568000 r--p 00001000 00:23 233988                     /usr/lib64/libpthread.so.0
7fa9c1568000-7fa9c1569000 r--p 00001000 00:23 233988                     /usr/lib64/libpthread.so.0
7fa9c1569000-7fa9c156a000 rw-p 00000000 00:00 0 
7fa9c156b000-7fa9c156c000 ---p 00000000 00:00 0 
7fa9c156c000-7fa9c1587000 r-xp 00000000 00:23 1911985                    /home/notch/.sdkman/candidates/java/21.0.4-tem/lib/libjimage.so
7fa9c1587000-7fa9c1588000 ---p 0001b000 00:23 1911985                    /home/notch/.sdkman/candidates/java/21.0.4-tem/lib/libjimage.so
7fa9c1588000-7fa9c158a000 r--p 0001b000 00:23 1911985                    /home/notch/.sdkman/candidates/java/21.0.4-tem/lib/libjimage.so
7fa9c158a000-7fa9c158b000 rw-p 0001d000 00:23 1911985                    /home/notch/.sdkman/candidates/java/21.0.4-tem/lib/libjimage.so
7fa9c158b000-7fa9c15a4000 r-xp 00000000 00:23 1912032                    /home/notch/.sdkman/candidates/java/21.0.4-tem/lib/libjli.so
7fa9c15a4000-7fa9c15a5000 r--p 00018000 00:23 1912032                    /home/notch/.sdkman/candidates/java/21.0.4-tem/lib/libjli.so
7fa9c15a5000-7fa9c15a6000 rw-p 00019000 00:23 1912032                    /home/notch/.sdkman/candidates/java/21.0.4-tem/lib/libjli.so
7fa9c15a6000-7fa9c15a8000 rw-p 00000000 00:00 0 
7fa9c15a8000-7fa9c15ac000 r--p 00000000 00:00 0                          [vvar]
7fa9c15ac000-7fa9c15ae000 r--p 00000000 00:00 0                          [vvar_vclock]
7fa9c15ae000-7fa9c15b0000 r-xp 00000000 00:00 0                          [vdso]
7fa9c15b0000-7fa9c15db000 r-xp 00000000 00:23 233977                     /usr/lib64/ld-linux-x86-64.so.2
7fa9c15db000-7fa9c15e7000 r--p 0002b000 00:23 233977                     /usr/lib64/ld-linux-x86-64.so.2
7fa9c15e7000-7fa9c15e9000 r--p 00037000 00:23 233977                     /usr/lib64/ld-linux-x86-64.so.2
7fa9c15e9000-7fa9c15ea000 rw-p 00039000 00:23 233977                     /usr/lib64/ld-linux-x86-64.so.2
7fa9c15ea000-7fa9c15eb000 rw-p 00000000 00:00 0 
7ffc11ea9000-7ffc11ecb000 rw-p 00000000 00:00 0                          [stack]
ffffffffff600000-ffffffffff601000 --xp 00000000 00:00 0                  [vsyscall]
Total number of mappings: 481


VM Arguments:
jvm_args: --add-opens=java.base/java.lang=ALL-UNNAMED --add-opens=java.base/java.lang.invoke=ALL-UNNAMED --add-opens=java.base/java.util=ALL-UNNAMED --add-opens=java.prefs/java.util.prefs=ALL-UNNAMED --add-exports=jdk.compiler/com.sun.tools.javac.api=ALL-UNNAMED --add-exports=jdk.compiler/com.sun.tools.javac.util=ALL-UNNAMED --add-opens=java.base/java.util=ALL-UNNAMED --add-opens=java.prefs/java.util.prefs=ALL-UNNAMED --add-opens=java.base/java.nio.charset=ALL-UNNAMED --add-opens=java.base/java.net=ALL-UNNAMED --add-opens=java.base/java.util.concurrent=ALL-UNNAMED --add-opens=java.base/java.util.concurrent.atomic=ALL-UNNAMED --add-opens=java.xml/javax.xml.namespace=ALL-UNNAMED --add-opens=java.base/java.time=ALL-UNNAMED -Xmx2048m -Dfile.encoding=UTF-8 -Duser.country=US -Duser.language=en -Duser.variant -javaagent:/home/notch/.gradle/wrapper/dists/gradle-9.1.0-bin/9agqghryom9wkf8r80qlhnts3/gradle-9.1.0/lib/agents/gradle-instrumentation-agent-9.1.0.jar 
java_command: org.gradle.launcher.daemon.bootstrap.GradleDaemon 9.1.0
java_class_path (initial): /home/notch/.gradle/wrapper/dists/gradle-9.1.0-bin/9agqghryom9wkf8r80qlhnts3/gradle-9.1.0/lib/gradle-daemon-main-9.1.0.jar
Launcher Type: SUN_STANDARD

[Global flags]
     intx CICompilerCount                          = 4                                         {product} {ergonomic}
     uint ConcGCThreads                            = 3                                         {product} {ergonomic}
     uint G1ConcRefinementThreads                  = 10                                        {product} {ergonomic}
   size_t G1HeapRegionSize                         = 1048576                                   {product} {ergonomic}
    uintx GCDrainStackTargetSize                   = 64                                        {product} {ergonomic}
   size_t InitialHeapSize                          = 257949696                                 {product} {ergonomic}
   size_t MarkStackSize                            = 4194304                                   {product} {ergonomic}
   size_t MaxHeapSize                              = 2147483648                                {product} {command line}
   size_t MaxNewSize                               = 1287651328                                {product} {ergonomic}
   size_t MinHeapDeltaBytes                        = 1048576                                   {product} {ergonomic}
   size_t MinHeapSize                              = 8388608                                   {product} {ergonomic}
    uintx NonNMethodCodeHeapSize                   = 5839372                                {pd product} {ergonomic}
    uintx NonProfiledCodeHeapSize                  = 122909434                              {pd product} {ergonomic}
    uintx ProfiledCodeHeapSize                     = 122909434                              {pd product} {ergonomic}
    uintx ReservedCodeCacheSize                    = 251658240                              {pd product} {ergonomic}
     bool SegmentedCodeCache                       = true                                      {product} {ergonomic}
   size_t SoftMaxHeapSize                          = 2147483648                             {manageable} {ergonomic}
     bool UseCompressedOops                        = true                           {product lp64_product} {ergonomic}
     bool UseG1GC                                  = true                                      {product} {ergonomic}

Logging:
Log output configuration:
 #0: stdout all=warning uptime,level,tags foldmultilines=false
 #1: stderr all=off uptime,level,tags foldmultilines=false

Environment Variables:
JAVA_HOME=/home/notch/.sdkman/candidates/java/current
PATH=/home/notch/.gemini/antigravity/bin:/home/notch/.config/Antigravity/bin:/home/notch/.local/bin:/home/notch/.local/bin:/home/notch/.local/bin:/home/notch/.sdkman/candidates/java/current/bin:/home/notch/.local/bin:/home/notch/.nvm/versions/node/v26.7.0/bin:/home/notch/.local/bin:/home/notch/bin:/usr/local/bin:/usr/bin:/bin:/var/lib/snapd/snap/bin
SHELL=/bin/bash
DISPLAY=:0
LANG=en_US.UTF-8
TERM=dumb

Active Locale:
LC_ALL=en_US.UTF-8
LC_COLLATE=en_US.UTF-8
LC_CTYPE=en_US.UTF-8
LC_MESSAGES=en_US.UTF-8
LC_MONETARY=en_US.UTF-8
LC_NUMERIC=en_US.UTF-8
LC_TIME=en_US.UTF-8

Signal Handlers:
   SIGSEGV: crash_handler in libjvm.so, mask=11100100010111111101111111111110, flags=SA_RESTART|SA_SIGINFO, unblocked
    SIGBUS: crash_handler in libjvm.so, mask=11100100010111111101111111111110, flags=SA_RESTART|SA_SIGINFO, unblocked
    SIGFPE: crash_handler in libjvm.so, mask=11100100010111111101111111111110, flags=SA_RESTART|SA_SIGINFO, unblocked
   SIGPIPE: javaSignalHandler in libjvm.so, mask=11100100010111111101111111111110, flags=SA_RESTART|SA_SIGINFO, blocked
   SIGXFSZ: javaSignalHandler in libjvm.so, mask=11100100010111111101111111111110, flags=SA_RESTART|SA_SIGINFO, blocked
    SIGILL: crash_handler in libjvm.so, mask=11100100010111111101111111111110, flags=SA_RESTART|SA_SIGINFO, unblocked
   SIGUSR2: SR_handler in libjvm.so, mask=00000000000000000000000000000000, flags=SA_RESTART|SA_SIGINFO, blocked
    SIGHUP: SIG_IGN, mask=00000000000000000000000000000000, flags=none, blocked
    SIGINT: UserHandler in libjvm.so, mask=11100100010111111101111111111110, flags=SA_RESTART|SA_SIGINFO, blocked
   SIGTERM: UserHandler in libjvm.so, mask=11100100010111111101111111111110, flags=SA_RESTART|SA_SIGINFO, blocked
   SIGQUIT: UserHandler in libjvm.so, mask=11100100010111111101111111111110, flags=SA_RESTART|SA_SIGINFO, blocked
   SIGTRAP: crash_handler in libjvm.so, mask=11100100010111111101111111111110, flags=SA_RESTART|SA_SIGINFO, unblocked


Periodic native trim disabled

---------------  S Y S T E M  ---------------

OS:
Fedora release 44 (Forty Four)
uname: Linux 7.1.10-200.fc44.x86_64 #1 SMP PREEMPT_DYNAMIC Sun Aug 23 16:15:11 UTC 2026 x86_64
OS uptime: 0 days 0:02 hours
libc: glibc 2.43 NPTL 2.43 
rlimit (soft/hard): STACK 8192k/infinity , CORE infinity/infinity , NPROC 62097/62097 , NOFILE 1048576/1048576 , AS infinity/infinity , CPU infinity/infinity , DATA infinity/infinity , FSIZE infinity/infinity , MEMLOCK 8192k/8192k
load average: 3.34 1.04 0.37

/proc/meminfo:
MemTotal:       16065516 kB
MemFree:         2819928 kB
MemAvailable:    9781460 kB
Buffers:           10560 kB
Cached:          7265788 kB
SwapCached:            0 kB
Active:         10001180 kB
Inactive:        2145660 kB
Active(anon):    4980992 kB
Inactive(anon):        0 kB
Active(file):    5020188 kB
Inactive(file):  2145660 kB
Unevictable:        2204 kB
Mlocked:            2204 kB
SwapTotal:       8388604 kB
SwapFree:        8388604 kB
Zswap:                 0 kB
Zswapped:              0 kB
Dirty:             13828 kB
Writeback:             0 kB
AnonPages:       4873328 kB
Mapped:          2191148 kB
Shmem:            109048 kB
KReclaimable:     107832 kB
Slab:             343664 kB
SReclaimable:     107832 kB
SUnreclaim:       235832 kB
KernelStack:       22400 kB
PageTables:        68744 kB
SecPageTables:      1028 kB
NFS_Unstable:          0 kB
Bounce:                0 kB
WritebackTmp:          0 kB
CommitLimit:    16421360 kB
Committed_AS:   17193660 kB
VmallocTotal:   34359738367 kB
VmallocUsed:      177360 kB
VmallocChunk:          0 kB
Percpu:             9840 kB
HardwareCorrupted:     0 kB
AnonHugePages:         0 kB
ShmemHugePages:        0 kB
ShmemPmdMapped:        0 kB
FileHugePages:     12288 kB
FilePmdMapped:     12288 kB
CmaTotal:              0 kB
CmaFree:               0 kB
Unaccepted:            0 kB
Balloon:               0 kB
GPUActive:             0 kB
GPUReclaim:            0 kB
HugePages_Total:       0
HugePages_Free:        0
HugePages_Rsvd:        0
HugePages_Surp:        0
Hugepagesize:       2048 kB
Hugetlb:               0 kB
DirectMap4k:      717312 kB
DirectMap2M:     7374848 kB
DirectMap1G:     9437184 kB

/sys/kernel/mm/transparent_hugepage/enabled: always [madvise] never
/sys/kernel/mm/transparent_hugepage/hpage_pmd_size: 2097152
/sys/kernel/mm/transparent_hugepage/defrag (defrag/compaction efforts parameter): always defer defer+madvise [madvise] never

Process Memory:
Virtual Size: 9760768K (peak: 9760768K)
Resident Set Size: 416508K (peak: 418008K) (anon: 390924K, file: 25552K, shmem: 32K)
Swapped out: 0K
C-Heap outstanding allocations: 102058K, retained: 73765K
glibc malloc tunables: (default)

/proc/sys/kernel/threads-max (system-wide limit on the number of threads): 124194
/proc/sys/vm/max_map_count (maximum number of memory map areas a process may have): 1048576
/proc/sys/vm/swappiness (control to define how aggressively the kernel swaps out anonymous memory): 60
/proc/sys/kernel/pid_max (system-wide limit on number of process identifiers): 4194304

container information not found.
Steal ticks since vm start: 0
Steal ticks percentage since vm start:  0.000

CPU: total 12 (initial active 12) (6 cores per cpu, 2 threads per core) family 6 model 151 stepping 5 microcode 0x3e, cx8, cmov, fxsr, ht, mmx, 3dnowpref, sse, sse2, sse3, ssse3, sse4.1, sse4.2, popcnt, lzcnt, tsc, tscinvbit, avx, avx2, aes, erms, clmul, bmi1, bmi2, adx, sha, fma, vzeroupper, clflush, clflushopt, clwb, serialize, rdtscp, rdpid, fsrm, f16c, pku, ospke, cet_ibt, cet_ss
CPU Model and flags from /proc/cpuinfo:
model name	: 12th Gen Intel(R) Core(TM) i5-12400F
flags		: fpu vme de pse tsc msr pae mce cx8 apic sep mtrr pge mca cmov pat pse36 clflush dts acpi mmx fxsr sse sse2 ss ht tm pbe syscall nx pdpe1gb rdtscp lm constant_tsc art arch_perfmon pebs bts rep_good nopl xtopology nonstop_tsc cpuid aperfmperf tsc_known_freq pni pclmulqdq dtes64 monitor ds_cpl vmx est tm2 ssse3 sdbg fma cx16 xtpr pdcm pcid sse4_1 sse4_2 x2apic movbe popcnt tsc_deadline_timer aes xsave avx f16c rdrand lahf_lm abm 3dnowprefetch cpuid_fault epb ssbd ibrs ibpb stibp ibrs_enhanced tpr_shadow flexpriority ept vpid ept_ad fsgsbase tsc_adjust bmi1 avx2 smep bmi2 erms invpcid rdseed adx smap clflushopt clwb intel_pt sha_ni xsaveopt xsavec xgetbv1 xsaves split_lock_detect user_shstk avx_vnni dtherm ida arat pln pts hwp hwp_notify hwp_act_window hwp_epp hwp_pkg_req hfi vnmi umip pku ospke waitpkg gfni vaes vpclmulqdq rdpid movdiri movdir64b fsrm md_clear serialize arch_lbr ibt flush_l1d arch_capabilities

Online cpus: 0-11
Offline cpus: 
BIOS frequency limitation: <Not Available>
Frequency switch latency (ns): 0
Available cpu frequencies: <Not Available>
Current governor: powersave
Core performance/turbo boost: <Not Available>

Memory: 4k page, physical 16065516k(9781460k free), swap 8388604k(8388604k free)
Page Sizes: 4k

vm_info: OpenJDK 64-Bit Server VM (21.0.4+7-LTS) for linux-amd64 JRE (21.0.4+7-LTS), built on 2024-07-16T00:00:00Z by "admin" with gcc 11.3.0

END.
