#
# A fatal error has been detected by the Java Runtime Environment:
#
#  SIGSEGV (0xb) at pc=0x0000000000000000, pid=8547, tid=8553
#
# JRE version: OpenJDK Runtime Environment Temurin-21.0.4+7 (21.0.4+7) (build 21.0.4+7-LTS)
# Java VM: OpenJDK 64-Bit Server VM Temurin-21.0.4+7 (21.0.4+7-LTS, mixed mode, sharing, tiered, compressed oops, compressed class ptrs, g1 gc, linux-amd64)
# Problematic frame:
# V  [libjvm.so+0x7d5255]  G1ConcurrentMark::scan_root_region(MemRegion const*, unsigned int)+0xa5
#
# Core dump will be written. Default location: Core dumps may be processed with "/usr/lib/systemd/systemd-coredump %P %u %g %s %t %c %h %d %F" (or dumping to /home/notch/.gemini/antigravity/scratch/Wammy/core.8547)
#
# If you would like to submit a bug report, please visit:
#   https://github.com/adoptium/adoptium-support/issues
#

---------------  S U M M A R Y ------------

Command Line: --add-opens=java.base/java.lang=ALL-UNNAMED --add-opens=java.base/java.lang.invoke=ALL-UNNAMED --add-opens=java.base/java.util=ALL-UNNAMED --add-opens=java.prefs/java.util.prefs=ALL-UNNAMED --add-exports=jdk.compiler/com.sun.tools.javac.api=ALL-UNNAMED --add-exports=jdk.compiler/com.sun.tools.javac.util=ALL-UNNAMED --add-opens=java.base/java.util=ALL-UNNAMED --add-opens=java.prefs/java.util.prefs=ALL-UNNAMED --add-opens=java.base/java.nio.charset=ALL-UNNAMED --add-opens=java.base/java.net=ALL-UNNAMED --add-opens=java.base/java.util.concurrent=ALL-UNNAMED --add-opens=java.base/java.util.concurrent.atomic=ALL-UNNAMED --add-opens=java.xml/javax.xml.namespace=ALL-UNNAMED --add-opens=java.base/java.time=ALL-UNNAMED -Xmx2048m -Dfile.encoding=UTF-8 -Duser.country=US -Duser.language=en -Duser.variant -javaagent:/home/notch/.gradle/wrapper/dists/gradle-9.1.0-bin/9agqghryom9wkf8r80qlhnts3/gradle-9.1.0/lib/agents/gradle-instrumentation-agent-9.1.0.jar org.gradle.launcher.daemon.bootstrap.GradleDaemon 9.1.0

Host: 12th Gen Intel(R) Core(TM) i5-12400F, 12 cores, 15G, Fedora release 44 (Forty Four)
Time: Fri Aug 28 12:58:00 2026 IST elapsed time: 835.492193 seconds (0d 0h 13m 55s)

---------------  T H R E A D  ---------------

Current thread (0x00007f0cb4099ba0):  WorkerThread "G1 Conc#0"      [id=8553, stack(0x00007f0cb9c79000,0x00007f0cb9d79000) (1024K)]

Stack: [0x00007f0cb9c79000,0x00007f0cb9d79000],  sp=0x00007f0cb9d77cc0,  free space=1019k
Native frames: (J=compiled Java code, j=interpreted, Vv=VM code, C=native code)
V  [libjvm.so+0x7d5255]  G1ConcurrentMark::scan_root_region(MemRegion const*, unsigned int)+0xa5
V  [libjvm.so+0x7dc804]  G1CMRootRegionScanTask::work(unsigned int)+0x74
V  [libjvm.so+0x1037140]  WorkerThread::run()+0x80
V  [libjvm.so+0xf79b58]  Thread::call_run()+0xa8
V  [libjvm.so+0xd048ea]  thread_native_entry(Thread*)+0xda
C  [libc.so.6+0x72c19]  start_thread+0x399

siginfo: si_signo: 11 (SIGSEGV), si_code: 1 (SEGV_MAPERR), si_addr: 0x0000000000000000

Registers:
RAX=0xffffb01d0a1800c8, RBX=0x000000009ae00000, RCX=0x0000000000007f0a, RDX=0x00007f0c46626a08
RSP=0x00007f0cb9d77cb8, RBP=0x00007f0cb9d77d30, RSI=0x000000009adc7180, RDI=0x00007f0cb9d77cd0
R8 =0xffffb01d0a180000, R9 =0x0000000000000007, R10=0x00007f0c46165a70, R11=0x0000000010000000
R12=0x0000000000000240, R13=0x00007f0cbcb24b40, R14=0x00007f0cb9d77cd0, R15=0xffffb01da4f47248
RIP=0x0000000000000000, EFLAGS=0x0000000000010282, CSGSFS=0x002b000000000033, ERR=0x0000000000000014
  TRAPNO=0x000000000000000e


Register to memory mapping:

RAX=0xffffb01d0a1800c8 is an unknown value
RBX=0x000000009ae00000 is an oop: org.jetbrains.kotlin.fir.resolve.dfa.PersistentFlow 
{0x000000009ae00000} - klass: 'org/jetbrains/kotlin/fir/resolve/dfa/PersistentFlow'
 - ---- fields (total size 5 words):
 - private final 'level' 'I' @12  18 (0x00000012)
 - private final 'previousFlow' 'Lorg/jetbrains/kotlin/fir/resolve/dfa/PersistentFlow;' @16  a 'org/jetbrains/kotlin/fir/resolve/dfa/PersistentFlow'{0x000000009ab7ffa0} (0x9ab7ffa0)
 - private final 'approvedTypeStatements' 'Lkotlinx/collections/immutable/PersistentMap;' @20  a 'kotlinx/collections/immutable/implementations/immutableMap/PersistentHashMap'{0x00000000a7f2e428} (0xa7f2e428)
 - private final 'implications' 'Lkotlinx/collections/immutable/PersistentMap;' @24  a 'kotlinx/collections/immutable/implementations/immutableMap/PersistentHashMap'{0x00000000a7f2e428} (0xa7f2e428)
 - private final 'assignmentIndex' 'Lkotlinx/collections/immutable/PersistentMap;' @28  a 'kotlinx/collections/immutable/implementations/immutableMap/PersistentHashMap'{0x00000000a7f2e428} (0xa7f2e428)
 - private final 'directAliasMap' 'Lkotlinx/collections/immutable/PersistentMap;' @32  a 'kotlinx/collections/immutable/implementations/immutableMap/PersistentHashMap'{0x00000000a7f2e428} (0xa7f2e428)
 - private final 'backwardsAliasMap' 'Lkotlinx/collections/immutable/PersistentMap;' @36  a 'kotlinx/collections/immutable/implementations/immutableMap/PersistentHashMap'{0x00000000a7f2e428} (0xa7f2e428)
RCX=0x0000000000007f0a is an unknown value
RDX=0x00007f0c46626a08 is pointing into metadata
RSP=0x00007f0cb9d77cb8 points into unknown readable memory: 0x00007f0cbbdd5255 | 55 52 dd bb 0c 7f 00 00
RBP=0x00007f0cb9d77d30 points into unknown readable memory: 0x00007f0cb9d77d70 | 70 7d d7 b9 0c 7f 00 00
RSI=0x000000009adc7180 points into unknown readable memory: 0x0000000000001009 | 09 10 00 00 00 00 00 00
RDI=0x00007f0cb9d77cd0 points into unknown readable memory: 0x00007f0cbca1b2c8 | c8 b2 a1 bc 0c 7f 00 00
R8 =0xffffb01d0a180000 is an unknown value
R9 =0x0000000000000007 is an unknown value
R10=0x00007f0c46165a70 is a pointer to class: 
R11=0x0000000010000000 is an unknown value
R12=0x0000000000000240 is an unknown value
R13=0x00007f0cbcb24b40: <offset 0x0000000001524b40> in /home/notch/.sdkman/candidates/java/21.0.4-tem/lib/server/libjvm.so at 0x00007f0cbb600000
R14=0x00007f0cb9d77cd0 points into unknown readable memory: 0x00007f0cbca1b2c8 | c8 b2 a1 bc 0c 7f 00 00
R15=0xffffb01da4f47248 is an unknown value

Top of Stack: (sp=0x00007f0cb9d77cb8)
0x00007f0cb9d77cb8:   00007f0cbbdd5255 0000000096424d70
0x00007f0cb9d77cc8:   00007f0c43006c70 00007f0cbca1b2c8
0x00007f0cb9d77cd8:   0000000000000000 00007f0c00000003
0x00007f0cb9d77ce8:   00007f0cb40408a0 00007f0cb40880f0
0x00007f0cb9d77cf8:   00007f0c00000002 00007f0cb9d77d50
0x00007f0cb9d77d08:   00007f0cb4088168 0000000000000001
0x00007f0cb9d77d18:   00007f0cb40880f0 00007f0cb9e78b90
0x00007f0cb9d77d28:   0000000000000002 00007f0cb9d77d70
0x00007f0cb9d77d38:   00007f0cbbddc804 00007f0cb4099b58
0x00007f0cb9d77d48:   00007f0cb4099b48 00007f0cb9d77d8c
0x00007f0cb9d77d58:   00007f0cb4099ba0 0000000000000001
0x00007f0cb9d77d68:   0000000000000002 00007f0cb9d77dc0
0x00007f0cb9d77d78:   00007f0cbc637140 00007f0cb9d77dc0
0x00007f0cb9d77d88:   ffffffffbc302803 23636e6f43203147
0x00007f0cb9d77d98:   00007f0cb409a820 00007f0cb4099ba0
0x00007f0cb9d77da8:   00007f0cb9c79000 0000000000100000
0x00007f0cb9d77db8:   00007f0cbb4e7637 00007f0cb9d77e20
0x00007f0cb9d77dc8:   00007f0cbc579b58 00007f0cb4099ba0
0x00007f0cb9d77dd8:   00007f0cb409a8f0 0000000000000000
0x00007f0cb9d77de8:   00007f0cb4099ba0 00007f0cb9d77e20
0x00007f0cb9d77df8:   00007f0cbc2b7909 00007f0cb9d77e20
0x00007f0cb9d77e08:   00007f0cb409a8f0 00007f0cb4099ba0
0x00007f0cb9d77e18:   0000000000000016 00007f0cb9d77e50
0x00007f0cb9d77e28:   00007f0cbc3048ea 0000000000000000
0x00007f0cb9d77e38:   00007f0cb9d78ce4 0000000000000021
0x00007f0cb9d77e48:   00007f0cbb4e7530 00007f0cb9d77f70
0x00007f0cb9d77e58:   00007f0cbcc51c19 0000000000000000
0x00007f0cb9d77e68:   0000000000000000 0000000000000000
0x00007f0cb9d77e78:   00007f0cb9d786c0 ffffffffffffff40
0x00007f0cb9d77e88:   acc1521815306631 0000000000000021
0x00007f0cb9d77e98:   00007f0cbb4e7530 0000000000000016
0x00007f0cb9d77ea8:   00007f0cbb4e7637 acc1521817106631 

Instructions: (pc=0x00007f0cbbdd5255)
0x00007f0cbbdd5155:   48 89 fb 48 83 ec 08 48 8d 05 6d 0c d1 00 80 38
0x00007f0cbbdd5165:   00 75 10 8b 83 d4 06 00 00 48 8b 5d f8 c9 c3 0f
0x00007f0cbbdd5175:   1f 40 00 bf 4a 04 00 00 e8 3e f9 22 00 84 c0 74
0x00007f0cbbdd5185:   e2 48 8d 05 3f 2d d9 00 8b 93 d0 06 00 00 be 01
0x00007f0cbbdd5195:   00 00 00 8b bb d4 06 00 00 48 8b 5d f8 48 63 08
0x00007f0cbbdd51a5:   c9 e9 85 1c 86 00 90 0f 1f 40 00 55 48 89 f0 66
0x00007f0cbbdd51b5:   48 0f 6e cf 48 89 e5 41 57 41 56 41 55 41 54 53
0x00007f0cbbdd51c5:   48 8d 1d fc 60 c4 00 48 83 ec 48 f3 0f 7e 47 08
0x00007f0cbbdd51d5:   48 8b 36 89 55 c8 48 8b 40 08 48 8d 15 32 0a d1
0x00007f0cbbdd51e5:   00 48 89 5d a0 66 0f 6c c1 48 c7 45 a8 00 00 00
0x00007f0cbbdd51f5:   00 48 8d 1c c6 c7 45 b0 03 00 00 00 4c 8b 22 0f
0x00007f0cbbdd5205:   11 45 b8 48 39 f3 0f 86 0f 01 00 00 4c 8d 75 a0
0x00007f0cbbdd5215:   4c 8d 2d 24 f9 d4 00 eb 43 66 90 f6 c1 01 74 1a
0x00007f0cbbdd5225:   48 8b 02 48 8d 3d 81 e3 b0 ff 48 8b 80 00 01 00
0x00007f0cbbdd5235:   00 48 39 f8 0f 85 f1 00 00 00 c1 f9 03 48 63 c9
0x00007f0cbbdd5245:   4c 8d 3c ce 48 63 4a 0c 4c 89 f7 41 ff 54 cd 00
0x00007f0cbbdd5255:   4c 39 fb 0f 86 c2 00 00 00 4c 89 fe 42 0f 18 0c
0x00007f0cbbdd5265:   26 48 8d 05 a3 15 d1 00 0f b6 00 84 c0 74 64 48
0x00007f0cbbdd5275:   8d 3d 25 fd d0 00 8b 56 08 8b 4f 08 48 d3 e2 48
0x00007f0cbbdd5285:   03 17 8b 4a 08 85 c9 7f 92 74 50 3c 01 48 8d 05
0x00007f0cbbdd5295:   13 08 d1 00 4d 19 c0 8b 38 41 83 e0 04 89 c8 4e
0x00007f0cbbdd52a5:   63 44 06 0c c1 f8 10 44 8d 4f ff 0f b6 c0 f7 df
0x00007f0cbbdd52b5:   4d 63 c9 49 d3 e0 48 63 cf 4c 01 c8 4c 01 c0 48
0x00007f0cbbdd52c5:   21 c8 48 83 e0 f8 4c 8d 3c 06 e9 75 ff ff ff 0f
0x00007f0cbbdd52d5:   1f 40 00 48 8b 56 08 eb a9 66 90 48 8b 02 49 89
0x00007f0cbbdd52e5:   f7 48 8b 88 00 01 00 00 48 8d 05 bc e2 b0 ff 48
0x00007f0cbbdd52f5:   39 c1 0f 84 4c ff ff ff 48 89 75 90 48 89 d7 48
0x00007f0cbbdd5305:   89 55 98 ff d1 48 8b 75 90 48 8b 55 98 4c 8d 3c
0x00007f0cbbdd5315:   c6 e9 2e ff ff ff 0f 1f 44 00 00 48 83 c4 48 5b
0x00007f0cbbdd5325:   41 5c 41 5d 41 5e 41 5f 5d c3 90 48 89 75 90 48
0x00007f0cbbdd5335:   89 d7 48 89 55 98 ff d0 48 8b 75 90 48 8b 55 98
0x00007f0cbbdd5345:   4c 8d 3c c6 e9 fb fe ff ff 66 90 0f b6 87 80 00 


Stack slot to memory mapping:

stack at sp + 0 slots: 0x0000000096424d70 is an oop: java.lang.Class 
{0x0000000096424d70} - klass: 'java/lang/Class'
 - ---- fields (total size 14 words):
 - private volatile transient 'classRedefinedCount' 'I' @12  0 (0x00000000)
 - injected 'klass' 'J' @16  139690685869208 (0x00007f0c45b5ac98)
 - injected 'array_klass' 'J' @24  0 (0x0000000000000000)
 - injected 'oop_size' 'I' @32  14 (0x0000000e)
 - injected 'static_oop_field_count' 'I' @36  0 (0x00000000)
 - private volatile transient 'cachedConstructor' 'Ljava/lang/reflect/Constructor;' @40  null (0x00000000)
 - private transient 'name' 'Ljava/lang/String;' @44  null (0x00000000)
 - private transient 'module' 'Ljava/lang/Module;' @48  a 'java/lang/Module'{0x00000000805bc868} (0x805bc868)
 - private final 'classLoader' 'Ljava/lang/ClassLoader;' @52  null (0x00000000)
 - private transient 'classData' 'Ljava/lang/Object;' @56  null (0x00000000)
 - private transient 'packageName' 'Ljava/lang/String;' @60  null (0x00000000)
 - private final 'componentType' 'Ljava/lang/Class;' @64  a 'java/lang/Class'{0x00000000ffd680a0} = 'java/util/concurrent/CompletableFuture' (0xffd680a0)
 - private volatile transient 'reflectionData' 'Ljava/lang/ref/SoftReference;' @68  null (0x00000000)
 - private volatile transient 'genericInfo' 'Lsun/reflect/generics/repository/ClassRepository;' @72  null (0x00000000)
 - private volatile transient 'enumConstants' '[Ljava/lang/Object;' @76  null (0x00000000)
 - private volatile transient 'enumConstantDirectory' 'Ljava/util/Map;' @80  null (0x00000000)
 - private volatile transient 'annotationData' 'Ljava/lang/Class$AnnotationData;' @84  null (0x00000000)
 - private volatile transient 'annotationType' 'Lsun/reflect/annotation/AnnotationType;' @88  null (0x00000000)
 - transient 'classValueMap' 'Ljava/lang/ClassValue$ClassValueMap;' @92  null (0x00000000)
 - injected 'protection_domain' 'Ljava/lang/Object;' @96  null (0x00000000)
 - injected 'signers_name' 'Ljava/lang/Object;' @100  null (0x00000000)
 - injected 'source_file' 'Ljava/lang/Object;' @104  null (0x00000000)
 - signature: [Ljava/util/concurrent/CompletableFuture;
stack at sp + 1 slots: 0x00007f0c43006c70 is a pointer to class: 
java.lang.Class {0x00007f0c43006c70}
 - instance size:     14
 - klass size:        95
 - access:            public final synchronized 
 - flags:             rewritten has_nonstatic_fields has_nonstatic_concrete_methods is_shared_boot_class has_localvariable_table has_resolved_methods 
 - state:             fully_initialized
 - name:              'java/lang/Class'
 - super:             'java/lang/Object'
 - sub:               
 - arrays:            'java/lang/Class'[]
 - methods:           Array<T>(0x00007f0c4362f3b8)
 - method ordering:   Array<T>(0x00007f0c4362f950)
 - default_methods:   Array<T>(0x0000000000000000)
 - local interfaces:  Array<T>(0x00007f0c4362f918)
 - trans. interfaces: Array<T>(0x00007f0c4362bd98)
 - constants:         constant pool [1698]/operands[49] {0x00007f0c4362bdd8} for 'java/lang/Class' cache=0x00007f0c43471ee8
 - class loader data:  loader data: 0x00007f0cb41b0c10 of 'bootstrap'
 - source file:       'Class.java'
 - class annotations:       Array<T>(0x0000000000000000)
 - class type annotations:  Array<T>(0x0000000000000000)
 - field annotations:       Array<T>(0x0000000000000000)
 - field type annotations:  Array<T>(0x0000000000000000)
 - generic signature: '<T:Ljava/lang/Object;>Ljava/lang/Object;Ljava/io/Serializable;Ljava/lang/reflect/GenericDeclaration;Ljava/lang/reflect/Type;Ljava/lang/reflect/AnnotatedElement;Ljava/lang/invoke/TypeDescriptor$OfField<Ljava/lang/Class<*>;>;Ljava/lang/constant/Constable;'
 - inner classes:     Array<T>(0x00007f0c4362f330)
 - nest members:     Array<T>(0x00007f0c4362fcf8)
 - permitted subclasses:     Array<T>(0x00007f0c43624140)
 - java mirror:       a 'java/lang/Class'{0x00000000ffe7ff98} = 'java/lang/Class'
 - vtable length      5  (start addr: 0x00007f0c43006e38)
 - itable length      32 (start addr: 0x00007f0c43006e60)
 - ---- static fields (5 words):
 - private static final 'ANNOTATION' 'I' @136 
 - private static final 'ENUM' 'I' @140 
 - private static final 'SYNTHETIC' 'I' @144 
 - private static 'allPermDomain' 'Ljava/security/ProtectionDomain;' @112 
 - private static final 'EMPTY_CLASS_ARRAY' '[Ljava/lang/Class;' @116 
 - private static final 'serialVersionUID' 'J' @128 
 - private static final 'serialPersistentFields' '[Ljava/io/ObjectStreamField;' @120 
 - private static 'reflectionFactory' 'Ljdk/internal/reflect/ReflectionFactory;' @124 
 - ---- non-static fields (24 words):
 - private volatile transient 'classRedefinedCount' 'I' @12 
 - injected 'klass' 'J' @16 
 - injected 'array_klass' 'J' @24 
 - injected 'oop_size' 'I' @32 
 - injected 'static_oop_field_count' 'I' @36 
 - private volatile transient 'cachedConstructor' 'Ljava/lang/reflect/Constructor;' @40 
 - private transient 'name' 'Ljava/lang/String;' @44 
 - private transient 'module' 'Ljava/lang/Module;' @48 
 - private final 'classLoader' 'Ljava/lang/ClassLoader;' @52 
 - private transient 'classData' 'Ljava/lang/Object;' @56 
 - private transient 'packageName' 'Ljava/lang/String;' @60 
 - private final 'componentType' 'Ljava/lang/Class;' @64 
 - private volatile transient 'reflectionData' 'Ljava/lang/ref/SoftReference;' @68 
 - private volatile transient 'genericInfo' 'Lsun/reflect/generics/repository/ClassRepository;' @72 
 - private volatile transient 'enumConstants' '[Ljava/lang/Object;' @76 
 - private volatile transient 'enumConstantDirectory' 'Ljava/util/Map;' @80 
 - private volatile transient 'annotationData' 'Ljava/lang/Class$AnnotationData;' @84 
 - private volatile transient 'annotationType' 'Lsun/reflect/annotation/AnnotationType;' @88 
 - transient 'classValueMap' 'Ljava/lang/ClassValue$ClassValueMap;' @92 
 - injected 'protection_domain' 'Ljava/lang/Object;' @96 
 - injected 'signers_name' 'Ljava/lang/Object;' @100 
 - injected 'source_file' 'Ljava/lang/Object;' @104 
 - non-static oop maps: 40-104 
stack at sp + 2 slots: 0x00007f0cbca1b2c8: <offset 0x000000000141b2c8> in /home/notch/.sdkman/candidates/java/21.0.4-tem/lib/server/libjvm.so at 0x00007f0cbb600000
stack at sp + 3 slots: 0x0 is null
stack at sp + 4 slots: 0x00007f0c00000003 points into unknown readable memory: 00 0c 7f 00 00
stack at sp + 5 slots: 0x00007f0cb40408a0 points into unknown readable memory: 0x00007f0cbcad2e10 | 10 2e ad bc 0c 7f 00 00
stack at sp + 6 slots: 0x00007f0cb40880f0 points into unknown readable memory: 0x00007f0cb4098c00 | 00 8c 09 b4 0c 7f 00 00
stack at sp + 7 slots: 0x00007f0c00000002 points into unknown readable memory: 00 00 0c 7f 00 00


---------------  P R O C E S S  ---------------

Threads class SMR info:
_java_thread_list=0x00007f0bb0f751a0, length=246, elements={
0x00007f0cb402db00, 0x00007f0cb41de9d0, 0x00007f0cb41e0020, 0x00007f0cb41e1b00,
0x00007f0cb41e3140, 0x00007f0cb41e46e0, 0x00007f0cb41e6220, 0x00007f0cb41e78e0,
0x00007f0cb4209b90, 0x00007f0cb42a5250, 0x00007f0cb5422c60, 0x00007f0cb4abe0c0,
0x00007f0cb54eb5a0, 0x00007f0bd02481d0, 0x00007f0bd024e100, 0x00007f0bd028fc10,
0x00007f0bd0e49270, 0x00007f0bd0e4ca00, 0x00007f0bd0e89670, 0x00007f0bd0e8a1e0,
0x00007f0bd0e8b290, 0x00007f0bd0e8c320, 0x00007f0bd0e8d730, 0x00007f0bd0e8e9e0,
0x00007f0bd0e8fb70, 0x00007f0bd0e90e30, 0x00007f0bd0e91fc0, 0x00007f0bd0e93680,
0x00007f0bd0e94960, 0x00007f0bd0e95c40, 0x00007f0bd111cfe0, 0x00007f0bd28d2180,
0x00007f0b9c019070, 0x00007f0ba4011c70, 0x00007f0ba8009020, 0x00007f0bd3393ee0,
0x00007f0b408faee0, 0x00007f0b408df780, 0x00007f0b41547420, 0x00007f0b41711470,
0x00007f0b4171b2d0, 0x00007f0b41730f10, 0x00007f0b41733990, 0x00007f0ae8014d30,
0x00007f0bdc10bb80, 0x00007f0bc400ba70, 0x00007f0b5000ad60, 0x00007f0ba4025830,
0x00007f0bc800a480, 0x00007f0bac00c550, 0x00007f0ba4013b50, 0x00007f0bc400c180,
0x00007f0b50027b50, 0x00007f0b1c00eff0, 0x00007f0bc401c850, 0x00007f0bf0828950,
0x00007f0bc401c0f0, 0x00007f0b1ccd5ca0, 0x00007f0bc4006fc0, 0x00007f0bc40151f0,
0x00007f0b1c0ffe10, 0x00007f0b1c14c990, 0x00007f0b1c0a6d50, 0x00007f0b1cd3b190,
0x00007f0b1c613980, 0x00007f0b1cbd0eb0, 0x00007f0b1c4acec0, 0x00007f0b1cbd01f0,
0x00007f0b1c5c6660, 0x00007f0b1ca0a370, 0x00007f0b1c4efcf0, 0x00007f0b1cccdde0,
0x00007f0b1cbc5950, 0x00007f0b1cbcd430, 0x00007f0b1cbb3290, 0x00007f0b1c142580,
0x00007f0b1c0f8fc0, 0x00007f0b1c8197a0, 0x00007f0b1cbb7e60, 0x00007f0b1c1430b0,
0x00007f0b1cbb3dc0, 0x00007f0b1cef9ac0, 0x00007f0b1cc84db0, 0x00007f0b1cc942e0,
0x00007f0b1cd8f770, 0x00007f0b1cd90460, 0x00007f0b1ce60460, 0x00007f0b1ce75070,
0x00007f0b1c4adb70, 0x00007f0b1ce73390, 0x00007f0b1cd8e6d0, 0x00007f0b1c4ed150,
0x00007f0b1ccccc90, 0x00007f0b1cccd3a0, 0x00007f0b1cbc8930, 0x00007f0b1cea3a70,
0x00007f0b1c818420, 0x00007f0b1cbc9830, 0x00007f0b1cbca220, 0x00007f0b1cc86440,
0x00007f0b1cce6290, 0x00007f0b1ca08950, 0x00007f0b1cbb5010, 0x00007f0b1cc830a0,
0x00007f0b1cc83cd0, 0x00007f0b1c948920, 0x00007f0b1ce5b8a0, 0x00007f0b1cea4fe0,
0x00007f0b1cccb0e0, 0x00007f0b1cccc2a0, 0x00007f0b1ce768e0, 0x00007f0b1cbce050,
0x00007f0b1ce62410, 0x00007f0b1c5c7c20, 0x00007f0b1ce612c0, 0x00007f0b1c0946b0,
0x00007f0b700596b0, 0x00007f0b7000e2b0, 0x00007f0b700997e0, 0x00007f0b700ae9c0,
0x00007f0b700af0d0, 0x00007f0b700af7e0, 0x00007f0b700afef0, 0x00007f0b6c01c970,
0x00007f0b700b43b0, 0x00007f0b700b4ac0, 0x00007f0b700b51d0, 0x00007f0b700b58e0,
0x00007f0b6c009760, 0x00007f0b6c01e500, 0x00007f0b6c01a480, 0x00007f0b6c02b860,
0x00007f0b6c02c3b0, 0x00007f0b6c00b160, 0x00007f0b6c007e10, 0x00007f0b6c0210f0,
0x00007f0b6c021f10, 0x00007f0b6c0230e0, 0x00007f0b6c0242f0, 0x00007f0b940e39e0,
0x00007f0b94076850, 0x00007f0b94041b30, 0x00007f0b9407eb10, 0x00007f0b940bfe00,
0x00007f0b9404c670, 0x00007f0b94058870, 0x00007f0b9407f560, 0x00007f0b9406aa30,
0x00007f0b94069c60, 0x00007f0b940c27a0, 0x00007f0b940597b0, 0x00007f0b940a04b0,
0x00007f0b9407c1b0, 0x00007f0b94078870, 0x00007f0b9400d430, 0x00007f0b94056d00,
0x00007f0b940b2c50, 0x00007f0b940db7b0, 0x00007f0b940b2180, 0x00007f0b940cb8d0,
0x00007f0b940d5100, 0x00007f0b9400e6d0, 0x00007f0b940c1a00, 0x00007f0b940805d0,
0x00007f0b9404fb50, 0x00007f0b700b6800, 0x00007f0b700b6f10, 0x00007f0b700b9f60,
0x00007f0b700bb2a0, 0x00007f0b700bead0, 0x00007f0b700bf750, 0x00007f0b700c03e0,
0x00007f0b700e4540, 0x00007f0b700e6790, 0x00007f0b700e7900, 0x00007f0b700e8a10,
0x00007f0b700e9830, 0x00007f0b700ea640, 0x00007f0b700ec2a0, 0x00007f0b700ed4c0,
0x00007f0b700ee2e0, 0x00007f0b700ef410, 0x00007f0b700f0620, 0x00007f0b700f1860,
0x00007f0b700f26a0, 0x00007f0b700f34f0, 0x00007f0b700f46d0, 0x00007f0b700f5b10,
0x00007f0b700f6ea0, 0x00007f0b700f7bc0, 0x00007f0b700f8900, 0x00007f0b700f9a00,
0x00007f0b700fa880, 0x00007f0b700fb710, 0x00007f0b700fc7e0, 0x00007f0b700fd9f0,
0x00007f0b700fec00, 0x00007f0b700ffe10, 0x00007f0b70101020, 0x00007f0b70102240,
0x00007f0b7400bfc0, 0x00007f0b74010fb0, 0x00007f0b9403c720, 0x00007f0b940dc1a0,
0x00007f0b940dcf30, 0x00007f0b941574e0, 0x00007f0bcc008890, 0x00007f0b941739e0,
0x00007f0b941929d0, 0x00007f0b94193f40, 0x00007f0b94194d00, 0x00007f0b94195c10,
0x00007f0b941969e0, 0x00007f0b941977b0, 0x00007f0b94198590, 0x00007f0b941993c0,
0x00007f0b9419a1e0, 0x00007f0b9419b000, 0x00007f0b9419be20, 0x00007f0b941afaf0,
0x00007f0b941bd910, 0x00007f0b941b0980, 0x00007f0b941bc870, 0x00007f0b941bb070,
0x00007f0b941ba960, 0x00007f0b941bed50, 0x00007f0b941be630, 0x00007f0b941ad840,
0x00007f0b941a8650, 0x00007f0bac0151a0, 0x00007f0bc0016dc0, 0x00007f0bac013760,
0x00007f0bbc0563d0, 0x00007f0bc804e1d0, 0x00007f0bc401b5c0, 0x00007f0bac023dd0,
0x00007f0bd17bee50, 0x00007f0bcc15f440, 0x00007f0bd80449e0, 0x00007f0bd4000980,
0x00007f0be001a6a0, 0x00007f0bb0a36ce0, 0x00007f0bb0a37dd0, 0x00007f0bec0637f0,
0x00007f0bb14a6ac0, 0x00007f0bb0f76d00
}

Java Threads: ( => current thread )
  0x00007f0cb402db00 JavaThread "main"                              [_thread_blocked, id=8550, stack(0x00007f0cbb3e9000,0x00007f0cbb4e9000) (1024K)]
  0x00007f0cb41de9d0 JavaThread "Reference Handler"          daemon [_thread_blocked, id=8558, stack(0x00007f0cb8c4d000,0x00007f0cb8d4d000) (1024K)]
  0x00007f0cb41e0020 JavaThread "Finalizer"                  daemon [_thread_blocked, id=8559, stack(0x00007f0cb8b4d000,0x00007f0cb8c4d000) (1024K)]
  0x00007f0cb41e1b00 JavaThread "Signal Dispatcher"          daemon [_thread_blocked, id=8560, stack(0x00007f0cb8a4d000,0x00007f0cb8b4d000) (1024K)]
  0x00007f0cb41e3140 JavaThread "Service Thread"             daemon [_thread_blocked, id=8561, stack(0x00007f0cb894d000,0x00007f0cb8a4d000) (1024K)]
  0x00007f0cb41e46e0 JavaThread "Monitor Deflation Thread"   daemon [_thread_blocked, id=8562, stack(0x00007f0cb884d000,0x00007f0cb894d000) (1024K)]
  0x00007f0cb41e6220 JavaThread "C2 CompilerThread0"         daemon [_thread_in_native, id=8563, stack(0x00007f0cb874d000,0x00007f0cb884d000) (1024K)]
  0x00007f0cb41e78e0 JavaThread "C1 CompilerThread0"         daemon [_thread_in_native, id=8564, stack(0x00007f0cb864d000,0x00007f0cb874d000) (1024K)]
  0x00007f0cb4209b90 JavaThread "Common-Cleaner"             daemon [_thread_blocked, id=8565, stack(0x00007f0cb847d000,0x00007f0cb857d000) (1024K)]
  0x00007f0cb42a5250 JavaThread "Notification Thread"        daemon [_thread_blocked, id=8566, stack(0x00007f0cb8352000,0x00007f0cb8452000) (1024K)]
  0x00007f0cb5422c60 JavaThread "Daemon health stats"               [_thread_blocked, id=8573, stack(0x00007f0c98100000,0x00007f0c98200000) (1024K)]
  0x00007f0cb4abe0c0 JavaThread "Incoming local TCP Connector on port 46221"        [_thread_in_native, id=8574, stack(0x00007f0c98000000,0x00007f0c98100000) (1024K)]
  0x00007f0cb54eb5a0 JavaThread "Daemon periodic checks"            [_thread_blocked, id=8575, stack(0x00007f0c42f00000,0x00007f0c43000000) (1024K)]
  0x00007f0bd02481d0 JavaThread "Cache worker for journal cache (/home/notch/.gradle/caches/journal-1)"        [_thread_blocked, id=8583, stack(0x00007f0c42700000,0x00007f0c42800000) (1024K)]
  0x00007f0bd024e100 JavaThread "File lock request listener"        [_thread_in_native, id=8584, stack(0x00007f0c42600000,0x00007f0c42700000) (1024K)]
  0x00007f0bd028fc10 JavaThread "Cache worker for file hash cache (/home/notch/.gradle/caches/9.1.0/fileHashes)"        [_thread_blocked, id=8585, stack(0x00007f0c42500000,0x00007f0c42600000) (1024K)]
  0x00007f0bd0e49270 JavaThread "File watcher server"        daemon [_thread_in_native, id=8595, stack(0x00007f0c41af9000,0x00007f0c41bf9000) (1024K)]
  0x00007f0bd0e4ca00 JavaThread "File watcher consumer"      daemon [_thread_in_native_trans, id=8596, stack(0x00007f0c419f9000,0x00007f0c41af9000) (1024K)]
  0x00007f0bd0e89670 JavaThread "jar transforms"                    [_thread_blocked, id=8597, stack(0x00007f0c418f9000,0x00007f0c419f9000) (1024K)]
  0x00007f0bd0e8a1e0 JavaThread "jar transforms Thread 2"           [_thread_blocked, id=8598, stack(0x00007f0c417f9000,0x00007f0c418f9000) (1024K)]
  0x00007f0bd0e8b290 JavaThread "jar transforms Thread 3"           [_thread_blocked, id=8599, stack(0x00007f0c416f9000,0x00007f0c417f9000) (1024K)]
  0x00007f0bd0e8c320 JavaThread "jar transforms Thread 4"           [_thread_blocked, id=8600, stack(0x00007f0c415f9000,0x00007f0c416f9000) (1024K)]
  0x00007f0bd0e8d730 JavaThread "jar transforms Thread 5"           [_thread_blocked, id=8601, stack(0x00007f0c414f9000,0x00007f0c415f9000) (1024K)]
  0x00007f0bd0e8e9e0 JavaThread "jar transforms Thread 6"           [_thread_blocked, id=8602, stack(0x00007f0c413f9000,0x00007f0c414f9000) (1024K)]
  0x00007f0bd0e8fb70 JavaThread "jar transforms Thread 7"           [_thread_blocked, id=8603, stack(0x00007f0c412f9000,0x00007f0c413f9000) (1024K)]
  0x00007f0bd0e90e30 JavaThread "jar transforms Thread 8"           [_thread_blocked, id=8604, stack(0x00007f0c411f9000,0x00007f0c412f9000) (1024K)]
  0x00007f0bd0e91fc0 JavaThread "jar transforms Thread 9"           [_thread_blocked, id=8605, stack(0x00007f0c410f9000,0x00007f0c411f9000) (1024K)]
  0x00007f0bd0e93680 JavaThread "jar transforms Thread 10"          [_thread_blocked, id=8606, stack(0x00007f0c40ff9000,0x00007f0c410f9000) (1024K)]
  0x00007f0bd0e94960 JavaThread "jar transforms Thread 11"          [_thread_blocked, id=8607, stack(0x00007f0c40ef9000,0x00007f0c40ff9000) (1024K)]
  0x00007f0bd0e95c40 JavaThread "jar transforms Thread 12"          [_thread_blocked, id=8608, stack(0x00007f0c40df9000,0x00007f0c40ef9000) (1024K)]
  0x00007f0bd111cfe0 JavaThread "Cache worker for file content cache (/home/notch/.gradle/caches/9.1.0/fileContent)"        [_thread_blocked, id=8610, stack(0x00007f0c40bf9000,0x00007f0c40cf9000) (1024K)]
  0x00007f0bd28d2180 JavaThread "Memory manager"                    [_thread_blocked, id=8678, stack(0x00007f0cb8152000,0x00007f0cb8252000) (1024K)]
  0x00007f0b9c019070 JavaThread "ForkJoinPool.commonPool-worker-3" daemon [_thread_blocked, id=8729, stack(0x00007f0ac9100000,0x00007f0ac9200000) (1024K)]
  0x00007f0ba4011c70 JavaThread "ForkJoinPool.commonPool-worker-5" daemon [_thread_blocked, id=8731, stack(0x00007f0ac8f00000,0x00007f0ac9000000) (1024K)]
  0x00007f0ba8009020 JavaThread "ForkJoinPool.commonPool-worker-10" daemon [_thread_blocked, id=8736, stack(0x00007f0ac8a00000,0x00007f0ac8b00000) (1024K)]
  0x00007f0bd3393ee0 JavaThread "process reaper (pid 9377)"  daemon [_thread_in_native, id=8740, stack(0x00007f0cb8014000,0x00007f0cb8036000) (136K)]
  0x00007f0b408faee0 JavaThread "Periodic tasks thread"      daemon [_thread_blocked, id=9372, stack(0x00007f0abce00000,0x00007f0abcf00000) (1024K)]
  0x00007f0b408df780 JavaThread "ApplicationImpl pooled thread 1" daemon [_thread_blocked, id=9373, stack(0x00007f0ab4500000,0x00007f0ab4600000) (1024K)]
  0x00007f0b41547420 JavaThread "DirectBufferWrapper allocation thread" daemon [_thread_blocked, id=9374, stack(0x00007f0ab4400000,0x00007f0ab4500000) (1024K)]
  0x00007f0b41711470 JavaThread "RMI Scheduler(0)"           daemon [_thread_blocked, id=9401, stack(0x00007f0ab4200000,0x00007f0ab4300000) (1024K)]
  0x00007f0b4171b2d0 JavaThread "RMI GC Daemon"              daemon [_thread_blocked, id=9403, stack(0x00007f0ab4000000,0x00007f0ab4100000) (1024K)]
  0x00007f0b41730f10 JavaThread "RMI TCP Accept-0"           daemon [_thread_in_native, id=9414, stack(0x00007f0aaff00000,0x00007f0ab0000000) (1024K)]
  0x00007f0b41733990 JavaThread "RMI Reaper"                        [_thread_blocked, id=9415, stack(0x00007f0aafb00000,0x00007f0aafc00000) (1024K)]
  0x00007f0ae8014d30 JavaThread "ForkJoinPool.commonPool-worker-14" daemon [_thread_blocked, id=11170, stack(0x00007f0c21a00000,0x00007f0c21b00000) (1024K)]
  0x00007f0bdc10bb80 JavaThread "Daemon Thread 4"                   [_thread_blocked, id=12882, stack(0x00007f0ac8900000,0x00007f0ac8a00000) (1024K)]
  0x00007f0bc400ba70 JavaThread "Daemon worker Thread 4"            [_thread_blocked, id=12885, stack(0x00007f0c20600000,0x00007f0c20700000) (1024K)]
  0x00007f0b5000ad60 JavaThread "ForkJoinPool.commonPool-worker-15" daemon [_thread_blocked, id=12944, stack(0x00007f0c21600000,0x00007f0c21700000) (1024K)]
  0x00007f0ba4025830 JavaThread "ForkJoinPool.commonPool-worker-16" daemon [_thread_blocked, id=12945, stack(0x00007f0c21500000,0x00007f0c21600000) (1024K)]
  0x00007f0bc800a480 JavaThread "ForkJoinPool.commonPool-worker-18" daemon [_thread_blocked, id=12946, stack(0x00007f0c21400000,0x00007f0c21500000) (1024K)]
  0x00007f0bac00c550 JavaThread "ForkJoinPool.commonPool-worker-17" daemon [_thread_blocked, id=12947, stack(0x00007f0c21300000,0x00007f0c21400000) (1024K)]
  0x00007f0ba4013b50 JavaThread "ForkJoinPool.commonPool-worker-19" daemon [_thread_blocked, id=12948, stack(0x00007f0c21200000,0x00007f0c21300000) (1024K)]
  0x00007f0bc400c180 JavaThread "ForkJoinPool.commonPool-worker-20" daemon [_thread_blocked, id=12949, stack(0x00007f0c21100000,0x00007f0c21200000) (1024K)]
  0x00007f0b50027b50 JavaThread "ForkJoinPool.commonPool-worker-21" daemon [_thread_blocked, id=12950, stack(0x00007f0c21000000,0x00007f0c21100000) (1024K)]
  0x00007f0b1c00eff0 JavaThread "included builds"                   [_thread_blocked, id=12952, stack(0x00007f0c20e00000,0x00007f0c20f00000) (1024K)]
  0x00007f0bc401c850 JavaThread "process reaper"             daemon [_thread_blocked, id=13062, stack(0x00007f0cb904a000,0x00007f0cb906c000) (136K)]
  0x00007f0bf0828950 JavaThread "process reaper"             daemon [_thread_blocked, id=13085, stack(0x00007f0c400d7000,0x00007f0c400f9000) (136K)]
  0x00007f0bc401c0f0 JavaThread "VFS cleanup Thread 4"              [_thread_blocked, id=13086, stack(0x00007f0ac9200000,0x00007f0ac9300000) (1024K)]
  0x00007f0b1ccd5ca0 JavaThread "included builds"                   [_thread_blocked, id=13141, stack(0x00007f0c409f9000,0x00007f0c40af9000) (1024K)]
  0x00007f0bc4006fc0 JavaThread "Handler for socket connection from /127.0.0.1:46221 to /127.0.0.1:58110"        [_thread_in_native, id=13331, stack(0x00007f0aaa2e7000,0x00007f0aaa3e7000) (1024K)]
  0x00007f0bc40151f0 JavaThread "Cancel handler"                    [_thread_blocked, id=13332, stack(0x00007f0aaa1e7000,0x00007f0aaa2e7000) (1024K)]
  0x00007f0b1c0ffe10 JavaThread "Asynchronous log dispatcher for DefaultDaemonConnection: socket connection from /127.0.0.1:46221 to /127.0.0.1:58110"        [_thread_blocked, id=13333, stack(0x00007f0ac8c00000,0x00007f0ac8d00000) (1024K)]
  0x00007f0b1c14c990 JavaThread "Stdin handler"                     [_thread_blocked, id=13334, stack(0x00007f0c20500000,0x00007f0c20600000) (1024K)]
  0x00007f0b1c0a6d50 JavaThread "Daemon client event forwarder"        [_thread_blocked, id=13335, stack(0x00007f0ac9000000,0x00007f0ac9100000) (1024K)]
  0x00007f0b1cd3b190 JavaThread "Cache worker for file hash cache (/home/notch/.gemini/antigravity/scratch/Wammy/.gradle/9.1.0/fileHashes)"        [_thread_blocked, id=13338, stack(0x00007f0acaf00000,0x00007f0acb000000) (1024K)]
  0x00007f0b1c613980 JavaThread "Cache worker for Build Output Cleanup Cache (/home/notch/.gemini/antigravity/scratch/Wammy/.gradle/buildOutputCleanup)"        [_thread_blocked, id=13339, stack(0x00007f0c42a00000,0x00007f0c42b00000) (1024K)]
  0x00007f0b1cbd0eb0 JavaThread "Cache worker for checksums cache (/home/notch/.gemini/antigravity/scratch/Wammy/.gradle/9.1.0/checksums)"        [_thread_blocked, id=13340, stack(0x00007f0c41bf9000,0x00007f0c41cf9000) (1024K)]
  0x00007f0b1c4acec0 JavaThread "Cache worker for cache directory md-supplier (/home/notch/.gradle/caches/9.1.0/md-supplier)"        [_thread_blocked, id=13341, stack(0x00007f0ac9300000,0x00007f0ac9400000) (1024K)]
  0x00007f0b1cbd01f0 JavaThread "Cache worker for cache directory md-rule (/home/notch/.gradle/caches/9.1.0/md-rule)"        [_thread_blocked, id=13342, stack(0x00007f0abf400000,0x00007f0abf500000) (1024K)]
  0x00007f0b1c5c6660 JavaThread "Unconstrained build operations"        [_thread_blocked, id=13343, stack(0x00007f0acb100000,0x00007f0acb200000) (1024K)]
  0x00007f0b1ca0a370 JavaThread "Unconstrained build operations Thread 2"        [_thread_blocked, id=13344, stack(0x00007f0acb500000,0x00007f0acb600000) (1024K)]
  0x00007f0b1c4efcf0 JavaThread "Unconstrained build operations Thread 3"        [_thread_blocked, id=13345, stack(0x00007f0aca000000,0x00007f0aca100000) (1024K)]
  0x00007f0b1cccdde0 JavaThread "Unconstrained build operations Thread 4"        [_thread_blocked, id=13346, stack(0x00007f0abf600000,0x00007f0abf700000) (1024K)]
  0x00007f0b1cbc5950 JavaThread "Unconstrained build operations Thread 5"        [_thread_blocked, id=13347, stack(0x00007f0abed00000,0x00007f0abee00000) (1024K)]
  0x00007f0b1cbcd430 JavaThread "Unconstrained build operations Thread 6"        [_thread_blocked, id=13348, stack(0x00007f0c20800000,0x00007f0c20900000) (1024K)]
  0x00007f0b1cbb3290 JavaThread "Unconstrained build operations Thread 7"        [_thread_blocked, id=13349, stack(0x00007f0ac8500000,0x00007f0ac8600000) (1024K)]
  0x00007f0b1c142580 JavaThread "Unconstrained build operations Thread 8"        [_thread_blocked, id=13350, stack(0x00007f0abe400000,0x00007f0abe500000) (1024K)]
  0x00007f0b1c0f8fc0 JavaThread "Unconstrained build operations Thread 9"        [_thread_blocked, id=13351, stack(0x00007f0abd800000,0x00007f0abd900000) (1024K)]
  0x00007f0b1c8197a0 JavaThread "Unconstrained build operations Thread 10"        [_thread_blocked, id=13352, stack(0x00007f0aca900000,0x00007f0acaa00000) (1024K)]
  0x00007f0b1cbb7e60 JavaThread "Unconstrained build operations Thread 11"        [_thread_blocked, id=13353, stack(0x00007f0c400f9000,0x00007f0c401f9000) (1024K)]
  0x00007f0b1c1430b0 JavaThread "Unconstrained build operations Thread 12"        [_thread_blocked, id=13354, stack(0x00007f0abf500000,0x00007f0abf600000) (1024K)]
  0x00007f0b1cbb3dc0 JavaThread "Unconstrained build operations Thread 13"        [_thread_blocked, id=13355, stack(0x00007f0aca400000,0x00007f0aca500000) (1024K)]
  0x00007f0b1cef9ac0 JavaThread "Unconstrained build operations Thread 14"        [_thread_blocked, id=13356, stack(0x00007f0c406f9000,0x00007f0c407f9000) (1024K)]
  0x00007f0b1cc84db0 JavaThread "Unconstrained build operations Thread 15"        [_thread_blocked, id=13357, stack(0x00007f0ac9d00000,0x00007f0ac9e00000) (1024K)]
  0x00007f0b1cc942e0 JavaThread "Unconstrained build operations Thread 16"        [_thread_blocked, id=13358, stack(0x00007f0abf700000,0x00007f0abf800000) (1024K)]
  0x00007f0b1cd8f770 JavaThread "Unconstrained build operations Thread 17"        [_thread_blocked, id=13359, stack(0x00007f0c20400000,0x00007f0c20500000) (1024K)]
  0x00007f0b1cd90460 JavaThread "Unconstrained build operations Thread 18"        [_thread_blocked, id=13360, stack(0x00007f0abfc00000,0x00007f0abfd00000) (1024K)]
  0x00007f0b1ce60460 JavaThread "Unconstrained build operations Thread 19"        [_thread_blocked, id=13361, stack(0x00007f0abf200000,0x00007f0abf300000) (1024K)]
  0x00007f0b1ce75070 JavaThread "Unconstrained build operations Thread 20"        [_thread_blocked, id=13362, stack(0x00007f0acbc00000,0x00007f0acbd00000) (1024K)]
  0x00007f0b1c4adb70 JavaThread "Unconstrained build operations Thread 21"        [_thread_blocked, id=13363, stack(0x00007f0c20c00000,0x00007f0c20d00000) (1024K)]
  0x00007f0b1ce73390 JavaThread "Unconstrained build operations Thread 22"        [_thread_blocked, id=13364, stack(0x00007f0abea00000,0x00007f0abeb00000) (1024K)]
  0x00007f0b1cd8e6d0 JavaThread "Unconstrained build operations Thread 23"        [_thread_blocked, id=13365, stack(0x00007f0c40cf9000,0x00007f0c40df9000) (1024K)]
  0x00007f0b1c4ed150 JavaThread "Unconstrained build operations Thread 24"        [_thread_blocked, id=13366, stack(0x00007f0acb300000,0x00007f0acb400000) (1024K)]
  0x00007f0b1ccccc90 JavaThread "Unconstrained build operations Thread 25"        [_thread_blocked, id=13367, stack(0x00007f0abf900000,0x00007f0abfa00000) (1024K)]
  0x00007f0b1cccd3a0 JavaThread "Unconstrained build operations Thread 26"        [_thread_blocked, id=13368, stack(0x00007f0ac9700000,0x00007f0ac9800000) (1024K)]
  0x00007f0b1cbc8930 JavaThread "Unconstrained build operations Thread 27"        [_thread_blocked, id=13369, stack(0x00007f0ac8e00000,0x00007f0ac8f00000) (1024K)]
  0x00007f0b1cea3a70 JavaThread "Unconstrained build operations Thread 28"        [_thread_blocked, id=13370, stack(0x00007f0ac9b00000,0x00007f0ac9c00000) (1024K)]
  0x00007f0b1c818420 JavaThread "Unconstrained build operations Thread 29"        [_thread_blocked, id=13371, stack(0x00007f0cb8252000,0x00007f0cb8352000) (1024K)]
  0x00007f0b1cbc9830 JavaThread "Unconstrained build operations Thread 30"        [_thread_blocked, id=13372, stack(0x00007f0c42e00000,0x00007f0c42f00000) (1024K)]
  0x00007f0b1cbca220 JavaThread "Unconstrained build operations Thread 31"        [_thread_blocked, id=13373, stack(0x00007f0c42d00000,0x00007f0c42e00000) (1024K)]
  0x00007f0b1cc86440 JavaThread "Unconstrained build operations Thread 32"        [_thread_blocked, id=13374, stack(0x00007f0c42c00000,0x00007f0c42d00000) (1024K)]
  0x00007f0b1cce6290 JavaThread "Unconstrained build operations Thread 33"        [_thread_blocked, id=13375, stack(0x00007f0c42b00000,0x00007f0c42c00000) (1024K)]
  0x00007f0b1ca08950 JavaThread "Unconstrained build operations Thread 34"        [_thread_blocked, id=13376, stack(0x00007f0c42900000,0x00007f0c42a00000) (1024K)]
  0x00007f0b1cbb5010 JavaThread "Unconstrained build operations Thread 35"        [_thread_blocked, id=13377, stack(0x00007f0c42800000,0x00007f0c42900000) (1024K)]
  0x00007f0b1cc830a0 JavaThread "Unconstrained build operations Thread 36"        [_thread_blocked, id=13378, stack(0x00007f0c41cf9000,0x00007f0c41df9000) (1024K)]
  0x00007f0b1cc83cd0 JavaThread "Unconstrained build operations Thread 37"        [_thread_blocked, id=13379, stack(0x00007f0c40af9000,0x00007f0c40bf9000) (1024K)]
  0x00007f0b1c948920 JavaThread "Unconstrained build operations Thread 38"        [_thread_blocked, id=13380, stack(0x00007f0c408f9000,0x00007f0c409f9000) (1024K)]
  0x00007f0b1ce5b8a0 JavaThread "Unconstrained build operations Thread 39"        [_thread_blocked, id=13381, stack(0x00007f0c407f9000,0x00007f0c408f9000) (1024K)]
  0x00007f0b1cea4fe0 JavaThread "Unconstrained build operations Thread 40"        [_thread_blocked, id=13382, stack(0x00007f0c405f9000,0x00007f0c406f9000) (1024K)]
  0x00007f0b1cccb0e0 JavaThread "Unconstrained build operations Thread 41"        [_thread_blocked, id=13383, stack(0x00007f0c404f9000,0x00007f0c405f9000) (1024K)]
  0x00007f0b1cccc2a0 JavaThread "Unconstrained build operations Thread 42"        [_thread_blocked, id=13384, stack(0x00007f0c403f9000,0x00007f0c404f9000) (1024K)]
  0x00007f0b1ce768e0 JavaThread "Unconstrained build operations Thread 43"        [_thread_blocked, id=13385, stack(0x00007f0c402f9000,0x00007f0c403f9000) (1024K)]
  0x00007f0b1cbce050 JavaThread "Unconstrained build operations Thread 44"        [_thread_blocked, id=13386, stack(0x00007f0c401f9000,0x00007f0c402f9000) (1024K)]
  0x00007f0b1ce62410 JavaThread "build event listener"              [_thread_blocked, id=13387, stack(0x00007f0c2ff00000,0x00007f0c30000000) (1024K)]
  0x00007f0b1c5c7c20 JavaThread "build event listener"              [_thread_blocked, id=13388, stack(0x00007f0c21f00000,0x00007f0c22000000) (1024K)]
  0x00007f0b1ce612c0 JavaThread "Problems report writer"            [_thread_blocked, id=13389, stack(0x00007f0c21e00000,0x00007f0c21f00000) (1024K)]
  0x00007f0b1c0946b0 JavaThread "included builds"                   [_thread_blocked, id=13390, stack(0x00007f0c21d00000,0x00007f0c21e00000) (1024K)]
  0x00007f0b700596b0 JavaThread "Execution worker"                  [_thread_blocked, id=13391, stack(0x00007f0c21b00000,0x00007f0c21c00000) (1024K)]
  0x00007f0b7000e2b0 JavaThread "Execution worker Thread 2"         [_thread_blocked, id=13392, stack(0x00007f0c21900000,0x00007f0c21a00000) (1024K)]
  0x00007f0b700997e0 JavaThread "Execution worker Thread 3"         [_thread_blocked, id=13393, stack(0x00007f0c21800000,0x00007f0c21900000) (1024K)]
  0x00007f0b700ae9c0 JavaThread "Execution worker Thread 4"         [_thread_blocked, id=13394, stack(0x00007f0c21700000,0x00007f0c21800000) (1024K)]
  0x00007f0b700af0d0 JavaThread "Execution worker Thread 5"         [_thread_blocked, id=13395, stack(0x00007f0c20f00000,0x00007f0c21000000) (1024K)]
  0x00007f0b700af7e0 JavaThread "Execution worker Thread 6"         [_thread_blocked, id=13396, stack(0x00007f0c20d00000,0x00007f0c20e00000) (1024K)]
  0x00007f0b700afef0 JavaThread "Execution worker Thread 7"         [_thread_blocked, id=13397, stack(0x00007f0c20b00000,0x00007f0c20c00000) (1024K)]
  0x00007f0b6c01c970 JavaThread "Cache worker for execution history cache (/home/notch/.gemini/antigravity/scratch/Wammy/.gradle/9.1.0/executionHistory)"        [_thread_blocked, id=13398, stack(0x00007f0c20a00000,0x00007f0c20b00000) (1024K)]
  0x00007f0b700b43b0 JavaThread "Execution worker Thread 8"         [_thread_blocked, id=13399, stack(0x00007f0c20900000,0x00007f0c20a00000) (1024K)]
  0x00007f0b700b4ac0 JavaThread "Execution worker Thread 9"         [_thread_blocked, id=13400, stack(0x00007f0c20700000,0x00007f0c20800000) (1024K)]
  0x00007f0b700b51d0 JavaThread "Execution worker Thread 10"        [_thread_blocked, id=13401, stack(0x00007f0c20300000,0x00007f0c20400000) (1024K)]
  0x00007f0b700b58e0 JavaThread "Execution worker Thread 11"        [_thread_blocked, id=13402, stack(0x00007f0c20200000,0x00007f0c20300000) (1024K)]
  0x00007f0b6c009760 JavaThread "Unconstrained build operations Thread 45"        [_thread_blocked, id=13403, stack(0x00007f0c20100000,0x00007f0c20200000) (1024K)]
  0x00007f0b6c01e500 JavaThread "Unconstrained build operations Thread 46"        [_thread_blocked, id=13404, stack(0x00007f0c20000000,0x00007f0c20100000) (1024K)]
  0x00007f0b6c01a480 JavaThread "Unconstrained build operations Thread 47"        [_thread_blocked, id=13405, stack(0x00007f0acbf00000,0x00007f0acc000000) (1024K)]
  0x00007f0b6c02b860 JavaThread "Unconstrained build operations Thread 48"        [_thread_blocked, id=13406, stack(0x00007f0acbe00000,0x00007f0acbf00000) (1024K)]
  0x00007f0b6c02c3b0 JavaThread "Unconstrained build operations Thread 49"        [_thread_blocked, id=13407, stack(0x00007f0acbd00000,0x00007f0acbe00000) (1024K)]
  0x00007f0b6c00b160 JavaThread "Unconstrained build operations Thread 50"        [_thread_blocked, id=13408, stack(0x00007f0acbb00000,0x00007f0acbc00000) (1024K)]
  0x00007f0b6c007e10 JavaThread "Unconstrained build operations Thread 51"        [_thread_blocked, id=13409, stack(0x00007f0acba00000,0x00007f0acbb00000) (1024K)]
  0x00007f0b6c0210f0 JavaThread "Unconstrained build operations Thread 52"        [_thread_blocked, id=13410, stack(0x00007f0acb900000,0x00007f0acba00000) (1024K)]
  0x00007f0b6c021f10 JavaThread "Unconstrained build operations Thread 53"        [_thread_blocked, id=13411, stack(0x00007f0acb800000,0x00007f0acb900000) (1024K)]
  0x00007f0b6c0230e0 JavaThread "Unconstrained build operations Thread 54"        [_thread_blocked, id=13412, stack(0x00007f0acb700000,0x00007f0acb800000) (1024K)]
  0x00007f0b6c0242f0 JavaThread "Unconstrained build operations Thread 55"        [_thread_blocked, id=13413, stack(0x00007f0acb600000,0x00007f0acb700000) (1024K)]
  0x00007f0b940e39e0 JavaThread "Unconstrained build operations Thread 56"        [_thread_blocked, id=13414, stack(0x00007f0acb400000,0x00007f0acb500000) (1024K)]
  0x00007f0b94076850 JavaThread "Unconstrained build operations Thread 57"        [_thread_blocked, id=13415, stack(0x00007f0acb000000,0x00007f0acb100000) (1024K)]
  0x00007f0b94041b30 JavaThread "Unconstrained build operations Thread 58"        [_thread_blocked, id=13416, stack(0x00007f0acae00000,0x00007f0acaf00000) (1024K)]
  0x00007f0b9407eb10 JavaThread "Unconstrained build operations Thread 59"        [_thread_blocked, id=13417, stack(0x00007f0acad00000,0x00007f0acae00000) (1024K)]
  0x00007f0b940bfe00 JavaThread "Unconstrained build operations Thread 60"        [_thread_blocked, id=13418, stack(0x00007f0acac00000,0x00007f0acad00000) (1024K)]
  0x00007f0b9404c670 JavaThread "Unconstrained build operations Thread 61"        [_thread_blocked, id=13419, stack(0x00007f0acab00000,0x00007f0acac00000) (1024K)]
  0x00007f0b94058870 JavaThread "Unconstrained build operations Thread 62"        [_thread_blocked, id=13420, stack(0x00007f0acaa00000,0x00007f0acab00000) (1024K)]
  0x00007f0b9407f560 JavaThread "Unconstrained build operations Thread 63"        [_thread_blocked, id=13421, stack(0x00007f0aca800000,0x00007f0aca900000) (1024K)]
  0x00007f0b9406aa30 JavaThread "Unconstrained build operations Thread 64"        [_thread_blocked, id=13422, stack(0x00007f0aca700000,0x00007f0aca800000) (1024K)]
  0x00007f0b94069c60 JavaThread "Unconstrained build operations Thread 65"        [_thread_blocked, id=13423, stack(0x00007f0aca600000,0x00007f0aca700000) (1024K)]
  0x00007f0b940c27a0 JavaThread "Unconstrained build operations Thread 66"        [_thread_blocked, id=13424, stack(0x00007f0aca500000,0x00007f0aca600000) (1024K)]
  0x00007f0b940597b0 JavaThread "Unconstrained build operations Thread 67"        [_thread_blocked, id=13425, stack(0x00007f0aca300000,0x00007f0aca400000) (1024K)]
  0x00007f0b940a04b0 JavaThread "Unconstrained build operations Thread 68"        [_thread_blocked, id=13426, stack(0x00007f0aca200000,0x00007f0aca300000) (1024K)]
  0x00007f0b9407c1b0 JavaThread "Unconstrained build operations Thread 69"        [_thread_blocked, id=13427, stack(0x00007f0aca100000,0x00007f0aca200000) (1024K)]
  0x00007f0b94078870 JavaThread "Unconstrained build operations Thread 70"        [_thread_blocked, id=13428, stack(0x00007f0ac9f00000,0x00007f0aca000000) (1024K)]
  0x00007f0b9400d430 JavaThread "Unconstrained build operations Thread 71"        [_thread_blocked, id=13429, stack(0x00007f0ac9e00000,0x00007f0ac9f00000) (1024K)]
  0x00007f0b94056d00 JavaThread "Unconstrained build operations Thread 72"        [_thread_blocked, id=13430, stack(0x00007f0ac9c00000,0x00007f0ac9d00000) (1024K)]
  0x00007f0b940b2c50 JavaThread "Unconstrained build operations Thread 73"        [_thread_blocked, id=13431, stack(0x00007f0ac9a00000,0x00007f0ac9b00000) (1024K)]
  0x00007f0b940db7b0 JavaThread "Unconstrained build operations Thread 74"        [_thread_blocked, id=13432, stack(0x00007f0ac9900000,0x00007f0ac9a00000) (1024K)]
  0x00007f0b940b2180 JavaThread "Unconstrained build operations Thread 75"        [_thread_blocked, id=13433, stack(0x00007f0ac9800000,0x00007f0ac9900000) (1024K)]
  0x00007f0b940cb8d0 JavaThread "Unconstrained build operations Thread 76"        [_thread_blocked, id=13434, stack(0x00007f0ac9600000,0x00007f0ac9700000) (1024K)]
  0x00007f0b940d5100 JavaThread "Unconstrained build operations Thread 77"        [_thread_blocked, id=13435, stack(0x00007f0ac9500000,0x00007f0ac9600000) (1024K)]
  0x00007f0b9400e6d0 JavaThread "Unconstrained build operations Thread 78"        [_thread_blocked, id=13436, stack(0x00007f0ac9400000,0x00007f0ac9500000) (1024K)]
  0x00007f0b940c1a00 JavaThread "Unconstrained build operations Thread 79"        [_thread_blocked, id=13437, stack(0x00007f0ac8d00000,0x00007f0ac8e00000) (1024K)]
  0x00007f0b940805d0 JavaThread "Unconstrained build operations Thread 80"        [_thread_blocked, id=13438, stack(0x00007f0ac8b00000,0x00007f0ac8c00000) (1024K)]
  0x00007f0b9404fb50 JavaThread "WorkerExecutor Queue"              [_thread_blocked, id=13439, stack(0x00007f0ac8800000,0x00007f0ac8900000) (1024K)]
  0x00007f0b700b6800 JavaThread "Unconstrained build operations Thread 81"        [_thread_blocked, id=13440, stack(0x00007f0ac8700000,0x00007f0ac8800000) (1024K)]
  0x00007f0b700b6f10 JavaThread "Unconstrained build operations Thread 82"        [_thread_blocked, id=13441, stack(0x00007f0ac8600000,0x00007f0ac8700000) (1024K)]
  0x00007f0b700b9f60 JavaThread "Unconstrained build operations Thread 83"        [_thread_blocked, id=13442, stack(0x00007f0ac8400000,0x00007f0ac8500000) (1024K)]
  0x00007f0b700bb2a0 JavaThread "Unconstrained build operations Thread 84"        [_thread_blocked, id=13443, stack(0x00007f0ac8300000,0x00007f0ac8400000) (1024K)]
  0x00007f0b700bead0 JavaThread "Unconstrained build operations Thread 85"        [_thread_blocked, id=13444, stack(0x00007f0ac8200000,0x00007f0ac8300000) (1024K)]
  0x00007f0b700bf750 JavaThread "Unconstrained build operations Thread 86"        [_thread_blocked, id=13445, stack(0x00007f0ac8100000,0x00007f0ac8200000) (1024K)]
  0x00007f0b700c03e0 JavaThread "Unconstrained build operations Thread 87"        [_thread_blocked, id=13446, stack(0x00007f0ac8000000,0x00007f0ac8100000) (1024K)]
  0x00007f0b700e4540 JavaThread "Unconstrained build operations Thread 88"        [_thread_blocked, id=13447, stack(0x00007f0abff00000,0x00007f0ac0000000) (1024K)]
  0x00007f0b700e6790 JavaThread "Unconstrained build operations Thread 89"        [_thread_blocked, id=13448, stack(0x00007f0abfe00000,0x00007f0abff00000) (1024K)]
  0x00007f0b700e7900 JavaThread "Unconstrained build operations Thread 90"        [_thread_blocked, id=13449, stack(0x00007f0abfd00000,0x00007f0abfe00000) (1024K)]
  0x00007f0b700e8a10 JavaThread "Unconstrained build operations Thread 91"        [_thread_blocked, id=13450, stack(0x00007f0abfb00000,0x00007f0abfc00000) (1024K)]
  0x00007f0b700e9830 JavaThread "Unconstrained build operations Thread 92"        [_thread_blocked, id=13451, stack(0x00007f0abfa00000,0x00007f0abfb00000) (1024K)]
  0x00007f0b700ea640 JavaThread "Unconstrained build operations Thread 93"        [_thread_blocked, id=13452, stack(0x00007f0abf800000,0x00007f0abf900000) (1024K)]
  0x00007f0b700ec2a0 JavaThread "Unconstrained build operations Thread 94"        [_thread_blocked, id=13453, stack(0x00007f0abf300000,0x00007f0abf400000) (1024K)]
  0x00007f0b700ed4c0 JavaThread "Unconstrained build operations Thread 95"        [_thread_blocked, id=13454, stack(0x00007f0abf100000,0x00007f0abf200000) (1024K)]
  0x00007f0b700ee2e0 JavaThread "Unconstrained build operations Thread 96"        [_thread_blocked, id=13455, stack(0x00007f0abf000000,0x00007f0abf100000) (1024K)]
  0x00007f0b700ef410 JavaThread "Unconstrained build operations Thread 97"        [_thread_blocked, id=13456, stack(0x00007f0abef00000,0x00007f0abf000000) (1024K)]
  0x00007f0b700f0620 JavaThread "Unconstrained build operations Thread 98"        [_thread_blocked, id=13457, stack(0x00007f0abee00000,0x00007f0abef00000) (1024K)]
  0x00007f0b700f1860 JavaThread "Unconstrained build operations Thread 99"        [_thread_blocked, id=13458, stack(0x00007f0abec00000,0x00007f0abed00000) (1024K)]
  0x00007f0b700f26a0 JavaThread "Unconstrained build operations Thread 100"        [_thread_blocked, id=13459, stack(0x00007f0abeb00000,0x00007f0abec00000) (1024K)]
  0x00007f0b700f34f0 JavaThread "Unconstrained build operations Thread 101"        [_thread_blocked, id=13460, stack(0x00007f0abe900000,0x00007f0abea00000) (1024K)]
  0x00007f0b700f46d0 JavaThread "Unconstrained build operations Thread 102"        [_thread_blocked, id=13461, stack(0x00007f0abe800000,0x00007f0abe900000) (1024K)]
  0x00007f0b700f5b10 JavaThread "Unconstrained build operations Thread 103"        [_thread_blocked, id=13462, stack(0x00007f0abe700000,0x00007f0abe800000) (1024K)]
  0x00007f0b700f6ea0 JavaThread "Unconstrained build operations Thread 104"        [_thread_blocked, id=13463, stack(0x00007f0abe600000,0x00007f0abe700000) (1024K)]
  0x00007f0b700f7bc0 JavaThread "Unconstrained build operations Thread 105"        [_thread_blocked, id=13464, stack(0x00007f0abe500000,0x00007f0abe600000) (1024K)]
  0x00007f0b700f8900 JavaThread "Unconstrained build operations Thread 106"        [_thread_blocked, id=13465, stack(0x00007f0abe300000,0x00007f0abe400000) (1024K)]
  0x00007f0b700f9a00 JavaThread "Unconstrained build operations Thread 107"        [_thread_blocked, id=13466, stack(0x00007f0abe200000,0x00007f0abe300000) (1024K)]
  0x00007f0b700fa880 JavaThread "Unconstrained build operations Thread 108"        [_thread_blocked, id=13467, stack(0x00007f0abe100000,0x00007f0abe200000) (1024K)]
  0x00007f0b700fb710 JavaThread "Unconstrained build operations Thread 109"        [_thread_blocked, id=13468, stack(0x00007f0abe000000,0x00007f0abe100000) (1024K)]
  0x00007f0b700fc7e0 JavaThread "Unconstrained build operations Thread 110"        [_thread_blocked, id=13469, stack(0x00007f0abdf00000,0x00007f0abe000000) (1024K)]
  0x00007f0b700fd9f0 JavaThread "Unconstrained build operations Thread 111"        [_thread_blocked, id=13470, stack(0x00007f0abde00000,0x00007f0abdf00000) (1024K)]
  0x00007f0b700fec00 JavaThread "Unconstrained build operations Thread 112"        [_thread_blocked, id=13471, stack(0x00007f0abdd00000,0x00007f0abde00000) (1024K)]
  0x00007f0b700ffe10 JavaThread "Unconstrained build operations Thread 113"        [_thread_blocked, id=13472, stack(0x00007f0abdc00000,0x00007f0abdd00000) (1024K)]
  0x00007f0b70101020 JavaThread "Unconstrained build operations Thread 114"        [_thread_blocked, id=13473, stack(0x00007f0abdb00000,0x00007f0abdc00000) (1024K)]
  0x00007f0b70102240 JavaThread "Unconstrained build operations Thread 115"        [_thread_blocked, id=13474, stack(0x00007f0abda00000,0x00007f0abdb00000) (1024K)]
  0x00007f0b7400bfc0 JavaThread "Unconstrained build operations Thread 116"        [_thread_blocked, id=13475, stack(0x00007f0abd900000,0x00007f0abda00000) (1024K)]
  0x00007f0b74010fb0 JavaThread "Unconstrained build operations Thread 117"        [_thread_blocked, id=13476, stack(0x00007f0abd700000,0x00007f0abd800000) (1024K)]
  0x00007f0b9403c720 JavaThread "Unconstrained build operations Thread 118"        [_thread_blocked, id=13485, stack(0x00007f0abd300000,0x00007f0abd400000) (1024K)]
  0x00007f0b940dc1a0 JavaThread "Unconstrained build operations Thread 119"        [_thread_blocked, id=13486, stack(0x00007f0abd200000,0x00007f0abd300000) (1024K)]
  0x00007f0b940dcf30 JavaThread "Unconstrained build operations Thread 120"        [_thread_blocked, id=13487, stack(0x00007f0abd100000,0x00007f0abd200000) (1024K)]
  0x00007f0b941574e0 JavaThread "WorkerExecutor Queue Thread 2"        [_thread_blocked, id=13488, stack(0x00007f0abd000000,0x00007f0abd100000) (1024K)]
  0x00007f0bcc008890 JavaThread "RMI TCP Connection(6)-127.0.0.1" daemon [_thread_in_native, id=13493, stack(0x00007f0ab4300000,0x00007f0ab4400000) (1024K)]
  0x00007f0b941739e0 JavaThread "Cache worker for Java compile cache (/home/notch/.gradle/caches/9.1.0/javaCompile)"        [_thread_blocked, id=13499, stack(0x00007f0c21c00000,0x00007f0c21d00000) (1024K)]
  0x00007f0b941929d0 JavaThread "Build operations"                  [_thread_blocked, id=13500, stack(0x00007f0acb200000,0x00007f0acb300000) (1024K)]
  0x00007f0b94193f40 JavaThread "Build operations Thread 2"         [_thread_blocked, id=13501, stack(0x00007f0ab4100000,0x00007f0ab4200000) (1024K)]
  0x00007f0b94194d00 JavaThread "Build operations Thread 3"         [_thread_blocked, id=13502, stack(0x00007f0aafe00000,0x00007f0aaff00000) (1024K)]
  0x00007f0b94195c10 JavaThread "Build operations Thread 4"         [_thread_blocked, id=13503, stack(0x00007f0aafd00000,0x00007f0aafe00000) (1024K)]
  0x00007f0b941969e0 JavaThread "Build operations Thread 5"         [_thread_blocked, id=13504, stack(0x00007f0aafc00000,0x00007f0aafd00000) (1024K)]
  0x00007f0b941977b0 JavaThread "Build operations Thread 6"         [_thread_blocked, id=13505, stack(0x00007f0aafa00000,0x00007f0aafb00000) (1024K)]
  0x00007f0b94198590 JavaThread "Build operations Thread 7"         [_thread_blocked, id=13506, stack(0x00007f0aaf900000,0x00007f0aafa00000) (1024K)]
  0x00007f0b941993c0 JavaThread "Build operations Thread 8"         [_thread_blocked, id=13507, stack(0x00007f0aaf800000,0x00007f0aaf900000) (1024K)]
  0x00007f0b9419a1e0 JavaThread "Build operations Thread 9"         [_thread_blocked, id=13508, stack(0x00007f0aaf700000,0x00007f0aaf800000) (1024K)]
  0x00007f0b9419b000 JavaThread "Build operations Thread 10"        [_thread_blocked, id=13509, stack(0x00007f0aaf600000,0x00007f0aaf700000) (1024K)]
  0x00007f0b9419be20 JavaThread "Build operations Thread 11"        [_thread_blocked, id=13510, stack(0x00007f0aaf500000,0x00007f0aaf600000) (1024K)]
  0x00007f0b941afaf0 JavaThread "WorkerExecutor Queue Thread 3"        [_thread_blocked, id=13511, stack(0x00007f0aaf400000,0x00007f0aaf500000) (1024K)]
  0x00007f0b941bd910 JavaThread "WorkerExecutor Queue Thread 4"        [_thread_blocked, id=13512, stack(0x00007f0aab93b000,0x00007f0aaba3b000) (1024K)]
  0x00007f0b941b0980 JavaThread "WorkerExecutor Queue Thread 5"        [_thread_blocked, id=13513, stack(0x00007f0aab83b000,0x00007f0aab93b000) (1024K)]
  0x00007f0b941bc870 JavaThread "WorkerExecutor Queue Thread 6"        [_thread_blocked, id=13514, stack(0x00007f0aab73b000,0x00007f0aab83b000) (1024K)]
  0x00007f0b941bb070 JavaThread "WorkerExecutor Queue Thread 7"        [_thread_blocked, id=13515, stack(0x00007f0aab63b000,0x00007f0aab73b000) (1024K)]
  0x00007f0b941ba960 JavaThread "WorkerExecutor Queue Thread 8"        [_thread_blocked, id=13516, stack(0x00007f0aab53b000,0x00007f0aab63b000) (1024K)]
  0x00007f0b941bed50 JavaThread "WorkerExecutor Queue Thread 9"        [_thread_blocked, id=13517, stack(0x00007f0aab43b000,0x00007f0aab53b000) (1024K)]
  0x00007f0b941be630 JavaThread "WorkerExecutor Queue Thread 10"        [_thread_in_Java, id=13518, stack(0x00007f0aab33b000,0x00007f0aab43b000) (1024K)]
  0x00007f0b941ad840 JavaThread "WorkerExecutor Queue Thread 11"        [_thread_blocked, id=13519, stack(0x00007f0aaa0e7000,0x00007f0aaa1e7000) (1024K)]
  0x00007f0b941a8650 JavaThread "WorkerExecutor Queue Thread 12"        [_thread_blocked, id=13520, stack(0x00007f0aa5f00000,0x00007f0aa6000000) (1024K)]
  0x00007f0bac0151a0 JavaThread "ForkJoinPool-2-worker-1"    daemon [_thread_blocked, id=13522, stack(0x00007f0abcf00000,0x00007f0abd000000) (1024K)]
  0x00007f0bc0016dc0 JavaThread "ForkJoinPool-2-worker-2"    daemon [_thread_blocked, id=13523, stack(0x00007f0abd600000,0x00007f0abd700000) (1024K)]
  0x00007f0bac013760 JavaThread "ForkJoinPool-2-worker-3"    daemon [_thread_blocked, id=13524, stack(0x00007f0abd500000,0x00007f0abd600000) (1024K)]
  0x00007f0bbc0563d0 JavaThread "ForkJoinPool-2-worker-4"    daemon [_thread_blocked, id=13525, stack(0x00007f0abd400000,0x00007f0abd500000) (1024K)]
  0x00007f0bc804e1d0 JavaThread "ForkJoinPool-2-worker-5"    daemon [_thread_blocked, id=13526, stack(0x00007f0aa5d00000,0x00007f0aa5e00000) (1024K)]
  0x00007f0bc401b5c0 JavaThread "ForkJoinPool-2-worker-7"    daemon [_thread_blocked, id=13527, stack(0x00007f0aa5c00000,0x00007f0aa5d00000) (1024K)]
  0x00007f0bac023dd0 JavaThread "ForkJoinPool-2-worker-6"    daemon [_thread_blocked, id=13528, stack(0x00007f0aa5b00000,0x00007f0aa5c00000) (1024K)]
  0x00007f0bd17bee50 JavaThread "ForkJoinPool-2-worker-8"    daemon [_thread_blocked, id=13529, stack(0x00007f0aa5a00000,0x00007f0aa5b00000) (1024K)]
  0x00007f0bcc15f440 JavaThread "ForkJoinPool-2-worker-9"    daemon [_thread_blocked, id=13530, stack(0x00007f0aa5900000,0x00007f0aa5a00000) (1024K)]
  0x00007f0bd80449e0 JavaThread "ForkJoinPool-2-worker-10"   daemon [_thread_blocked, id=13531, stack(0x00007f0aa5800000,0x00007f0aa5900000) (1024K)]
  0x00007f0bd4000980 JavaThread "ForkJoinPool-2-worker-11"   daemon [_thread_blocked, id=13532, stack(0x00007f0aa5700000,0x00007f0aa5800000) (1024K)]
  0x00007f0be001a6a0 JavaThread "ForkJoinPool-2-worker-12"   daemon [_thread_blocked, id=13533, stack(0x00007f0aa5600000,0x00007f0aa5700000) (1024K)]
  0x00007f0bb0a36ce0 JavaThread "DefaultDispatcher-worker-1" daemon [_thread_blocked, id=13534, stack(0x00007f0aa5500000,0x00007f0aa5600000) (1024K)]
  0x00007f0bb0a37dd0 JavaThread "DefaultDispatcher-worker-2" daemon [_thread_blocked, id=13535, stack(0x00007f0aa5400000,0x00007f0aa5500000) (1024K)]
  0x00007f0bec0637f0 JavaThread "DefaultDispatcher-worker-3" daemon [_thread_blocked, id=13536, stack(0x00007f0aa5300000,0x00007f0aa5400000) (1024K)]
  0x00007f0bb14a6ac0 JavaThread "Periodic tasks thread"      daemon [_thread_blocked, id=13611, stack(0x00007f0aa5e00000,0x00007f0aa5f00000) (1024K)]
  0x00007f0bb0f76d00 JavaThread "ApplicationImpl pooled thread 1"        [_thread_blocked, id=13622, stack(0x00007f0aa50ff000,0x00007f0aa51ff000) (1024K)]
Total: 246

Other Threads:
  0x00007f0cb41d1690 VMThread "VM Thread"                           [id=8557, stack(0x00007f0cb8d4e000,0x00007f0cb8e4e000) (1024K)]
  0x00007f0cb41b7550 WatcherThread "VM Periodic Task Thread"        [id=8556, stack(0x00007f0cb8e4f000,0x00007f0cb8f4f000) (1024K)]
  0x00007f0cb40875e0 WorkerThread "GC Thread#0"                     [id=8551, stack(0x00007f0cb9e7b000,0x00007f0cb9f7b000) (1024K)]
  0x00007f0c300080d0 WorkerThread "GC Thread#1"                     [id=8569, stack(0x00007f0cb8052000,0x00007f0cb8152000) (1024K)]
  0x00007f0c30008bb0 WorkerThread "GC Thread#2"                     [id=8570, stack(0x00007f0c98700000,0x00007f0c98800000) (1024K)]
  0x00007f0c30009690 WorkerThread "GC Thread#3"                     [id=8571, stack(0x00007f0c985ff000,0x00007f0c986ff000) (1024K)]
  0x00007f0c3000a170 WorkerThread "GC Thread#4"                     [id=8572, stack(0x00007f0c984fe000,0x00007f0c985fe000) (1024K)]
  0x00007f0c30012b30 WorkerThread "GC Thread#5"                     [id=8586, stack(0x00007f0c42400000,0x00007f0c42500000) (1024K)]
  0x00007f0c3000c980 WorkerThread "GC Thread#6"                     [id=8587, stack(0x00007f0c422ff000,0x00007f0c423ff000) (1024K)]
  0x00007f0c3000d470 WorkerThread "GC Thread#7"                     [id=8588, stack(0x00007f0c421fe000,0x00007f0c422fe000) (1024K)]
  0x00007f0c3000e0a0 WorkerThread "GC Thread#8"                     [id=8589, stack(0x00007f0c420fd000,0x00007f0c421fd000) (1024K)]
  0x00007f0c3000ef80 WorkerThread "GC Thread#9"                     [id=8590, stack(0x00007f0c41ffc000,0x00007f0c420fc000) (1024K)]
  0x00007f0cb4098c00 ConcurrentGCThread "G1 Main Marker"            [id=8552, stack(0x00007f0cb9d7a000,0x00007f0cb9e7a000) (1024K)]
=>0x00007f0cb4099ba0 WorkerThread "G1 Conc#0"                       [id=8553, stack(0x00007f0cb9c79000,0x00007f0cb9d79000) (1024K)]
  0x00007f0c8c000d00 WorkerThread "G1 Conc#1"                       [id=8591, stack(0x00007f0c41efb000,0x00007f0c41ffb000) (1024K)]
  0x00007f0c8c001830 WorkerThread "G1 Conc#2"                       [id=8592, stack(0x00007f0c41dfa000,0x00007f0c41efa000) (1024K)]
  0x00007f0cb41a3990 ConcurrentGCThread "G1 Refine#0"               [id=8554, stack(0x00007f0cb916e000,0x00007f0cb926e000) (1024K)]
  0x00007f0c8419a360 ConcurrentGCThread "G1 Refine#1"               [id=13537, stack(0x00007f0aa5200000,0x00007f0aa5300000) (1024K)]
  0x00007f0cb41a4940 ConcurrentGCThread "G1 Service"                [id=8555, stack(0x00007f0cb906d000,0x00007f0cb916d000) (1024K)]
Total: 19

Threads with active compile tasks:
C2 CompilerThread0   835508 85882       4       org.gradle.internal.snapshot.SearchUtil::binarySearch (160 bytes)
C1 CompilerThread0   835508 85913       2       org.gradle.internal.watch.registry.impl.DefaultFileWatcherRegistry::access$300 (5 bytes)
Total: 2

VM state: not at safepoint (normal execution)

VM Mutex/Monitor currently owned by a thread: None

Heap address: 0x0000000080000000, size: 2048 MB, Compressed Oops mode: 32-bit

CDS archive(s) mapped at: [0x00007f0c43000000-0x00007f0c43cae000-0x00007f0c43cae000), size 13295616, SharedBaseAddress: 0x00007f0c43000000, ArchiveRelocationMode: 1.
Compressed class space mapped at: 0x00007f0c44000000-0x00007f0c84000000, reserved size: 1073741824
Narrow klass base: 0x00007f0c43000000, Narrow klass shift: 0, Narrow klass range: 0x100000000

GC Precious Log:
 CardTable entry size: 512
 Card Set container configuration: InlinePtr #cards 5 size 8 Array Of Cards #cards 12 size 40 Howl #buckets 4 coarsen threshold 1843 Howl Bitmap #cards 512 size 80 coarsen threshold 460 Card regions per heap region 1 cards per card region 2048
 CPUs: 12 total, 12 available
 Memory: 15688M
 Large Page Support: Disabled
 NUMA Support: Disabled
 Compressed Oops: Enabled (32-bit)
 Heap Region Size: 1M
 Heap Min Capacity: 8M
 Heap Initial Capacity: 246M
 Heap Max Capacity: 2G
 Pre-touch: Disabled
 Parallel Workers: 10
 Concurrent Workers: 3
 Concurrent Refinement Workers: 10
 Periodic GC: Disabled

Heap:
 garbage-first heap   total 1714176K, used 794020K [0x0000000080000000, 0x0000000100000000)
  region size 1024K, 19 young (19456K), 10 survivors (10240K)
 Metaspace       used 334466K, committed 338432K, reserved 1376256K
  class space    used 41111K, committed 43072K, reserved 1048576K

Heap Regions: E=young(eden), S=young(survivor), O=old, HS=humongous(starts), HC=humongous(continues), CS=collection set, F=free, TAMS=top-at-mark-start, PB=parsable bottom
|   0|0x0000000080000000, 0x0000000080100000, 0x0000000080100000|100%|HS|  |TAMS 0x0000000080100000| PB 0x0000000080000000| Complete 
|   1|0x0000000080100000, 0x0000000080200000, 0x0000000080200000|100%|HC|  |TAMS 0x0000000080200000| PB 0x0000000080100000| Complete 
|   2|0x0000000080200000, 0x0000000080300000, 0x0000000080300000|100%|HC|  |TAMS 0x0000000080300000| PB 0x0000000080200000| Complete 
|   3|0x0000000080300000, 0x0000000080400000, 0x0000000080400000|100%| O|  |TAMS 0x0000000080400000| PB 0x0000000080300000| Untracked 
|   4|0x0000000080400000, 0x0000000080500000, 0x0000000080500000|100%| O|  |TAMS 0x0000000080500000| PB 0x0000000080400000| Untracked 
|   5|0x0000000080500000, 0x0000000080600000, 0x0000000080600000|100%| O|  |TAMS 0x0000000080600000| PB 0x0000000080500000| Untracked 
|   6|0x0000000080600000, 0x0000000080700000, 0x0000000080700000|100%| O|  |TAMS 0x0000000080700000| PB 0x0000000080600000| Untracked 
|   7|0x0000000080700000, 0x0000000080800000, 0x0000000080800000|100%| O|  |TAMS 0x0000000080800000| PB 0x0000000080700000| Untracked 
|   8|0x0000000080800000, 0x0000000080900000, 0x0000000080900000|100%| O|  |TAMS 0x0000000080900000| PB 0x0000000080800000| Untracked 
|   9|0x0000000080900000, 0x0000000080a00000, 0x0000000080a00000|100%|HS|  |TAMS 0x0000000080a00000| PB 0x0000000080900000| Complete 
|  10|0x0000000080a00000, 0x0000000080b00000, 0x0000000080b00000|100%|HS|  |TAMS 0x0000000080b00000| PB 0x0000000080a00000| Complete 
|  11|0x0000000080b00000, 0x0000000080c00000, 0x0000000080c00000|100%|HS|  |TAMS 0x0000000080c00000| PB 0x0000000080b00000| Complete 
|  12|0x0000000080c00000, 0x0000000080d00000, 0x0000000080d00000|100%| O|  |TAMS 0x0000000080d00000| PB 0x0000000080c00000| Untracked 
|  13|0x0000000080d00000, 0x0000000080de92d0, 0x0000000080e00000| 91%| O|  |TAMS 0x0000000080de92d0| PB 0x0000000080d00000| Untracked 
|  14|0x0000000080e00000, 0x0000000080f00000, 0x0000000080f00000|100%|HS|  |TAMS 0x0000000080f00000| PB 0x0000000080e00000| Complete 
|  15|0x0000000080f00000, 0x0000000081000000, 0x0000000081000000|100%|HC|  |TAMS 0x0000000081000000| PB 0x0000000080f00000| Complete 
|  16|0x0000000081000000, 0x0000000081100000, 0x0000000081100000|100%|HC|  |TAMS 0x0000000081100000| PB 0x0000000081000000| Complete 
|  17|0x0000000081100000, 0x0000000081200000, 0x0000000081200000|100%|HC|  |TAMS 0x0000000081200000| PB 0x0000000081100000| Complete 
|  18|0x0000000081200000, 0x0000000081300000, 0x0000000081300000|100%|HC|  |TAMS 0x0000000081300000| PB 0x0000000081200000| Complete 
|  19|0x0000000081300000, 0x0000000081400000, 0x0000000081400000|100%|HC|  |TAMS 0x0000000081400000| PB 0x0000000081300000| Complete 
|  20|0x0000000081400000, 0x0000000081500000, 0x0000000081500000|100%|HS|  |TAMS 0x0000000081500000| PB 0x0000000081400000| Complete 
|  21|0x0000000081500000, 0x0000000081600000, 0x0000000081600000|100%|HC|  |TAMS 0x0000000081600000| PB 0x0000000081500000| Complete 
|  22|0x0000000081600000, 0x0000000081700000, 0x0000000081700000|100%|HC|  |TAMS 0x0000000081700000| PB 0x0000000081600000| Complete 
|  23|0x0000000081700000, 0x0000000081800000, 0x0000000081800000|100%|HC|  |TAMS 0x0000000081800000| PB 0x0000000081700000| Complete 
|  24|0x0000000081800000, 0x0000000081900000, 0x0000000081900000|100%|HC|  |TAMS 0x0000000081900000| PB 0x0000000081800000| Complete 
|  25|0x0000000081900000, 0x0000000081a00000, 0x0000000081a00000|100%|HC|  |TAMS 0x0000000081a00000| PB 0x0000000081900000| Complete 
|  26|0x0000000081a00000, 0x0000000081b00000, 0x0000000081b00000|100%|HS|  |TAMS 0x0000000081b00000| PB 0x0000000081a00000| Complete 
|  27|0x0000000081b00000, 0x0000000081c00000, 0x0000000081c00000|100%|HS|  |TAMS 0x0000000081c00000| PB 0x0000000081b00000| Complete 
|  28|0x0000000081c00000, 0x0000000081d00000, 0x0000000081d00000|100%| O|  |TAMS 0x0000000081d00000| PB 0x0000000081c00000| Untracked 
|  29|0x0000000081d00000, 0x0000000081e00000, 0x0000000081e00000|100%| O|  |TAMS 0x0000000081e00000| PB 0x0000000081d00000| Untracked 
|  30|0x0000000081e00000, 0x0000000081f00000, 0x0000000081f00000|100%| O|  |TAMS 0x0000000081f00000| PB 0x0000000081e00000| Untracked 
|  31|0x0000000081f00000, 0x0000000082000000, 0x0000000082000000|100%| O|  |TAMS 0x0000000082000000| PB 0x0000000081f00000| Untracked 
|  32|0x0000000082000000, 0x0000000082100000, 0x0000000082100000|100%| O|  |TAMS 0x0000000082100000| PB 0x0000000082000000| Untracked 
|  33|0x0000000082100000, 0x0000000082200000, 0x0000000082200000|100%| O|  |TAMS 0x0000000082200000| PB 0x0000000082100000| Untracked 
|  34|0x0000000082200000, 0x0000000082300000, 0x0000000082300000|100%| O|  |TAMS 0x0000000082300000| PB 0x0000000082200000| Untracked 
|  35|0x0000000082300000, 0x0000000082400000, 0x0000000082400000|100%| O|  |TAMS 0x0000000082400000| PB 0x0000000082300000| Untracked 
|  36|0x0000000082400000, 0x0000000082500000, 0x0000000082500000|100%| O|  |TAMS 0x0000000082500000| PB 0x0000000082400000| Untracked 
|  37|0x0000000082500000, 0x0000000082600000, 0x0000000082600000|100%| O|  |TAMS 0x0000000082600000| PB 0x0000000082500000| Untracked 
|  38|0x0000000082600000, 0x0000000082700000, 0x0000000082700000|100%| O|  |TAMS 0x0000000082700000| PB 0x0000000082600000| Untracked 
|  39|0x0000000082700000, 0x0000000082800000, 0x0000000082800000|100%| O|  |TAMS 0x0000000082800000| PB 0x0000000082700000| Untracked 
|  40|0x0000000082800000, 0x0000000082900000, 0x0000000082900000|100%| O|  |TAMS 0x0000000082900000| PB 0x0000000082800000| Untracked 
|  41|0x0000000082900000, 0x0000000082a00000, 0x0000000082a00000|100%| O|  |TAMS 0x0000000082a00000| PB 0x0000000082900000| Untracked 
|  42|0x0000000082a00000, 0x0000000082b00000, 0x0000000082b00000|100%| O|  |TAMS 0x0000000082b00000| PB 0x0000000082a00000| Untracked 
|  43|0x0000000082b00000, 0x0000000082c00000, 0x0000000082c00000|100%| O|  |TAMS 0x0000000082c00000| PB 0x0000000082b00000| Untracked 
|  44|0x0000000082c00000, 0x0000000082d00000, 0x0000000082d00000|100%| O|  |TAMS 0x0000000082d00000| PB 0x0000000082c00000| Untracked 
|  45|0x0000000082d00000, 0x0000000082e00000, 0x0000000082e00000|100%| O|  |TAMS 0x0000000082e00000| PB 0x0000000082d00000| Untracked 
|  46|0x0000000082e00000, 0x0000000082f00000, 0x0000000082f00000|100%| O|  |TAMS 0x0000000082f00000| PB 0x0000000082e00000| Untracked 
|  47|0x0000000082f00000, 0x0000000083000000, 0x0000000083000000|100%| O|  |TAMS 0x0000000083000000| PB 0x0000000082f00000| Untracked 
|  48|0x0000000083000000, 0x0000000083100000, 0x0000000083100000|100%| O|  |TAMS 0x0000000083100000| PB 0x0000000083000000| Untracked 
|  49|0x0000000083100000, 0x0000000083200000, 0x0000000083200000|100%| O|  |TAMS 0x0000000083200000| PB 0x0000000083100000| Untracked 
|  50|0x0000000083200000, 0x0000000083300000, 0x0000000083300000|100%| O|  |TAMS 0x0000000083300000| PB 0x0000000083200000| Untracked 
|  51|0x0000000083300000, 0x0000000083400000, 0x0000000083400000|100%| O|  |TAMS 0x0000000083400000| PB 0x0000000083300000| Untracked 
|  52|0x0000000083400000, 0x0000000083500000, 0x0000000083500000|100%| O|  |TAMS 0x0000000083500000| PB 0x0000000083400000| Untracked 
|  53|0x0000000083500000, 0x0000000083600000, 0x0000000083600000|100%| O|  |TAMS 0x0000000083600000| PB 0x0000000083500000| Untracked 
|  54|0x0000000083600000, 0x0000000083700000, 0x0000000083700000|100%| O|  |TAMS 0x0000000083700000| PB 0x0000000083600000| Untracked 
|  55|0x0000000083700000, 0x0000000083800000, 0x0000000083800000|100%| O|  |TAMS 0x0000000083800000| PB 0x0000000083700000| Untracked 
|  56|0x0000000083800000, 0x0000000083900000, 0x0000000083900000|100%| O|  |TAMS 0x0000000083900000| PB 0x0000000083800000| Untracked 
|  57|0x0000000083900000, 0x0000000083a00000, 0x0000000083a00000|100%|HS|  |TAMS 0x0000000083a00000| PB 0x0000000083900000| Complete 
|  58|0x0000000083a00000, 0x0000000083b00000, 0x0000000083b00000|100%| O|  |TAMS 0x0000000083b00000| PB 0x0000000083a00000| Untracked 
|  59|0x0000000083b00000, 0x0000000083c00000, 0x0000000083c00000|100%| O|  |TAMS 0x0000000083c00000| PB 0x0000000083b00000| Untracked 
|  60|0x0000000083c00000, 0x0000000083d00000, 0x0000000083d00000|100%| O|  |TAMS 0x0000000083d00000| PB 0x0000000083c00000| Untracked 
|  61|0x0000000083d00000, 0x0000000083e00000, 0x0000000083e00000|100%| O|  |TAMS 0x0000000083e00000| PB 0x0000000083d00000| Untracked 
|  62|0x0000000083e00000, 0x0000000083f00000, 0x0000000083f00000|100%| O|  |TAMS 0x0000000083f00000| PB 0x0000000083e00000| Untracked 
|  63|0x0000000083f00000, 0x0000000084000000, 0x0000000084000000|100%| O|  |TAMS 0x0000000084000000| PB 0x0000000083f00000| Untracked 
|  64|0x0000000084000000, 0x0000000084100000, 0x0000000084100000|100%| O|  |TAMS 0x0000000084100000| PB 0x0000000084000000| Untracked 
|  65|0x0000000084100000, 0x0000000084200000, 0x0000000084200000|100%|HS|  |TAMS 0x0000000084200000| PB 0x0000000084100000| Complete 
|  66|0x0000000084200000, 0x0000000084300000, 0x0000000084300000|100%|HS|  |TAMS 0x0000000084300000| PB 0x0000000084200000| Complete 
|  67|0x0000000084300000, 0x0000000084400000, 0x0000000084400000|100%|HS|  |TAMS 0x0000000084400000| PB 0x0000000084300000| Complete 
|  68|0x0000000084400000, 0x0000000084500000, 0x0000000084500000|100%|HC|  |TAMS 0x0000000084500000| PB 0x0000000084400000| Complete 
|  69|0x0000000084500000, 0x0000000084600000, 0x0000000084600000|100%|HS|  |TAMS 0x0000000084600000| PB 0x0000000084500000| Complete 
|  70|0x0000000084600000, 0x0000000084700000, 0x0000000084700000|100%|HS|  |TAMS 0x0000000084700000| PB 0x0000000084600000| Complete 
|  71|0x0000000084700000, 0x0000000084800000, 0x0000000084800000|100%| O|  |TAMS 0x0000000084800000| PB 0x0000000084700000| Untracked 
|  72|0x0000000084800000, 0x0000000084900000, 0x0000000084900000|100%|HS|  |TAMS 0x0000000084900000| PB 0x0000000084800000| Complete 
|  73|0x0000000084900000, 0x0000000084a00000, 0x0000000084a00000|100%| O|  |TAMS 0x0000000084a00000| PB 0x0000000084900000| Untracked 
|  74|0x0000000084a00000, 0x0000000084b00000, 0x0000000084b00000|100%| O|  |TAMS 0x0000000084b00000| PB 0x0000000084a00000| Untracked 
|  75|0x0000000084b00000, 0x0000000084c00000, 0x0000000084c00000|100%| O|  |TAMS 0x0000000084c00000| PB 0x0000000084b00000| Untracked 
|  76|0x0000000084c00000, 0x0000000084d00000, 0x0000000084d00000|100%| O|  |TAMS 0x0000000084d00000| PB 0x0000000084c00000| Untracked 
|  77|0x0000000084d00000, 0x0000000084e00000, 0x0000000084e00000|100%| O|  |TAMS 0x0000000084e00000| PB 0x0000000084d00000| Untracked 
|  78|0x0000000084e00000, 0x0000000084f00000, 0x0000000084f00000|100%| O|  |TAMS 0x0000000084f00000| PB 0x0000000084e00000| Untracked 
|  79|0x0000000084f00000, 0x0000000085000000, 0x0000000085000000|100%| O|  |TAMS 0x0000000085000000| PB 0x0000000084f00000| Untracked 
|  80|0x0000000085000000, 0x0000000085100000, 0x0000000085100000|100%| O|  |TAMS 0x0000000085100000| PB 0x0000000085000000| Untracked 
|  81|0x0000000085100000, 0x0000000085200000, 0x0000000085200000|100%| O|  |TAMS 0x0000000085200000| PB 0x0000000085100000| Untracked 
|  82|0x0000000085200000, 0x0000000085300000, 0x0000000085300000|100%| O|  |TAMS 0x0000000085300000| PB 0x0000000085200000| Untracked 
|  83|0x0000000085300000, 0x0000000085400000, 0x0000000085400000|100%| O|  |TAMS 0x0000000085400000| PB 0x0000000085300000| Untracked 
|  84|0x0000000085400000, 0x0000000085500000, 0x0000000085500000|100%|HS|  |TAMS 0x0000000085500000| PB 0x0000000085400000| Complete 
|  85|0x0000000085500000, 0x0000000085600000, 0x0000000085600000|100%|HC|  |TAMS 0x0000000085600000| PB 0x0000000085500000| Complete 
|  86|0x0000000085600000, 0x0000000085700000, 0x0000000085700000|100%| O|  |TAMS 0x0000000085700000| PB 0x0000000085600000| Untracked 
|  87|0x0000000085700000, 0x0000000085800000, 0x0000000085800000|100%|HS|  |TAMS 0x0000000085800000| PB 0x0000000085700000| Complete 
|  88|0x0000000085800000, 0x0000000085900000, 0x0000000085900000|100%| O|  |TAMS 0x0000000085900000| PB 0x0000000085800000| Untracked 
|  89|0x0000000085900000, 0x0000000085a00000, 0x0000000085a00000|100%| O|  |TAMS 0x0000000085a00000| PB 0x0000000085900000| Untracked 
|  90|0x0000000085a00000, 0x0000000085b00000, 0x0000000085b00000|100%| O|  |TAMS 0x0000000085b00000| PB 0x0000000085a00000| Untracked 
|  91|0x0000000085b00000, 0x0000000085c00000, 0x0000000085c00000|100%| O|  |TAMS 0x0000000085c00000| PB 0x0000000085b00000| Untracked 
|  92|0x0000000085c00000, 0x0000000085d00000, 0x0000000085d00000|100%| O|  |TAMS 0x0000000085d00000| PB 0x0000000085c00000| Untracked 
|  93|0x0000000085d00000, 0x0000000085e00000, 0x0000000085e00000|100%| O|  |TAMS 0x0000000085e00000| PB 0x0000000085d00000| Untracked 
|  94|0x0000000085e00000, 0x0000000085f00000, 0x0000000085f00000|100%| O|  |TAMS 0x0000000085f00000| PB 0x0000000085e00000| Untracked 
|  95|0x0000000085f00000, 0x0000000086000000, 0x0000000086000000|100%| O|  |TAMS 0x0000000086000000| PB 0x0000000085f00000| Untracked 
|  96|0x0000000086000000, 0x0000000086100000, 0x0000000086100000|100%| O|  |TAMS 0x0000000086100000| PB 0x0000000086000000| Untracked 
|  97|0x0000000086100000, 0x0000000086200000, 0x0000000086200000|100%| O|  |TAMS 0x0000000086200000| PB 0x0000000086100000| Untracked 
|  98|0x0000000086200000, 0x0000000086300000, 0x0000000086300000|100%| O|  |TAMS 0x0000000086300000| PB 0x0000000086200000| Untracked 
|  99|0x0000000086300000, 0x0000000086400000, 0x0000000086400000|100%| O|  |TAMS 0x0000000086400000| PB 0x0000000086300000| Untracked 
| 100|0x0000000086400000, 0x0000000086500000, 0x0000000086500000|100%| O|  |TAMS 0x0000000086500000| PB 0x0000000086400000| Untracked 
| 101|0x0000000086500000, 0x0000000086600000, 0x0000000086600000|100%| O|  |TAMS 0x0000000086600000| PB 0x0000000086500000| Untracked 
| 102|0x0000000086600000, 0x0000000086700000, 0x0000000086700000|100%| O|  |TAMS 0x0000000086700000| PB 0x0000000086600000| Untracked 
| 103|0x0000000086700000, 0x0000000086800000, 0x0000000086800000|100%| O|  |TAMS 0x0000000086800000| PB 0x0000000086700000| Untracked 
| 104|0x0000000086800000, 0x0000000086900000, 0x0000000086900000|100%| O|  |TAMS 0x0000000086900000| PB 0x0000000086800000| Untracked 
| 105|0x0000000086900000, 0x0000000086a00000, 0x0000000086a00000|100%| O|  |TAMS 0x0000000086a00000| PB 0x0000000086900000| Untracked 
| 106|0x0000000086a00000, 0x0000000086b00000, 0x0000000086b00000|100%| O|  |TAMS 0x0000000086b00000| PB 0x0000000086a00000| Untracked 
| 107|0x0000000086b00000, 0x0000000086c00000, 0x0000000086c00000|100%| O|  |TAMS 0x0000000086c00000| PB 0x0000000086b00000| Untracked 
| 108|0x0000000086c00000, 0x0000000086d00000, 0x0000000086d00000|100%| O|  |TAMS 0x0000000086d00000| PB 0x0000000086c00000| Untracked 
| 109|0x0000000086d00000, 0x0000000086e00000, 0x0000000086e00000|100%| O|  |TAMS 0x0000000086e00000| PB 0x0000000086d00000| Untracked 
| 110|0x0000000086e00000, 0x0000000086f00000, 0x0000000086f00000|100%| O|  |TAMS 0x0000000086f00000| PB 0x0000000086e00000| Untracked 
| 111|0x0000000086f00000, 0x0000000087000000, 0x0000000087000000|100%| O|  |TAMS 0x0000000087000000| PB 0x0000000086f00000| Untracked 
| 112|0x0000000087000000, 0x0000000087100000, 0x0000000087100000|100%| O|  |TAMS 0x0000000087100000| PB 0x0000000087000000| Untracked 
| 113|0x0000000087100000, 0x0000000087200000, 0x0000000087200000|100%| O|  |TAMS 0x0000000087200000| PB 0x0000000087100000| Untracked 
| 114|0x0000000087200000, 0x0000000087300000, 0x0000000087300000|100%| O|  |TAMS 0x0000000087300000| PB 0x0000000087200000| Untracked 
| 115|0x0000000087300000, 0x0000000087400000, 0x0000000087400000|100%| O|  |TAMS 0x0000000087400000| PB 0x0000000087300000| Untracked 
| 116|0x0000000087400000, 0x0000000087500000, 0x0000000087500000|100%| O|  |TAMS 0x0000000087500000| PB 0x0000000087400000| Untracked 
| 117|0x0000000087500000, 0x0000000087600000, 0x0000000087600000|100%| O|  |TAMS 0x0000000087600000| PB 0x0000000087500000| Untracked 
| 118|0x0000000087600000, 0x0000000087700000, 0x0000000087700000|100%| O|  |TAMS 0x0000000087700000| PB 0x0000000087600000| Untracked 
| 119|0x0000000087700000, 0x0000000087800000, 0x0000000087800000|100%| O|  |TAMS 0x0000000087800000| PB 0x0000000087700000| Untracked 
| 120|0x0000000087800000, 0x0000000087900000, 0x0000000087900000|100%| O|  |TAMS 0x0000000087900000| PB 0x0000000087800000| Untracked 
| 121|0x0000000087900000, 0x0000000087a00000, 0x0000000087a00000|100%| O|  |TAMS 0x0000000087a00000| PB 0x0000000087900000| Untracked 
| 122|0x0000000087a00000, 0x0000000087b00000, 0x0000000087b00000|100%| O|  |TAMS 0x0000000087b00000| PB 0x0000000087a00000| Untracked 
| 123|0x0000000087b00000, 0x0000000087c00000, 0x0000000087c00000|100%| O|  |TAMS 0x0000000087c00000| PB 0x0000000087b00000| Untracked 
| 124|0x0000000087c00000, 0x0000000087d00000, 0x0000000087d00000|100%| O|  |TAMS 0x0000000087d00000| PB 0x0000000087c00000| Untracked 
| 125|0x0000000087d00000, 0x0000000087e00000, 0x0000000087e00000|100%| O|  |TAMS 0x0000000087e00000| PB 0x0000000087d00000| Untracked 
| 126|0x0000000087e00000, 0x0000000087f00000, 0x0000000087f00000|100%| O|  |TAMS 0x0000000087f00000| PB 0x0000000087e00000| Untracked 
| 127|0x0000000087f00000, 0x0000000088000000, 0x0000000088000000|100%| O|  |TAMS 0x0000000088000000| PB 0x0000000087f00000| Untracked 
| 128|0x0000000088000000, 0x0000000088100000, 0x0000000088100000|100%| O|  |TAMS 0x0000000088100000| PB 0x0000000088000000| Untracked 
| 129|0x0000000088100000, 0x0000000088200000, 0x0000000088200000|100%| O|  |TAMS 0x0000000088200000| PB 0x0000000088100000| Untracked 
| 130|0x0000000088200000, 0x0000000088300000, 0x0000000088300000|100%| O|  |TAMS 0x0000000088300000| PB 0x0000000088200000| Untracked 
| 131|0x0000000088300000, 0x0000000088400000, 0x0000000088400000|100%| O|  |TAMS 0x0000000088400000| PB 0x0000000088300000| Untracked 
| 132|0x0000000088400000, 0x0000000088500000, 0x0000000088500000|100%| O|  |TAMS 0x0000000088500000| PB 0x0000000088400000| Untracked 
| 133|0x0000000088500000, 0x0000000088600000, 0x0000000088600000|100%| O|  |TAMS 0x0000000088600000| PB 0x0000000088500000| Untracked 
| 134|0x0000000088600000, 0x0000000088700000, 0x0000000088700000|100%| O|  |TAMS 0x0000000088700000| PB 0x0000000088600000| Untracked 
| 135|0x0000000088700000, 0x0000000088800000, 0x0000000088800000|100%| O|  |TAMS 0x0000000088800000| PB 0x0000000088700000| Untracked 
| 136|0x0000000088800000, 0x0000000088900000, 0x0000000088900000|100%| O|  |TAMS 0x0000000088900000| PB 0x0000000088800000| Untracked 
| 137|0x0000000088900000, 0x0000000088a00000, 0x0000000088a00000|100%| O|  |TAMS 0x0000000088a00000| PB 0x0000000088900000| Untracked 
| 138|0x0000000088a00000, 0x0000000088b00000, 0x0000000088b00000|100%| O|  |TAMS 0x0000000088b00000| PB 0x0000000088a00000| Untracked 
| 139|0x0000000088b00000, 0x0000000088c00000, 0x0000000088c00000|100%| O|  |TAMS 0x0000000088c00000| PB 0x0000000088b00000| Untracked 
| 140|0x0000000088c00000, 0x0000000088d00000, 0x0000000088d00000|100%| O|  |TAMS 0x0000000088d00000| PB 0x0000000088c00000| Untracked 
| 141|0x0000000088d00000, 0x0000000088e00000, 0x0000000088e00000|100%| O|  |TAMS 0x0000000088e00000| PB 0x0000000088d00000| Untracked 
| 142|0x0000000088e00000, 0x0000000088f00000, 0x0000000088f00000|100%| O|  |TAMS 0x0000000088f00000| PB 0x0000000088e00000| Untracked 
| 143|0x0000000088f00000, 0x0000000089000000, 0x0000000089000000|100%| O|  |TAMS 0x0000000089000000| PB 0x0000000088f00000| Untracked 
| 144|0x0000000089000000, 0x0000000089100000, 0x0000000089100000|100%| O|  |TAMS 0x0000000089100000| PB 0x0000000089000000| Untracked 
| 145|0x0000000089100000, 0x0000000089200000, 0x0000000089200000|100%| O|  |TAMS 0x0000000089200000| PB 0x0000000089100000| Untracked 
| 146|0x0000000089200000, 0x0000000089300000, 0x0000000089300000|100%| O|  |TAMS 0x0000000089300000| PB 0x0000000089200000| Untracked 
| 147|0x0000000089300000, 0x0000000089400000, 0x0000000089400000|100%| O|  |TAMS 0x0000000089400000| PB 0x0000000089300000| Untracked 
| 148|0x0000000089400000, 0x0000000089500000, 0x0000000089500000|100%| O|  |TAMS 0x0000000089500000| PB 0x0000000089400000| Untracked 
| 149|0x0000000089500000, 0x0000000089600000, 0x0000000089600000|100%| O|  |TAMS 0x0000000089600000| PB 0x0000000089500000| Untracked 
| 150|0x0000000089600000, 0x0000000089700000, 0x0000000089700000|100%| O|  |TAMS 0x0000000089700000| PB 0x0000000089600000| Untracked 
| 151|0x0000000089700000, 0x0000000089800000, 0x0000000089800000|100%| O|  |TAMS 0x0000000089800000| PB 0x0000000089700000| Untracked 
| 152|0x0000000089800000, 0x0000000089900000, 0x0000000089900000|100%| O|  |TAMS 0x0000000089900000| PB 0x0000000089800000| Untracked 
| 153|0x0000000089900000, 0x0000000089a00000, 0x0000000089a00000|100%| O|  |TAMS 0x0000000089a00000| PB 0x0000000089900000| Untracked 
| 154|0x0000000089a00000, 0x0000000089b00000, 0x0000000089b00000|100%| O|  |TAMS 0x0000000089b00000| PB 0x0000000089a00000| Untracked 
| 155|0x0000000089b00000, 0x0000000089c00000, 0x0000000089c00000|100%| O|  |TAMS 0x0000000089c00000| PB 0x0000000089b00000| Untracked 
| 156|0x0000000089c00000, 0x0000000089d00000, 0x0000000089d00000|100%| O|  |TAMS 0x0000000089d00000| PB 0x0000000089c00000| Untracked 
| 157|0x0000000089d00000, 0x0000000089e00000, 0x0000000089e00000|100%| O|  |TAMS 0x0000000089e00000| PB 0x0000000089d00000| Untracked 
| 158|0x0000000089e00000, 0x0000000089f00000, 0x0000000089f00000|100%| O|  |TAMS 0x0000000089f00000| PB 0x0000000089e00000| Untracked 
| 159|0x0000000089f00000, 0x000000008a000000, 0x000000008a000000|100%| O|  |TAMS 0x000000008a000000| PB 0x0000000089f00000| Untracked 
| 160|0x000000008a000000, 0x000000008a100000, 0x000000008a100000|100%| O|  |TAMS 0x000000008a100000| PB 0x000000008a000000| Untracked 
| 161|0x000000008a100000, 0x000000008a200000, 0x000000008a200000|100%| O|  |TAMS 0x000000008a200000| PB 0x000000008a100000| Untracked 
| 162|0x000000008a200000, 0x000000008a300000, 0x000000008a300000|100%| O|  |TAMS 0x000000008a300000| PB 0x000000008a200000| Untracked 
| 163|0x000000008a300000, 0x000000008a400000, 0x000000008a400000|100%| O|  |TAMS 0x000000008a400000| PB 0x000000008a300000| Untracked 
| 164|0x000000008a400000, 0x000000008a500000, 0x000000008a500000|100%| O|  |TAMS 0x000000008a500000| PB 0x000000008a400000| Untracked 
| 165|0x000000008a500000, 0x000000008a600000, 0x000000008a600000|100%| O|  |TAMS 0x000000008a600000| PB 0x000000008a500000| Untracked 
| 166|0x000000008a600000, 0x000000008a700000, 0x000000008a700000|100%| O|  |TAMS 0x000000008a700000| PB 0x000000008a600000| Untracked 
| 167|0x000000008a700000, 0x000000008a800000, 0x000000008a800000|100%| O|  |TAMS 0x000000008a800000| PB 0x000000008a700000| Untracked 
| 168|0x000000008a800000, 0x000000008a900000, 0x000000008a900000|100%| O|  |TAMS 0x000000008a900000| PB 0x000000008a800000| Untracked 
| 169|0x000000008a900000, 0x000000008aa00000, 0x000000008aa00000|100%| O|  |TAMS 0x000000008aa00000| PB 0x000000008a900000| Untracked 
| 170|0x000000008aa00000, 0x000000008ab00000, 0x000000008ab00000|100%| O|  |TAMS 0x000000008ab00000| PB 0x000000008aa00000| Untracked 
| 171|0x000000008ab00000, 0x000000008ac00000, 0x000000008ac00000|100%| O|  |TAMS 0x000000008ac00000| PB 0x000000008ab00000| Untracked 
| 172|0x000000008ac00000, 0x000000008ad00000, 0x000000008ad00000|100%| O|  |TAMS 0x000000008ad00000| PB 0x000000008ac00000| Untracked 
| 173|0x000000008ad00000, 0x000000008ae00000, 0x000000008ae00000|100%| O|  |TAMS 0x000000008ae00000| PB 0x000000008ad00000| Untracked 
| 174|0x000000008ae00000, 0x000000008af00000, 0x000000008af00000|100%| O|  |TAMS 0x000000008af00000| PB 0x000000008ae00000| Untracked 
| 175|0x000000008af00000, 0x000000008b000000, 0x000000008b000000|100%| O|  |TAMS 0x000000008b000000| PB 0x000000008af00000| Untracked 
| 176|0x000000008b000000, 0x000000008b100000, 0x000000008b100000|100%| O|  |TAMS 0x000000008b100000| PB 0x000000008b000000| Untracked 
| 177|0x000000008b100000, 0x000000008b200000, 0x000000008b200000|100%| O|  |TAMS 0x000000008b200000| PB 0x000000008b100000| Untracked 
| 178|0x000000008b200000, 0x000000008b300000, 0x000000008b300000|100%| O|  |TAMS 0x000000008b300000| PB 0x000000008b200000| Untracked 
| 179|0x000000008b300000, 0x000000008b400000, 0x000000008b400000|100%| O|  |TAMS 0x000000008b400000| PB 0x000000008b300000| Untracked 
| 180|0x000000008b400000, 0x000000008b500000, 0x000000008b500000|100%| O|  |TAMS 0x000000008b500000| PB 0x000000008b400000| Untracked 
| 181|0x000000008b500000, 0x000000008b600000, 0x000000008b600000|100%| O|  |TAMS 0x000000008b600000| PB 0x000000008b500000| Untracked 
| 182|0x000000008b600000, 0x000000008b700000, 0x000000008b700000|100%| O|  |TAMS 0x000000008b700000| PB 0x000000008b600000| Untracked 
| 183|0x000000008b700000, 0x000000008b800000, 0x000000008b800000|100%| O|  |TAMS 0x000000008b800000| PB 0x000000008b700000| Untracked 
| 184|0x000000008b800000, 0x000000008b900000, 0x000000008b900000|100%| O|  |TAMS 0x000000008b900000| PB 0x000000008b800000| Untracked 
| 185|0x000000008b900000, 0x000000008ba00000, 0x000000008ba00000|100%| O|  |TAMS 0x000000008ba00000| PB 0x000000008b900000| Untracked 
| 186|0x000000008ba00000, 0x000000008bb00000, 0x000000008bb00000|100%| O|  |TAMS 0x000000008bb00000| PB 0x000000008ba00000| Untracked 
| 187|0x000000008bb00000, 0x000000008bc00000, 0x000000008bc00000|100%| O|  |TAMS 0x000000008bc00000| PB 0x000000008bb00000| Untracked 
| 188|0x000000008bc00000, 0x000000008bd00000, 0x000000008bd00000|100%| O|  |TAMS 0x000000008bd00000| PB 0x000000008bc00000| Untracked 
| 189|0x000000008bd00000, 0x000000008be00000, 0x000000008be00000|100%| O|  |TAMS 0x000000008be00000| PB 0x000000008bd00000| Untracked 
| 190|0x000000008be00000, 0x000000008bf00000, 0x000000008bf00000|100%| O|  |TAMS 0x000000008bf00000| PB 0x000000008be00000| Untracked 
| 191|0x000000008bf00000, 0x000000008c000000, 0x000000008c000000|100%| O|  |TAMS 0x000000008c000000| PB 0x000000008bf00000| Untracked 
| 192|0x000000008c000000, 0x000000008c100000, 0x000000008c100000|100%| O|  |TAMS 0x000000008c100000| PB 0x000000008c000000| Untracked 
| 193|0x000000008c100000, 0x000000008c200000, 0x000000008c200000|100%|HS|  |TAMS 0x000000008c200000| PB 0x000000008c100000| Complete 
| 194|0x000000008c200000, 0x000000008c300000, 0x000000008c300000|100%|HC|  |TAMS 0x000000008c300000| PB 0x000000008c200000| Complete 
| 195|0x000000008c300000, 0x000000008c400000, 0x000000008c400000|100%|HC|  |TAMS 0x000000008c400000| PB 0x000000008c300000| Complete 
| 196|0x000000008c400000, 0x000000008c500000, 0x000000008c500000|100%|HC|  |TAMS 0x000000008c500000| PB 0x000000008c400000| Complete 
| 197|0x000000008c500000, 0x000000008c600000, 0x000000008c600000|100%| O|  |TAMS 0x000000008c600000| PB 0x000000008c500000| Untracked 
| 198|0x000000008c600000, 0x000000008c700000, 0x000000008c700000|100%| O|  |TAMS 0x000000008c700000| PB 0x000000008c600000| Untracked 
| 199|0x000000008c700000, 0x000000008c800000, 0x000000008c800000|100%| O|  |TAMS 0x000000008c800000| PB 0x000000008c700000| Untracked 
| 200|0x000000008c800000, 0x000000008c900000, 0x000000008c900000|100%| O|  |TAMS 0x000000008c900000| PB 0x000000008c800000| Untracked 
| 201|0x000000008c900000, 0x000000008ca00000, 0x000000008ca00000|100%| O|  |TAMS 0x000000008ca00000| PB 0x000000008c900000| Untracked 
| 202|0x000000008ca00000, 0x000000008cb00000, 0x000000008cb00000|100%| O|  |TAMS 0x000000008cb00000| PB 0x000000008ca00000| Untracked 
| 203|0x000000008cb00000, 0x000000008cc00000, 0x000000008cc00000|100%| O|  |TAMS 0x000000008cc00000| PB 0x000000008cb00000| Untracked 
| 204|0x000000008cc00000, 0x000000008cd00000, 0x000000008cd00000|100%| O|  |TAMS 0x000000008cd00000| PB 0x000000008cc00000| Untracked 
| 205|0x000000008cd00000, 0x000000008ce00000, 0x000000008ce00000|100%| O|  |TAMS 0x000000008ce00000| PB 0x000000008cd00000| Untracked 
| 206|0x000000008ce00000, 0x000000008cf00000, 0x000000008cf00000|100%| O|  |TAMS 0x000000008cf00000| PB 0x000000008ce00000| Untracked 
| 207|0x000000008cf00000, 0x000000008d000000, 0x000000008d000000|100%| O|  |TAMS 0x000000008d000000| PB 0x000000008cf00000| Untracked 
| 208|0x000000008d000000, 0x000000008d100000, 0x000000008d100000|100%| O|  |TAMS 0x000000008d100000| PB 0x000000008d000000| Untracked 
| 209|0x000000008d100000, 0x000000008d200000, 0x000000008d200000|100%| O|  |TAMS 0x000000008d200000| PB 0x000000008d100000| Untracked 
| 210|0x000000008d200000, 0x000000008d300000, 0x000000008d300000|100%| O|  |TAMS 0x000000008d300000| PB 0x000000008d200000| Untracked 
| 211|0x000000008d300000, 0x000000008d400000, 0x000000008d400000|100%| O|  |TAMS 0x000000008d400000| PB 0x000000008d300000| Untracked 
| 212|0x000000008d400000, 0x000000008d500000, 0x000000008d500000|100%| O|  |TAMS 0x000000008d500000| PB 0x000000008d400000| Untracked 
| 213|0x000000008d500000, 0x000000008d600000, 0x000000008d600000|100%| O|  |TAMS 0x000000008d600000| PB 0x000000008d500000| Untracked 
| 214|0x000000008d600000, 0x000000008d700000, 0x000000008d700000|100%| O|  |TAMS 0x000000008d700000| PB 0x000000008d600000| Untracked 
| 215|0x000000008d700000, 0x000000008d800000, 0x000000008d800000|100%| O|  |TAMS 0x000000008d800000| PB 0x000000008d700000| Untracked 
| 216|0x000000008d800000, 0x000000008d900000, 0x000000008d900000|100%| O|  |TAMS 0x000000008d900000| PB 0x000000008d800000| Untracked 
| 217|0x000000008d900000, 0x000000008da00000, 0x000000008da00000|100%| O|  |TAMS 0x000000008da00000| PB 0x000000008d900000| Untracked 
| 218|0x000000008da00000, 0x000000008db00000, 0x000000008db00000|100%| O|  |TAMS 0x000000008db00000| PB 0x000000008da00000| Untracked 
| 219|0x000000008db00000, 0x000000008dc00000, 0x000000008dc00000|100%| O|  |TAMS 0x000000008dc00000| PB 0x000000008db00000| Untracked 
| 220|0x000000008dc00000, 0x000000008dd00000, 0x000000008dd00000|100%| O|  |TAMS 0x000000008dd00000| PB 0x000000008dc00000| Untracked 
| 221|0x000000008dd00000, 0x000000008de00000, 0x000000008de00000|100%| O|  |TAMS 0x000000008de00000| PB 0x000000008dd00000| Untracked 
| 222|0x000000008de00000, 0x000000008df00000, 0x000000008df00000|100%| O|  |TAMS 0x000000008df00000| PB 0x000000008de00000| Untracked 
| 223|0x000000008df00000, 0x000000008e000000, 0x000000008e000000|100%| O|  |TAMS 0x000000008e000000| PB 0x000000008df00000| Untracked 
| 224|0x000000008e000000, 0x000000008e100000, 0x000000008e100000|100%| O|  |TAMS 0x000000008e100000| PB 0x000000008e000000| Untracked 
| 225|0x000000008e100000, 0x000000008e200000, 0x000000008e200000|100%| O|  |TAMS 0x000000008e200000| PB 0x000000008e100000| Untracked 
| 226|0x000000008e200000, 0x000000008e300000, 0x000000008e300000|100%| O|  |TAMS 0x000000008e300000| PB 0x000000008e200000| Untracked 
| 227|0x000000008e300000, 0x000000008e400000, 0x000000008e400000|100%| O|  |TAMS 0x000000008e400000| PB 0x000000008e300000| Untracked 
| 228|0x000000008e400000, 0x000000008e500000, 0x000000008e500000|100%| O|  |TAMS 0x000000008e500000| PB 0x000000008e400000| Untracked 
| 229|0x000000008e500000, 0x000000008e600000, 0x000000008e600000|100%| O|  |TAMS 0x000000008e600000| PB 0x000000008e500000| Untracked 
| 230|0x000000008e600000, 0x000000008e700000, 0x000000008e700000|100%| O|  |TAMS 0x000000008e700000| PB 0x000000008e600000| Untracked 
| 231|0x000000008e700000, 0x000000008e800000, 0x000000008e800000|100%| O|  |TAMS 0x000000008e800000| PB 0x000000008e700000| Untracked 
| 232|0x000000008e800000, 0x000000008e900000, 0x000000008e900000|100%| O|  |TAMS 0x000000008e900000| PB 0x000000008e800000| Untracked 
| 233|0x000000008e900000, 0x000000008ea00000, 0x000000008ea00000|100%| O|  |TAMS 0x000000008ea00000| PB 0x000000008e900000| Untracked 
| 234|0x000000008ea00000, 0x000000008eb00000, 0x000000008eb00000|100%| O|  |TAMS 0x000000008eb00000| PB 0x000000008ea00000| Untracked 
| 235|0x000000008eb00000, 0x000000008ec00000, 0x000000008ec00000|100%| O|  |TAMS 0x000000008ec00000| PB 0x000000008eb00000| Untracked 
| 236|0x000000008ec00000, 0x000000008ed00000, 0x000000008ed00000|100%| O|  |TAMS 0x000000008ed00000| PB 0x000000008ec00000| Untracked 
| 237|0x000000008ed00000, 0x000000008ee00000, 0x000000008ee00000|100%| O|  |TAMS 0x000000008ee00000| PB 0x000000008ed00000| Untracked 
| 238|0x000000008ee00000, 0x000000008ef00000, 0x000000008ef00000|100%| O|  |TAMS 0x000000008ef00000| PB 0x000000008ee00000| Untracked 
| 239|0x000000008ef00000, 0x000000008f000000, 0x000000008f000000|100%| O|  |TAMS 0x000000008f000000| PB 0x000000008ef00000| Untracked 
| 240|0x000000008f000000, 0x000000008f100000, 0x000000008f100000|100%| O|  |TAMS 0x000000008f100000| PB 0x000000008f000000| Untracked 
| 241|0x000000008f100000, 0x000000008f200000, 0x000000008f200000|100%| O|  |TAMS 0x000000008f200000| PB 0x000000008f100000| Untracked 
| 242|0x000000008f200000, 0x000000008f300000, 0x000000008f300000|100%| O|  |TAMS 0x000000008f300000| PB 0x000000008f200000| Untracked 
| 243|0x000000008f300000, 0x000000008f400000, 0x000000008f400000|100%| O|  |TAMS 0x000000008f400000| PB 0x000000008f300000| Untracked 
| 244|0x000000008f400000, 0x000000008f500000, 0x000000008f500000|100%| O|  |TAMS 0x000000008f500000| PB 0x000000008f400000| Untracked 
| 245|0x000000008f500000, 0x000000008f600000, 0x000000008f600000|100%| O|  |TAMS 0x000000008f600000| PB 0x000000008f500000| Untracked 
| 246|0x000000008f600000, 0x000000008f700000, 0x000000008f700000|100%|HS|  |TAMS 0x000000008f700000| PB 0x000000008f600000| Complete 
| 247|0x000000008f700000, 0x000000008f800000, 0x000000008f800000|100%| O|  |TAMS 0x000000008f800000| PB 0x000000008f700000| Untracked 
| 248|0x000000008f800000, 0x000000008f900000, 0x000000008f900000|100%| O|  |TAMS 0x000000008f900000| PB 0x000000008f800000| Untracked 
| 249|0x000000008f900000, 0x000000008fa00000, 0x000000008fa00000|100%| O|  |TAMS 0x000000008fa00000| PB 0x000000008f900000| Untracked 
| 250|0x000000008fa00000, 0x000000008fb00000, 0x000000008fb00000|100%| O|  |TAMS 0x000000008fb00000| PB 0x000000008fa00000| Untracked 
| 251|0x000000008fb00000, 0x000000008fc00000, 0x000000008fc00000|100%| O|  |TAMS 0x000000008fc00000| PB 0x000000008fb00000| Untracked 
| 252|0x000000008fc00000, 0x000000008fd00000, 0x000000008fd00000|100%| O|  |TAMS 0x000000008fd00000| PB 0x000000008fc00000| Untracked 
| 253|0x000000008fd00000, 0x000000008fe00000, 0x000000008fe00000|100%| O|  |TAMS 0x000000008fe00000| PB 0x000000008fd00000| Untracked 
| 254|0x000000008fe00000, 0x000000008ff00000, 0x000000008ff00000|100%| O|  |TAMS 0x000000008ff00000| PB 0x000000008fe00000| Untracked 
| 255|0x000000008ff00000, 0x0000000090000000, 0x0000000090000000|100%| O|  |TAMS 0x0000000090000000| PB 0x000000008ff00000| Untracked 
| 256|0x0000000090000000, 0x0000000090100000, 0x0000000090100000|100%| O|  |TAMS 0x0000000090100000| PB 0x0000000090000000| Untracked 
| 257|0x0000000090100000, 0x0000000090200000, 0x0000000090200000|100%| O|  |TAMS 0x0000000090200000| PB 0x0000000090100000| Untracked 
| 258|0x0000000090200000, 0x0000000090300000, 0x0000000090300000|100%| O|  |TAMS 0x0000000090300000| PB 0x0000000090200000| Untracked 
| 259|0x0000000090300000, 0x0000000090400000, 0x0000000090400000|100%| O|  |TAMS 0x0000000090400000| PB 0x0000000090300000| Untracked 
| 260|0x0000000090400000, 0x0000000090500000, 0x0000000090500000|100%| O|  |TAMS 0x0000000090500000| PB 0x0000000090400000| Untracked 
| 261|0x0000000090500000, 0x0000000090600000, 0x0000000090600000|100%| O|  |TAMS 0x0000000090600000| PB 0x0000000090500000| Untracked 
| 262|0x0000000090600000, 0x0000000090700000, 0x0000000090700000|100%| O|  |TAMS 0x0000000090700000| PB 0x0000000090600000| Untracked 
| 263|0x0000000090700000, 0x0000000090800000, 0x0000000090800000|100%| O|  |TAMS 0x0000000090800000| PB 0x0000000090700000| Untracked 
| 264|0x0000000090800000, 0x0000000090900000, 0x0000000090900000|100%| O|  |TAMS 0x0000000090900000| PB 0x0000000090800000| Untracked 
| 265|0x0000000090900000, 0x0000000090a00000, 0x0000000090a00000|100%| O|  |TAMS 0x0000000090a00000| PB 0x0000000090900000| Untracked 
| 266|0x0000000090a00000, 0x0000000090b00000, 0x0000000090b00000|100%| O|  |TAMS 0x0000000090b00000| PB 0x0000000090a00000| Untracked 
| 267|0x0000000090b00000, 0x0000000090c00000, 0x0000000090c00000|100%| O|  |TAMS 0x0000000090c00000| PB 0x0000000090b00000| Untracked 
| 268|0x0000000090c00000, 0x0000000090d00000, 0x0000000090d00000|100%| O|  |TAMS 0x0000000090d00000| PB 0x0000000090c00000| Untracked 
| 269|0x0000000090d00000, 0x0000000090e00000, 0x0000000090e00000|100%| O|  |TAMS 0x0000000090e00000| PB 0x0000000090d00000| Untracked 
| 270|0x0000000090e00000, 0x0000000090f00000, 0x0000000090f00000|100%| O|  |TAMS 0x0000000090f00000| PB 0x0000000090e00000| Untracked 
| 271|0x0000000090f00000, 0x0000000091000000, 0x0000000091000000|100%| O|  |TAMS 0x0000000091000000| PB 0x0000000090f00000| Untracked 
| 272|0x0000000091000000, 0x0000000091100000, 0x0000000091100000|100%| O|  |TAMS 0x0000000091100000| PB 0x0000000091000000| Untracked 
| 273|0x0000000091100000, 0x0000000091200000, 0x0000000091200000|100%| O|  |TAMS 0x0000000091200000| PB 0x0000000091100000| Untracked 
| 274|0x0000000091200000, 0x0000000091300000, 0x0000000091300000|100%| O|  |TAMS 0x0000000091300000| PB 0x0000000091200000| Untracked 
| 275|0x0000000091300000, 0x0000000091400000, 0x0000000091400000|100%| O|  |TAMS 0x0000000091400000| PB 0x0000000091300000| Untracked 
| 276|0x0000000091400000, 0x0000000091500000, 0x0000000091500000|100%| O|  |TAMS 0x0000000091500000| PB 0x0000000091400000| Untracked 
| 277|0x0000000091500000, 0x0000000091600000, 0x0000000091600000|100%| O|  |TAMS 0x0000000091600000| PB 0x0000000091500000| Untracked 
| 278|0x0000000091600000, 0x0000000091700000, 0x0000000091700000|100%| O|  |TAMS 0x0000000091700000| PB 0x0000000091600000| Untracked 
| 279|0x0000000091700000, 0x0000000091800000, 0x0000000091800000|100%| O|  |TAMS 0x0000000091800000| PB 0x0000000091700000| Untracked 
| 280|0x0000000091800000, 0x0000000091900000, 0x0000000091900000|100%| O|  |TAMS 0x0000000091900000| PB 0x0000000091800000| Untracked 
| 281|0x0000000091900000, 0x0000000091a00000, 0x0000000091a00000|100%| O|  |TAMS 0x0000000091a00000| PB 0x0000000091900000| Untracked 
| 282|0x0000000091a00000, 0x0000000091b00000, 0x0000000091b00000|100%| O|  |TAMS 0x0000000091b00000| PB 0x0000000091a00000| Untracked 
| 283|0x0000000091b00000, 0x0000000091c00000, 0x0000000091c00000|100%| O|  |TAMS 0x0000000091c00000| PB 0x0000000091b00000| Untracked 
| 284|0x0000000091c00000, 0x0000000091d00000, 0x0000000091d00000|100%| O|  |TAMS 0x0000000091d00000| PB 0x0000000091c00000| Untracked 
| 285|0x0000000091d00000, 0x0000000091e00000, 0x0000000091e00000|100%| O|  |TAMS 0x0000000091e00000| PB 0x0000000091d00000| Untracked 
| 286|0x0000000091e00000, 0x0000000091f00000, 0x0000000091f00000|100%| O|  |TAMS 0x0000000091f00000| PB 0x0000000091e00000| Untracked 
| 287|0x0000000091f00000, 0x0000000092000000, 0x0000000092000000|100%| O|  |TAMS 0x0000000092000000| PB 0x0000000091f00000| Untracked 
| 288|0x0000000092000000, 0x0000000092100000, 0x0000000092100000|100%| O|  |TAMS 0x0000000092100000| PB 0x0000000092000000| Untracked 
| 289|0x0000000092100000, 0x0000000092200000, 0x0000000092200000|100%| O|  |TAMS 0x0000000092200000| PB 0x0000000092100000| Untracked 
| 290|0x0000000092200000, 0x0000000092300000, 0x0000000092300000|100%| O|  |TAMS 0x0000000092300000| PB 0x0000000092200000| Untracked 
| 291|0x0000000092300000, 0x0000000092400000, 0x0000000092400000|100%| O|  |TAMS 0x0000000092400000| PB 0x0000000092300000| Untracked 
| 292|0x0000000092400000, 0x0000000092500000, 0x0000000092500000|100%| O|  |TAMS 0x0000000092500000| PB 0x0000000092400000| Untracked 
| 293|0x0000000092500000, 0x0000000092600000, 0x0000000092600000|100%| O|  |TAMS 0x0000000092600000| PB 0x0000000092500000| Untracked 
| 294|0x0000000092600000, 0x0000000092700000, 0x0000000092700000|100%| O|  |TAMS 0x0000000092700000| PB 0x0000000092600000| Untracked 
| 295|0x0000000092700000, 0x0000000092800000, 0x0000000092800000|100%| O|  |TAMS 0x0000000092800000| PB 0x0000000092700000| Untracked 
| 296|0x0000000092800000, 0x0000000092900000, 0x0000000092900000|100%| O|  |TAMS 0x0000000092900000| PB 0x0000000092800000| Untracked 
| 297|0x0000000092900000, 0x0000000092a00000, 0x0000000092a00000|100%| O|  |TAMS 0x0000000092a00000| PB 0x0000000092900000| Untracked 
| 298|0x0000000092a00000, 0x0000000092b00000, 0x0000000092b00000|100%|HS|  |TAMS 0x0000000092b00000| PB 0x0000000092a00000| Complete 
| 299|0x0000000092b00000, 0x0000000092c00000, 0x0000000092c00000|100%|HC|  |TAMS 0x0000000092c00000| PB 0x0000000092b00000| Complete 
| 300|0x0000000092c00000, 0x0000000092d00000, 0x0000000092d00000|100%| O|  |TAMS 0x0000000092d00000| PB 0x0000000092c00000| Untracked 
| 301|0x0000000092d00000, 0x0000000092e00000, 0x0000000092e00000|100%| O|  |TAMS 0x0000000092e00000| PB 0x0000000092d00000| Untracked 
| 302|0x0000000092e00000, 0x0000000092f00000, 0x0000000092f00000|100%| O|  |TAMS 0x0000000092f00000| PB 0x0000000092e00000| Untracked 
| 303|0x0000000092f00000, 0x0000000093000000, 0x0000000093000000|100%| O|  |TAMS 0x0000000093000000| PB 0x0000000092f00000| Untracked 
| 304|0x0000000093000000, 0x0000000093100000, 0x0000000093100000|100%| O|  |TAMS 0x0000000093100000| PB 0x0000000093000000| Untracked 
| 305|0x0000000093100000, 0x0000000093200000, 0x0000000093200000|100%| O|  |TAMS 0x0000000093200000| PB 0x0000000093100000| Untracked 
| 306|0x0000000093200000, 0x0000000093300000, 0x0000000093300000|100%| O|  |TAMS 0x0000000093300000| PB 0x0000000093200000| Untracked 
| 307|0x0000000093300000, 0x0000000093400000, 0x0000000093400000|100%| O|  |TAMS 0x0000000093400000| PB 0x0000000093300000| Untracked 
| 308|0x0000000093400000, 0x0000000093500000, 0x0000000093500000|100%| O|  |TAMS 0x0000000093500000| PB 0x0000000093400000| Untracked 
| 309|0x0000000093500000, 0x0000000093600000, 0x0000000093600000|100%| O|  |TAMS 0x0000000093600000| PB 0x0000000093500000| Untracked 
| 310|0x0000000093600000, 0x0000000093700000, 0x0000000093700000|100%| O|  |TAMS 0x0000000093700000| PB 0x0000000093600000| Untracked 
| 311|0x0000000093700000, 0x0000000093800000, 0x0000000093800000|100%| O|  |TAMS 0x0000000093800000| PB 0x0000000093700000| Untracked 
| 312|0x0000000093800000, 0x0000000093900000, 0x0000000093900000|100%| O|  |TAMS 0x0000000093900000| PB 0x0000000093800000| Untracked 
| 313|0x0000000093900000, 0x0000000093a00000, 0x0000000093a00000|100%| O|  |TAMS 0x0000000093a00000| PB 0x0000000093900000| Untracked 
| 314|0x0000000093a00000, 0x0000000093b00000, 0x0000000093b00000|100%| O|  |TAMS 0x0000000093b00000| PB 0x0000000093a00000| Untracked 
| 315|0x0000000093b00000, 0x0000000093c00000, 0x0000000093c00000|100%| O|  |TAMS 0x0000000093c00000| PB 0x0000000093b00000| Untracked 
| 316|0x0000000093c00000, 0x0000000093d00000, 0x0000000093d00000|100%| O|  |TAMS 0x0000000093d00000| PB 0x0000000093c00000| Untracked 
| 317|0x0000000093d00000, 0x0000000093e00000, 0x0000000093e00000|100%| O|  |TAMS 0x0000000093e00000| PB 0x0000000093d00000| Untracked 
| 318|0x0000000093e00000, 0x0000000093f00000, 0x0000000093f00000|100%| O|  |TAMS 0x0000000093f00000| PB 0x0000000093e00000| Untracked 
| 319|0x0000000093f00000, 0x0000000094000000, 0x0000000094000000|100%| O|  |TAMS 0x0000000094000000| PB 0x0000000093f00000| Untracked 
| 320|0x0000000094000000, 0x0000000094100000, 0x0000000094100000|100%| O|  |TAMS 0x0000000094100000| PB 0x0000000094000000| Untracked 
| 321|0x0000000094100000, 0x0000000094200000, 0x0000000094200000|100%| O|  |TAMS 0x0000000094200000| PB 0x0000000094100000| Untracked 
| 322|0x0000000094200000, 0x0000000094300000, 0x0000000094300000|100%| O|  |TAMS 0x0000000094300000| PB 0x0000000094200000| Untracked 
| 323|0x0000000094300000, 0x0000000094400000, 0x0000000094400000|100%| O|  |TAMS 0x0000000094400000| PB 0x0000000094300000| Untracked 
| 324|0x0000000094400000, 0x0000000094500000, 0x0000000094500000|100%| O|  |TAMS 0x0000000094500000| PB 0x0000000094400000| Untracked 
| 325|0x0000000094500000, 0x0000000094600000, 0x0000000094600000|100%| O|  |TAMS 0x0000000094600000| PB 0x0000000094500000| Untracked 
| 326|0x0000000094600000, 0x0000000094700000, 0x0000000094700000|100%| O|  |TAMS 0x0000000094700000| PB 0x0000000094600000| Untracked 
| 327|0x0000000094700000, 0x0000000094800000, 0x0000000094800000|100%| O|  |TAMS 0x0000000094800000| PB 0x0000000094700000| Untracked 
| 328|0x0000000094800000, 0x0000000094900000, 0x0000000094900000|100%| O|  |TAMS 0x0000000094900000| PB 0x0000000094800000| Untracked 
| 329|0x0000000094900000, 0x0000000094a00000, 0x0000000094a00000|100%| O|  |TAMS 0x0000000094a00000| PB 0x0000000094900000| Untracked 
| 330|0x0000000094a00000, 0x0000000094b00000, 0x0000000094b00000|100%| O|  |TAMS 0x0000000094b00000| PB 0x0000000094a00000| Untracked 
| 331|0x0000000094b00000, 0x0000000094c00000, 0x0000000094c00000|100%| O|  |TAMS 0x0000000094c00000| PB 0x0000000094b00000| Untracked 
| 332|0x0000000094c00000, 0x0000000094d00000, 0x0000000094d00000|100%| O|  |TAMS 0x0000000094d00000| PB 0x0000000094c00000| Untracked 
| 333|0x0000000094d00000, 0x0000000094e00000, 0x0000000094e00000|100%| O|  |TAMS 0x0000000094e00000| PB 0x0000000094d00000| Untracked 
| 334|0x0000000094e00000, 0x0000000094f00000, 0x0000000094f00000|100%| O|  |TAMS 0x0000000094f00000| PB 0x0000000094e00000| Untracked 
| 335|0x0000000094f00000, 0x0000000095000000, 0x0000000095000000|100%| O|  |TAMS 0x0000000095000000| PB 0x0000000094f00000| Untracked 
| 336|0x0000000095000000, 0x0000000095100000, 0x0000000095100000|100%| O|  |TAMS 0x0000000095100000| PB 0x0000000095000000| Untracked 
| 337|0x0000000095100000, 0x0000000095200000, 0x0000000095200000|100%| O|  |TAMS 0x0000000095200000| PB 0x0000000095100000| Untracked 
| 338|0x0000000095200000, 0x0000000095300000, 0x0000000095300000|100%| O|  |TAMS 0x0000000095300000| PB 0x0000000095200000| Untracked 
| 339|0x0000000095300000, 0x0000000095400000, 0x0000000095400000|100%| O|  |TAMS 0x0000000095400000| PB 0x0000000095300000| Untracked 
| 340|0x0000000095400000, 0x0000000095500000, 0x0000000095500000|100%| O|  |TAMS 0x0000000095500000| PB 0x0000000095400000| Untracked 
| 341|0x0000000095500000, 0x0000000095600000, 0x0000000095600000|100%| O|  |TAMS 0x0000000095600000| PB 0x0000000095500000| Untracked 
| 342|0x0000000095600000, 0x0000000095700000, 0x0000000095700000|100%| O|  |TAMS 0x0000000095700000| PB 0x0000000095600000| Untracked 
| 343|0x0000000095700000, 0x0000000095800000, 0x0000000095800000|100%| O|  |TAMS 0x0000000095800000| PB 0x0000000095700000| Untracked 
| 344|0x0000000095800000, 0x0000000095900000, 0x0000000095900000|100%| O|  |TAMS 0x0000000095900000| PB 0x0000000095800000| Untracked 
| 345|0x0000000095900000, 0x0000000095a00000, 0x0000000095a00000|100%| O|  |TAMS 0x0000000095a00000| PB 0x0000000095900000| Untracked 
| 346|0x0000000095a00000, 0x0000000095b00000, 0x0000000095b00000|100%| O|  |TAMS 0x0000000095b00000| PB 0x0000000095a00000| Untracked 
| 347|0x0000000095b00000, 0x0000000095c00000, 0x0000000095c00000|100%| O|  |TAMS 0x0000000095c00000| PB 0x0000000095b00000| Untracked 
| 348|0x0000000095c00000, 0x0000000095d00000, 0x0000000095d00000|100%| O|  |TAMS 0x0000000095d00000| PB 0x0000000095c00000| Untracked 
| 349|0x0000000095d00000, 0x0000000095e00000, 0x0000000095e00000|100%| O|  |TAMS 0x0000000095e00000| PB 0x0000000095d00000| Untracked 
| 350|0x0000000095e00000, 0x0000000095f00000, 0x0000000095f00000|100%| O|  |TAMS 0x0000000095f00000| PB 0x0000000095e00000| Untracked 
| 351|0x0000000095f00000, 0x0000000096000000, 0x0000000096000000|100%| O|  |TAMS 0x0000000096000000| PB 0x0000000095f00000| Untracked 
| 352|0x0000000096000000, 0x0000000096100000, 0x0000000096100000|100%| O|  |TAMS 0x0000000096100000| PB 0x0000000096000000| Untracked 
| 353|0x0000000096100000, 0x0000000096200000, 0x0000000096200000|100%| O|  |TAMS 0x0000000096200000| PB 0x0000000096100000| Untracked 
| 354|0x0000000096200000, 0x0000000096300000, 0x0000000096300000|100%| O|  |TAMS 0x0000000096200000| PB 0x0000000096200000| Untracked 
| 355|0x0000000096300000, 0x0000000096400000, 0x0000000096400000|100%| O|  |TAMS 0x0000000096300000| PB 0x0000000096300000| Untracked 
| 356|0x0000000096400000, 0x0000000096500000, 0x0000000096500000|100%| O|  |TAMS 0x0000000096400000| PB 0x0000000096400000| Untracked 
| 357|0x0000000096500000, 0x0000000096600000, 0x0000000096600000|100%| O|  |TAMS 0x0000000096500000| PB 0x0000000096500000| Untracked 
| 358|0x0000000096600000, 0x0000000096700000, 0x0000000096700000|100%| O|  |TAMS 0x0000000096600000| PB 0x0000000096600000| Untracked 
| 359|0x0000000096700000, 0x0000000096800000, 0x0000000096800000|100%| O|  |TAMS 0x0000000096700000| PB 0x0000000096700000| Untracked 
| 360|0x0000000096800000, 0x0000000096900000, 0x0000000096900000|100%| O|  |TAMS 0x0000000096800000| PB 0x0000000096800000| Untracked 
| 361|0x0000000096900000, 0x0000000096a00000, 0x0000000096a00000|100%| O|  |TAMS 0x0000000096900000| PB 0x0000000096900000| Untracked 
| 362|0x0000000096a00000, 0x0000000096b00000, 0x0000000096b00000|100%| O|  |TAMS 0x0000000096b00000| PB 0x0000000096a00000| Untracked 
| 363|0x0000000096b00000, 0x0000000096c00000, 0x0000000096c00000|100%| O|  |TAMS 0x0000000096b00000| PB 0x0000000096b00000| Untracked 
| 364|0x0000000096c00000, 0x0000000096d00000, 0x0000000096d00000|100%| O|  |TAMS 0x0000000096d00000| PB 0x0000000096c00000| Untracked 
| 365|0x0000000096d00000, 0x0000000096e00000, 0x0000000096e00000|100%| O|  |TAMS 0x0000000096d00000| PB 0x0000000096d00000| Untracked 
| 366|0x0000000096e00000, 0x0000000096f00000, 0x0000000096f00000|100%| O|  |TAMS 0x0000000096f00000| PB 0x0000000096e00000| Untracked 
| 367|0x0000000096f00000, 0x0000000097000000, 0x0000000097000000|100%| O|  |TAMS 0x0000000097000000| PB 0x0000000096f00000| Untracked 
| 368|0x0000000097000000, 0x0000000097100000, 0x0000000097100000|100%| O|  |TAMS 0x0000000097100000| PB 0x0000000097000000| Untracked 
| 369|0x0000000097100000, 0x0000000097200000, 0x0000000097200000|100%| O|  |TAMS 0x0000000097200000| PB 0x0000000097100000| Untracked 
| 370|0x0000000097200000, 0x0000000097300000, 0x0000000097300000|100%| O|  |TAMS 0x0000000097200000| PB 0x0000000097200000| Untracked 
| 371|0x0000000097300000, 0x0000000097400000, 0x0000000097400000|100%| O|  |TAMS 0x0000000097300000| PB 0x0000000097300000| Untracked 
| 372|0x0000000097400000, 0x0000000097500000, 0x0000000097500000|100%| O|  |TAMS 0x0000000097400000| PB 0x0000000097400000| Untracked 
| 373|0x0000000097500000, 0x0000000097600000, 0x0000000097600000|100%| O|  |TAMS 0x0000000097500000| PB 0x0000000097500000| Untracked 
| 374|0x0000000097600000, 0x0000000097700000, 0x0000000097700000|100%| O|  |TAMS 0x0000000097600000| PB 0x0000000097600000| Untracked 
| 375|0x0000000097700000, 0x0000000097800000, 0x0000000097800000|100%| O|  |TAMS 0x0000000097700000| PB 0x0000000097700000| Untracked 
| 376|0x0000000097800000, 0x0000000097900000, 0x0000000097900000|100%| O|  |TAMS 0x0000000097800000| PB 0x0000000097800000| Untracked 
| 377|0x0000000097900000, 0x0000000097a00000, 0x0000000097a00000|100%|HS|  |TAMS 0x0000000097a00000| PB 0x0000000097900000| Complete 
| 378|0x0000000097a00000, 0x0000000097b00000, 0x0000000097b00000|100%|HC|  |TAMS 0x0000000097b00000| PB 0x0000000097a00000| Complete 
| 379|0x0000000097b00000, 0x0000000097c00000, 0x0000000097c00000|100%| O|  |TAMS 0x0000000097b00000| PB 0x0000000097b00000| Untracked 
| 380|0x0000000097c00000, 0x0000000097d00000, 0x0000000097d00000|100%|HS|  |TAMS 0x0000000097d00000| PB 0x0000000097c00000| Complete 
| 381|0x0000000097d00000, 0x0000000097e00000, 0x0000000097e00000|100%| O|  |TAMS 0x0000000097d00000| PB 0x0000000097d00000| Untracked 
| 382|0x0000000097e00000, 0x0000000097f00000, 0x0000000097f00000|100%| O|  |TAMS 0x0000000097e00000| PB 0x0000000097e00000| Untracked 
| 383|0x0000000097f00000, 0x0000000098000000, 0x0000000098000000|100%| O|  |TAMS 0x0000000098000000| PB 0x0000000097f00000| Untracked 
| 384|0x0000000098000000, 0x0000000098100000, 0x0000000098100000|100%| O|  |TAMS 0x0000000098100000| PB 0x0000000098000000| Untracked 
| 385|0x0000000098100000, 0x0000000098200000, 0x0000000098200000|100%| O|  |TAMS 0x0000000098100000| PB 0x0000000098100000| Untracked 
| 386|0x0000000098200000, 0x0000000098300000, 0x0000000098300000|100%| O|  |TAMS 0x0000000098200000| PB 0x0000000098200000| Untracked 
| 387|0x0000000098300000, 0x0000000098400000, 0x0000000098400000|100%| O|  |TAMS 0x0000000098300000| PB 0x0000000098300000| Untracked 
| 388|0x0000000098400000, 0x0000000098500000, 0x0000000098500000|100%| O|  |TAMS 0x0000000098400000| PB 0x0000000098400000| Untracked 
| 389|0x0000000098500000, 0x0000000098600000, 0x0000000098600000|100%| O|  |TAMS 0x0000000098600000| PB 0x0000000098500000| Untracked 
| 390|0x0000000098600000, 0x0000000098700000, 0x0000000098700000|100%| O|  |TAMS 0x0000000098600000| PB 0x0000000098600000| Untracked 
| 391|0x0000000098700000, 0x0000000098800000, 0x0000000098800000|100%| O|  |TAMS 0x0000000098700000| PB 0x0000000098700000| Untracked 
| 392|0x0000000098800000, 0x0000000098900000, 0x0000000098900000|100%| O|  |TAMS 0x0000000098800000| PB 0x0000000098800000| Untracked 
| 393|0x0000000098900000, 0x0000000098a00000, 0x0000000098a00000|100%| O|  |TAMS 0x0000000098900000| PB 0x0000000098900000| Untracked 
| 394|0x0000000098a00000, 0x0000000098b00000, 0x0000000098b00000|100%| O|  |TAMS 0x0000000098a00000| PB 0x0000000098a00000| Untracked 
| 395|0x0000000098b00000, 0x0000000098c00000, 0x0000000098c00000|100%| O|  |TAMS 0x0000000098c00000| PB 0x0000000098b00000| Untracked 
| 396|0x0000000098c00000, 0x0000000098d00000, 0x0000000098d00000|100%| O|  |TAMS 0x0000000098c00000| PB 0x0000000098c00000| Untracked 
| 397|0x0000000098d00000, 0x0000000098e00000, 0x0000000098e00000|100%| O|  |TAMS 0x0000000098d00000| PB 0x0000000098d00000| Untracked 
| 398|0x0000000098e00000, 0x0000000098f00000, 0x0000000098f00000|100%| O|  |TAMS 0x0000000098e00000| PB 0x0000000098e00000| Untracked 
| 399|0x0000000098f00000, 0x0000000099000000, 0x0000000099000000|100%| O|  |TAMS 0x0000000098f00000| PB 0x0000000098f00000| Untracked 
| 400|0x0000000099000000, 0x0000000099100000, 0x0000000099100000|100%| O|  |TAMS 0x0000000099000000| PB 0x0000000099000000| Untracked 
| 401|0x0000000099100000, 0x0000000099200000, 0x0000000099200000|100%| O|  |TAMS 0x0000000099200000| PB 0x0000000099100000| Untracked 
| 402|0x0000000099200000, 0x0000000099300000, 0x0000000099300000|100%| O|  |TAMS 0x0000000099300000| PB 0x0000000099200000| Untracked 
| 403|0x0000000099300000, 0x0000000099400000, 0x0000000099400000|100%| O|  |TAMS 0x0000000099400000| PB 0x0000000099300000| Untracked 
| 404|0x0000000099400000, 0x0000000099500000, 0x0000000099500000|100%| O|  |TAMS 0x0000000099500000| PB 0x0000000099400000| Untracked 
| 405|0x0000000099500000, 0x0000000099600000, 0x0000000099600000|100%| O|  |TAMS 0x0000000099600000| PB 0x0000000099500000| Untracked 
| 406|0x0000000099600000, 0x0000000099700000, 0x0000000099700000|100%| O|  |TAMS 0x0000000099600000| PB 0x0000000099600000| Untracked 
| 407|0x0000000099700000, 0x0000000099800000, 0x0000000099800000|100%| O|  |TAMS 0x0000000099700000| PB 0x0000000099700000| Untracked 
| 408|0x0000000099800000, 0x0000000099900000, 0x0000000099900000|100%| O|  |TAMS 0x0000000099800000| PB 0x0000000099800000| Untracked 
| 409|0x0000000099900000, 0x0000000099a00000, 0x0000000099a00000|100%| O|  |TAMS 0x0000000099a00000| PB 0x0000000099900000| Untracked 
| 410|0x0000000099a00000, 0x0000000099b00000, 0x0000000099b00000|100%| O|  |TAMS 0x0000000099b00000| PB 0x0000000099a00000| Untracked 
| 411|0x0000000099b00000, 0x0000000099c00000, 0x0000000099c00000|100%| O|  |TAMS 0x0000000099c00000| PB 0x0000000099b00000| Untracked 
| 412|0x0000000099c00000, 0x0000000099d00000, 0x0000000099d00000|100%| O|  |TAMS 0x0000000099c00000| PB 0x0000000099c00000| Untracked 
| 413|0x0000000099d00000, 0x0000000099e00000, 0x0000000099e00000|100%| O|  |TAMS 0x0000000099e00000| PB 0x0000000099d00000| Untracked 
| 414|0x0000000099e00000, 0x0000000099f00000, 0x0000000099f00000|100%| O|  |TAMS 0x0000000099f00000| PB 0x0000000099e00000| Untracked 
| 415|0x0000000099f00000, 0x000000009a000000, 0x000000009a000000|100%| O|  |TAMS 0x000000009a000000| PB 0x0000000099f00000| Untracked 
| 416|0x000000009a000000, 0x000000009a100000, 0x000000009a100000|100%| O|  |TAMS 0x000000009a100000| PB 0x000000009a000000| Untracked 
| 417|0x000000009a100000, 0x000000009a200000, 0x000000009a200000|100%| O|  |TAMS 0x000000009a200000| PB 0x000000009a100000| Untracked 
| 418|0x000000009a200000, 0x000000009a300000, 0x000000009a300000|100%| O|  |TAMS 0x000000009a300000| PB 0x000000009a200000| Untracked 
| 419|0x000000009a300000, 0x000000009a400000, 0x000000009a400000|100%| O|  |TAMS 0x000000009a400000| PB 0x000000009a300000| Untracked 
| 420|0x000000009a400000, 0x000000009a500000, 0x000000009a500000|100%| O|  |TAMS 0x000000009a500000| PB 0x000000009a400000| Untracked 
| 421|0x000000009a500000, 0x000000009a600000, 0x000000009a600000|100%| O|  |TAMS 0x000000009a600000| PB 0x000000009a500000| Untracked 
| 422|0x000000009a600000, 0x000000009a700000, 0x000000009a700000|100%| O|  |TAMS 0x000000009a700000| PB 0x000000009a600000| Untracked 
| 423|0x000000009a700000, 0x000000009a800000, 0x000000009a800000|100%| O|  |TAMS 0x000000009a800000| PB 0x000000009a700000| Untracked 
| 424|0x000000009a800000, 0x000000009a900000, 0x000000009a900000|100%| O|  |TAMS 0x000000009a800000| PB 0x000000009a800000| Untracked 
| 425|0x000000009a900000, 0x000000009aa00000, 0x000000009aa00000|100%| O|  |TAMS 0x000000009a900000| PB 0x000000009a900000| Untracked 
| 426|0x000000009aa00000, 0x000000009ab00000, 0x000000009ab00000|100%| O|  |TAMS 0x000000009aa00000| PB 0x000000009aa00000| Untracked 
| 427|0x000000009ab00000, 0x000000009ac00000, 0x000000009ac00000|100%| O|  |TAMS 0x000000009ab00000| PB 0x000000009ab00000| Untracked 
| 428|0x000000009ac00000, 0x000000009ad00000, 0x000000009ad00000|100%| O|  |TAMS 0x000000009ac00000| PB 0x000000009ac00000| Untracked 
| 429|0x000000009ad00000, 0x000000009ae00000, 0x000000009ae00000|100%| O|  |TAMS 0x000000009ad00000| PB 0x000000009ad00000| Untracked 
| 430|0x000000009ae00000, 0x000000009af00000, 0x000000009af00000|100%| O|  |TAMS 0x000000009ae00000| PB 0x000000009ae00000| Untracked 
| 431|0x000000009af00000, 0x000000009b000000, 0x000000009b000000|100%| O|  |TAMS 0x000000009af00000| PB 0x000000009af00000| Untracked 
| 432|0x000000009b000000, 0x000000009b100000, 0x000000009b100000|100%| O|  |TAMS 0x000000009b000000| PB 0x000000009b000000| Untracked 
| 433|0x000000009b100000, 0x000000009b200000, 0x000000009b200000|100%| O|  |TAMS 0x000000009b100000| PB 0x000000009b100000| Untracked 
| 434|0x000000009b200000, 0x000000009b300000, 0x000000009b300000|100%| O|  |TAMS 0x000000009b200000| PB 0x000000009b200000| Untracked 
| 435|0x000000009b300000, 0x000000009b400000, 0x000000009b400000|100%| O|  |TAMS 0x000000009b300000| PB 0x000000009b300000| Untracked 
| 436|0x000000009b400000, 0x000000009b500000, 0x000000009b500000|100%| O|  |TAMS 0x000000009b400000| PB 0x000000009b400000| Untracked 
| 437|0x000000009b500000, 0x000000009b600000, 0x000000009b600000|100%| O|  |TAMS 0x000000009b500000| PB 0x000000009b500000| Untracked 
| 438|0x000000009b600000, 0x000000009b700000, 0x000000009b700000|100%| O|  |TAMS 0x000000009b600000| PB 0x000000009b600000| Untracked 
| 439|0x000000009b700000, 0x000000009b800000, 0x000000009b800000|100%| O|  |TAMS 0x000000009b700000| PB 0x000000009b700000| Untracked 
| 440|0x000000009b800000, 0x000000009b900000, 0x000000009b900000|100%| O|  |TAMS 0x000000009b800000| PB 0x000000009b800000| Untracked 
| 441|0x000000009b900000, 0x000000009ba00000, 0x000000009ba00000|100%| O|  |TAMS 0x000000009b900000| PB 0x000000009b900000| Untracked 
| 442|0x000000009ba00000, 0x000000009bb00000, 0x000000009bb00000|100%| O|  |TAMS 0x000000009ba00000| PB 0x000000009ba00000| Untracked 
| 443|0x000000009bb00000, 0x000000009bc00000, 0x000000009bc00000|100%| O|  |TAMS 0x000000009bb00000| PB 0x000000009bb00000| Untracked 
| 444|0x000000009bc00000, 0x000000009bd00000, 0x000000009bd00000|100%| O|  |TAMS 0x000000009bc00000| PB 0x000000009bc00000| Untracked 
| 445|0x000000009bd00000, 0x000000009be00000, 0x000000009be00000|100%| O|  |TAMS 0x000000009bd00000| PB 0x000000009bd00000| Untracked 
| 446|0x000000009be00000, 0x000000009bf00000, 0x000000009bf00000|100%| O|  |TAMS 0x000000009be00000| PB 0x000000009be00000| Untracked 
| 447|0x000000009bf00000, 0x000000009c000000, 0x000000009c000000|100%| O|  |TAMS 0x000000009bf00000| PB 0x000000009bf00000| Untracked 
| 448|0x000000009c000000, 0x000000009c100000, 0x000000009c100000|100%| O|  |TAMS 0x000000009c000000| PB 0x000000009c000000| Untracked 
| 449|0x000000009c100000, 0x000000009c200000, 0x000000009c200000|100%| O|  |TAMS 0x000000009c100000| PB 0x000000009c100000| Untracked 
| 450|0x000000009c200000, 0x000000009c300000, 0x000000009c300000|100%| O|  |TAMS 0x000000009c200000| PB 0x000000009c200000| Untracked 
| 451|0x000000009c300000, 0x000000009c400000, 0x000000009c400000|100%| O|  |TAMS 0x000000009c300000| PB 0x000000009c300000| Untracked 
| 452|0x000000009c400000, 0x000000009c500000, 0x000000009c500000|100%| O|  |TAMS 0x000000009c400000| PB 0x000000009c400000| Untracked 
| 453|0x000000009c500000, 0x000000009c600000, 0x000000009c600000|100%| O|  |TAMS 0x000000009c500000| PB 0x000000009c500000| Untracked 
| 454|0x000000009c600000, 0x000000009c700000, 0x000000009c700000|100%| O|  |TAMS 0x000000009c600000| PB 0x000000009c600000| Untracked 
| 455|0x000000009c700000, 0x000000009c800000, 0x000000009c800000|100%| O|  |TAMS 0x000000009c700000| PB 0x000000009c700000| Untracked 
| 456|0x000000009c800000, 0x000000009c900000, 0x000000009c900000|100%| O|  |TAMS 0x000000009c800000| PB 0x000000009c800000| Untracked 
| 457|0x000000009c900000, 0x000000009ca00000, 0x000000009ca00000|100%| O|  |TAMS 0x000000009c900000| PB 0x000000009c900000| Untracked 
| 458|0x000000009ca00000, 0x000000009cb00000, 0x000000009cb00000|100%| O|  |TAMS 0x000000009ca00000| PB 0x000000009ca00000| Untracked 
| 459|0x000000009cb00000, 0x000000009cc00000, 0x000000009cc00000|100%| O|  |TAMS 0x000000009cb00000| PB 0x000000009cb00000| Untracked 
| 460|0x000000009cc00000, 0x000000009cd00000, 0x000000009cd00000|100%| O|  |TAMS 0x000000009cc00000| PB 0x000000009cc00000| Untracked 
| 461|0x000000009cd00000, 0x000000009ce00000, 0x000000009ce00000|100%| O|  |TAMS 0x000000009cd00000| PB 0x000000009cd00000| Untracked 
| 462|0x000000009ce00000, 0x000000009cf00000, 0x000000009cf00000|100%| O|  |TAMS 0x000000009ce00000| PB 0x000000009ce00000| Untracked 
| 463|0x000000009cf00000, 0x000000009d000000, 0x000000009d000000|100%| O|  |TAMS 0x000000009cf00000| PB 0x000000009cf00000| Untracked 
| 464|0x000000009d000000, 0x000000009d100000, 0x000000009d100000|100%| O|  |TAMS 0x000000009d000000| PB 0x000000009d000000| Untracked 
| 465|0x000000009d100000, 0x000000009d200000, 0x000000009d200000|100%| O|  |TAMS 0x000000009d100000| PB 0x000000009d100000| Untracked 
| 466|0x000000009d200000, 0x000000009d300000, 0x000000009d300000|100%| O|  |TAMS 0x000000009d200000| PB 0x000000009d200000| Untracked 
| 467|0x000000009d300000, 0x000000009d400000, 0x000000009d400000|100%| O|  |TAMS 0x000000009d300000| PB 0x000000009d300000| Untracked 
| 468|0x000000009d400000, 0x000000009d500000, 0x000000009d500000|100%| O|  |TAMS 0x000000009d400000| PB 0x000000009d400000| Untracked 
| 469|0x000000009d500000, 0x000000009d600000, 0x000000009d600000|100%| O|  |TAMS 0x000000009d500000| PB 0x000000009d500000| Untracked 
| 470|0x000000009d600000, 0x000000009d700000, 0x000000009d700000|100%| O|  |TAMS 0x000000009d600000| PB 0x000000009d600000| Untracked 
| 471|0x000000009d700000, 0x000000009d800000, 0x000000009d800000|100%| O|  |TAMS 0x000000009d700000| PB 0x000000009d700000| Untracked 
| 472|0x000000009d800000, 0x000000009d900000, 0x000000009d900000|100%| O|  |TAMS 0x000000009d800000| PB 0x000000009d800000| Untracked 
| 473|0x000000009d900000, 0x000000009da00000, 0x000000009da00000|100%| O|  |TAMS 0x000000009d900000| PB 0x000000009d900000| Untracked 
| 474|0x000000009da00000, 0x000000009db00000, 0x000000009db00000|100%| O|  |TAMS 0x000000009da00000| PB 0x000000009da00000| Untracked 
| 475|0x000000009db00000, 0x000000009dc00000, 0x000000009dc00000|100%| O|  |TAMS 0x000000009db00000| PB 0x000000009db00000| Untracked 
| 476|0x000000009dc00000, 0x000000009dd00000, 0x000000009dd00000|100%| O|  |TAMS 0x000000009dc00000| PB 0x000000009dc00000| Untracked 
| 477|0x000000009dd00000, 0x000000009de00000, 0x000000009de00000|100%| O|  |TAMS 0x000000009dd00000| PB 0x000000009dd00000| Untracked 
| 478|0x000000009de00000, 0x000000009df00000, 0x000000009df00000|100%| O|  |TAMS 0x000000009de00000| PB 0x000000009de00000| Untracked 
| 479|0x000000009df00000, 0x000000009e000000, 0x000000009e000000|100%| O|  |TAMS 0x000000009df00000| PB 0x000000009df00000| Untracked 
| 480|0x000000009e000000, 0x000000009e100000, 0x000000009e100000|100%| O|  |TAMS 0x000000009e000000| PB 0x000000009e000000| Untracked 
| 481|0x000000009e100000, 0x000000009e200000, 0x000000009e200000|100%| O|  |TAMS 0x000000009e100000| PB 0x000000009e100000| Untracked 
| 482|0x000000009e200000, 0x000000009e300000, 0x000000009e300000|100%| O|  |TAMS 0x000000009e200000| PB 0x000000009e200000| Untracked 
| 483|0x000000009e300000, 0x000000009e400000, 0x000000009e400000|100%| O|  |TAMS 0x000000009e300000| PB 0x000000009e300000| Untracked 
| 484|0x000000009e400000, 0x000000009e500000, 0x000000009e500000|100%| O|  |TAMS 0x000000009e400000| PB 0x000000009e400000| Untracked 
| 485|0x000000009e500000, 0x000000009e600000, 0x000000009e600000|100%| O|  |TAMS 0x000000009e500000| PB 0x000000009e500000| Untracked 
| 486|0x000000009e600000, 0x000000009e600000, 0x000000009e700000|  0%| F|  |TAMS 0x000000009e600000| PB 0x000000009e600000| Untracked 
| 487|0x000000009e700000, 0x000000009e700000, 0x000000009e800000|  0%| F|  |TAMS 0x000000009e700000| PB 0x000000009e700000| Untracked 
| 488|0x000000009e800000, 0x000000009e800000, 0x000000009e900000|  0%| F|  |TAMS 0x000000009e800000| PB 0x000000009e800000| Untracked 
| 489|0x000000009e900000, 0x000000009e900000, 0x000000009ea00000|  0%| F|  |TAMS 0x000000009e900000| PB 0x000000009e900000| Untracked 
| 490|0x000000009ea00000, 0x000000009ea00000, 0x000000009eb00000|  0%| F|  |TAMS 0x000000009ea00000| PB 0x000000009ea00000| Untracked 
| 491|0x000000009eb00000, 0x000000009eb00000, 0x000000009ec00000|  0%| F|  |TAMS 0x000000009eb00000| PB 0x000000009eb00000| Untracked 
| 492|0x000000009ec00000, 0x000000009ec00000, 0x000000009ed00000|  0%| F|  |TAMS 0x000000009ec00000| PB 0x000000009ec00000| Untracked 
| 493|0x000000009ed00000, 0x000000009ed00000, 0x000000009ee00000|  0%| F|  |TAMS 0x000000009ed00000| PB 0x000000009ed00000| Untracked 
| 494|0x000000009ee00000, 0x000000009ee00000, 0x000000009ef00000|  0%| F|  |TAMS 0x000000009ee00000| PB 0x000000009ee00000| Untracked 
| 495|0x000000009ef00000, 0x000000009f000000, 0x000000009f000000|100%| O|  |TAMS 0x000000009f000000| PB 0x000000009ef00000| Untracked 
| 496|0x000000009f000000, 0x000000009f100000, 0x000000009f100000|100%| O|  |TAMS 0x000000009f100000| PB 0x000000009f000000| Untracked 
| 497|0x000000009f100000, 0x000000009f200000, 0x000000009f200000|100%| O|  |TAMS 0x000000009f200000| PB 0x000000009f100000| Untracked 
| 498|0x000000009f200000, 0x000000009f200000, 0x000000009f300000|  0%| F|  |TAMS 0x000000009f200000| PB 0x000000009f200000| Untracked 
| 499|0x000000009f300000, 0x000000009f300000, 0x000000009f400000|  0%| F|  |TAMS 0x000000009f300000| PB 0x000000009f300000| Untracked 
| 500|0x000000009f400000, 0x000000009f400000, 0x000000009f500000|  0%| F|  |TAMS 0x000000009f400000| PB 0x000000009f400000| Untracked 
| 501|0x000000009f500000, 0x000000009f500000, 0x000000009f600000|  0%| F|  |TAMS 0x000000009f500000| PB 0x000000009f500000| Untracked 
| 502|0x000000009f600000, 0x000000009f600000, 0x000000009f700000|  0%| F|  |TAMS 0x000000009f600000| PB 0x000000009f600000| Untracked 
| 503|0x000000009f700000, 0x000000009f700000, 0x000000009f800000|  0%| F|  |TAMS 0x000000009f700000| PB 0x000000009f700000| Untracked 
| 504|0x000000009f800000, 0x000000009f800000, 0x000000009f900000|  0%| F|  |TAMS 0x000000009f800000| PB 0x000000009f800000| Untracked 
| 505|0x000000009f900000, 0x000000009f900000, 0x000000009fa00000|  0%| F|  |TAMS 0x000000009f900000| PB 0x000000009f900000| Untracked 
| 506|0x000000009fa00000, 0x000000009fb00000, 0x000000009fb00000|100%| O|  |TAMS 0x000000009fb00000| PB 0x000000009fa00000| Untracked 
| 507|0x000000009fb00000, 0x000000009fc00000, 0x000000009fc00000|100%| O|  |TAMS 0x000000009fc00000| PB 0x000000009fb00000| Untracked 
| 508|0x000000009fc00000, 0x000000009fd00000, 0x000000009fd00000|100%| O|  |TAMS 0x000000009fd00000| PB 0x000000009fc00000| Untracked 
| 509|0x000000009fd00000, 0x000000009fe00000, 0x000000009fe00000|100%| O|  |TAMS 0x000000009fe00000| PB 0x000000009fd00000| Untracked 
| 510|0x000000009fe00000, 0x000000009ff00000, 0x000000009ff00000|100%| O|  |TAMS 0x000000009ff00000| PB 0x000000009fe00000| Untracked 
| 511|0x000000009ff00000, 0x00000000a0000000, 0x00000000a0000000|100%| O|  |TAMS 0x00000000a0000000| PB 0x000000009ff00000| Untracked 
| 512|0x00000000a0000000, 0x00000000a0100000, 0x00000000a0100000|100%| O|  |TAMS 0x00000000a0100000| PB 0x00000000a0000000| Untracked 
| 513|0x00000000a0100000, 0x00000000a0200000, 0x00000000a0200000|100%| O|  |TAMS 0x00000000a0200000| PB 0x00000000a0100000| Untracked 
| 514|0x00000000a0200000, 0x00000000a0300000, 0x00000000a0300000|100%| O|  |TAMS 0x00000000a0300000| PB 0x00000000a0200000| Untracked 
| 515|0x00000000a0300000, 0x00000000a0400000, 0x00000000a0400000|100%| O|  |TAMS 0x00000000a0400000| PB 0x00000000a0300000| Untracked 
| 516|0x00000000a0400000, 0x00000000a0500000, 0x00000000a0500000|100%| O|  |TAMS 0x00000000a0500000| PB 0x00000000a0400000| Untracked 
| 517|0x00000000a0500000, 0x00000000a0600000, 0x00000000a0600000|100%| O|  |TAMS 0x00000000a0600000| PB 0x00000000a0500000| Untracked 
| 518|0x00000000a0600000, 0x00000000a0700000, 0x00000000a0700000|100%| O|  |TAMS 0x00000000a0700000| PB 0x00000000a0600000| Untracked 
| 519|0x00000000a0700000, 0x00000000a0800000, 0x00000000a0800000|100%| O|  |TAMS 0x00000000a0800000| PB 0x00000000a0700000| Untracked 
| 520|0x00000000a0800000, 0x00000000a0900000, 0x00000000a0900000|100%| O|  |TAMS 0x00000000a0900000| PB 0x00000000a0800000| Untracked 
| 521|0x00000000a0900000, 0x00000000a0a00000, 0x00000000a0a00000|100%| O|  |TAMS 0x00000000a0a00000| PB 0x00000000a0900000| Untracked 
| 522|0x00000000a0a00000, 0x00000000a0b00000, 0x00000000a0b00000|100%| O|  |TAMS 0x00000000a0b00000| PB 0x00000000a0a00000| Untracked 
| 523|0x00000000a0b00000, 0x00000000a0b00000, 0x00000000a0c00000|  0%| F|  |TAMS 0x00000000a0b00000| PB 0x00000000a0b00000| Untracked 
| 524|0x00000000a0c00000, 0x00000000a0c00000, 0x00000000a0d00000|  0%| F|  |TAMS 0x00000000a0c00000| PB 0x00000000a0c00000| Untracked 
| 525|0x00000000a0d00000, 0x00000000a0d00000, 0x00000000a0e00000|  0%| F|  |TAMS 0x00000000a0d00000| PB 0x00000000a0d00000| Untracked 
| 526|0x00000000a0e00000, 0x00000000a0f00000, 0x00000000a0f00000|100%| O|  |TAMS 0x00000000a0f00000| PB 0x00000000a0e00000| Untracked 
| 527|0x00000000a0f00000, 0x00000000a1000000, 0x00000000a1000000|100%| O|  |TAMS 0x00000000a1000000| PB 0x00000000a0f00000| Untracked 
| 528|0x00000000a1000000, 0x00000000a1100000, 0x00000000a1100000|100%| O|  |TAMS 0x00000000a1100000| PB 0x00000000a1000000| Untracked 
| 529|0x00000000a1100000, 0x00000000a1200000, 0x00000000a1200000|100%| O|  |TAMS 0x00000000a1200000| PB 0x00000000a1100000| Untracked 
| 530|0x00000000a1200000, 0x00000000a1300000, 0x00000000a1300000|100%| O|  |TAMS 0x00000000a1300000| PB 0x00000000a1200000| Untracked 
| 531|0x00000000a1300000, 0x00000000a1300000, 0x00000000a1400000|  0%| F|  |TAMS 0x00000000a1300000| PB 0x00000000a1300000| Untracked 
| 532|0x00000000a1400000, 0x00000000a1400000, 0x00000000a1500000|  0%| F|  |TAMS 0x00000000a1400000| PB 0x00000000a1400000| Untracked 
| 533|0x00000000a1500000, 0x00000000a1500000, 0x00000000a1600000|  0%| F|  |TAMS 0x00000000a1500000| PB 0x00000000a1500000| Untracked 
| 534|0x00000000a1600000, 0x00000000a1600000, 0x00000000a1700000|  0%| F|  |TAMS 0x00000000a1600000| PB 0x00000000a1600000| Untracked 
| 535|0x00000000a1700000, 0x00000000a1700000, 0x00000000a1800000|  0%| F|  |TAMS 0x00000000a1700000| PB 0x00000000a1700000| Untracked 
| 536|0x00000000a1800000, 0x00000000a1800000, 0x00000000a1900000|  0%| F|  |TAMS 0x00000000a1800000| PB 0x00000000a1800000| Untracked 
| 537|0x00000000a1900000, 0x00000000a1900000, 0x00000000a1a00000|  0%| F|  |TAMS 0x00000000a1900000| PB 0x00000000a1900000| Untracked 
| 538|0x00000000a1a00000, 0x00000000a1b00000, 0x00000000a1b00000|100%|HS|  |TAMS 0x00000000a1b00000| PB 0x00000000a1a00000| Complete 
| 539|0x00000000a1b00000, 0x00000000a1c00000, 0x00000000a1c00000|100%| O|  |TAMS 0x00000000a1c00000| PB 0x00000000a1b00000| Untracked 
| 540|0x00000000a1c00000, 0x00000000a1d00000, 0x00000000a1d00000|100%|HS|  |TAMS 0x00000000a1d00000| PB 0x00000000a1c00000| Complete 
| 541|0x00000000a1d00000, 0x00000000a1d00000, 0x00000000a1e00000|  0%| F|  |TAMS 0x00000000a1d00000| PB 0x00000000a1d00000| Untracked 
| 542|0x00000000a1e00000, 0x00000000a1f00000, 0x00000000a1f00000|100%| O|  |TAMS 0x00000000a1f00000| PB 0x00000000a1e00000| Untracked 
| 543|0x00000000a1f00000, 0x00000000a1f00000, 0x00000000a2000000|  0%| F|  |TAMS 0x00000000a1f00000| PB 0x00000000a1f00000| Untracked 
| 544|0x00000000a2000000, 0x00000000a2100000, 0x00000000a2100000|100%| O|  |TAMS 0x00000000a2100000| PB 0x00000000a2000000| Untracked 
| 545|0x00000000a2100000, 0x00000000a2100000, 0x00000000a2200000|  0%| F|  |TAMS 0x00000000a2100000| PB 0x00000000a2100000| Untracked 
| 546|0x00000000a2200000, 0x00000000a2300000, 0x00000000a2300000|100%| O|  |TAMS 0x00000000a2300000| PB 0x00000000a2200000| Untracked 
| 547|0x00000000a2300000, 0x00000000a2300000, 0x00000000a2400000|  0%| F|  |TAMS 0x00000000a2300000| PB 0x00000000a2300000| Untracked 
| 548|0x00000000a2400000, 0x00000000a2500000, 0x00000000a2500000|100%| O|  |TAMS 0x00000000a2500000| PB 0x00000000a2400000| Untracked 
| 549|0x00000000a2500000, 0x00000000a2500000, 0x00000000a2600000|  0%| F|  |TAMS 0x00000000a2500000| PB 0x00000000a2500000| Untracked 
| 550|0x00000000a2600000, 0x00000000a2700000, 0x00000000a2700000|100%| O|  |TAMS 0x00000000a2700000| PB 0x00000000a2600000| Untracked 
| 551|0x00000000a2700000, 0x00000000a2800000, 0x00000000a2800000|100%| O|  |TAMS 0x00000000a2800000| PB 0x00000000a2700000| Untracked 
| 552|0x00000000a2800000, 0x00000000a2900000, 0x00000000a2900000|100%| O|  |TAMS 0x00000000a2900000| PB 0x00000000a2800000| Untracked 
| 553|0x00000000a2900000, 0x00000000a2a00000, 0x00000000a2a00000|100%| O|  |TAMS 0x00000000a2a00000| PB 0x00000000a2900000| Untracked 
| 554|0x00000000a2a00000, 0x00000000a2b00000, 0x00000000a2b00000|100%| O|  |TAMS 0x00000000a2b00000| PB 0x00000000a2a00000| Untracked 
| 555|0x00000000a2b00000, 0x00000000a2c00000, 0x00000000a2c00000|100%| O|  |TAMS 0x00000000a2c00000| PB 0x00000000a2b00000| Untracked 
| 556|0x00000000a2c00000, 0x00000000a2c00000, 0x00000000a2d00000|  0%| F|  |TAMS 0x00000000a2c00000| PB 0x00000000a2c00000| Untracked 
| 557|0x00000000a2d00000, 0x00000000a2e00000, 0x00000000a2e00000|100%| O|  |TAMS 0x00000000a2e00000| PB 0x00000000a2d00000| Untracked 
| 558|0x00000000a2e00000, 0x00000000a2e00000, 0x00000000a2f00000|  0%| F|  |TAMS 0x00000000a2e00000| PB 0x00000000a2e00000| Untracked 
| 559|0x00000000a2f00000, 0x00000000a2f00000, 0x00000000a3000000|  0%| F|  |TAMS 0x00000000a2f00000| PB 0x00000000a2f00000| Untracked 
| 560|0x00000000a3000000, 0x00000000a3100000, 0x00000000a3100000|100%| O|  |TAMS 0x00000000a3100000| PB 0x00000000a3000000| Untracked 
| 561|0x00000000a3100000, 0x00000000a3200000, 0x00000000a3200000|100%| O|  |TAMS 0x00000000a3200000| PB 0x00000000a3100000| Untracked 
| 562|0x00000000a3200000, 0x00000000a3300000, 0x00000000a3300000|100%|HS|  |TAMS 0x00000000a3300000| PB 0x00000000a3200000| Complete 
| 563|0x00000000a3300000, 0x00000000a3400000, 0x00000000a3400000|100%|HC|  |TAMS 0x00000000a3400000| PB 0x00000000a3300000| Complete 
| 564|0x00000000a3400000, 0x00000000a3500000, 0x00000000a3500000|100%|HC|  |TAMS 0x00000000a3500000| PB 0x00000000a3400000| Complete 
| 565|0x00000000a3500000, 0x00000000a3600000, 0x00000000a3600000|100%|HS|  |TAMS 0x00000000a3600000| PB 0x00000000a3500000| Complete 
| 566|0x00000000a3600000, 0x00000000a3700000, 0x00000000a3700000|100%|HC|  |TAMS 0x00000000a3700000| PB 0x00000000a3600000| Complete 
| 567|0x00000000a3700000, 0x00000000a3800000, 0x00000000a3800000|100%|HC|  |TAMS 0x00000000a3800000| PB 0x00000000a3700000| Complete 
| 568|0x00000000a3800000, 0x00000000a3900000, 0x00000000a3900000|100%| O|  |TAMS 0x00000000a3900000| PB 0x00000000a3800000| Untracked 
| 569|0x00000000a3900000, 0x00000000a3a00000, 0x00000000a3a00000|100%| O|  |TAMS 0x00000000a3a00000| PB 0x00000000a3900000| Untracked 
| 570|0x00000000a3a00000, 0x00000000a3b00000, 0x00000000a3b00000|100%| O|  |TAMS 0x00000000a3b00000| PB 0x00000000a3a00000| Untracked 
| 571|0x00000000a3b00000, 0x00000000a3c00000, 0x00000000a3c00000|100%| O|  |TAMS 0x00000000a3c00000| PB 0x00000000a3b00000| Untracked 
| 572|0x00000000a3c00000, 0x00000000a3d00000, 0x00000000a3d00000|100%| O|  |TAMS 0x00000000a3d00000| PB 0x00000000a3c00000| Untracked 
| 573|0x00000000a3d00000, 0x00000000a3d00000, 0x00000000a3e00000|  0%| F|  |TAMS 0x00000000a3d00000| PB 0x00000000a3d00000| Untracked 
| 574|0x00000000a3e00000, 0x00000000a3e00000, 0x00000000a3f00000|  0%| F|  |TAMS 0x00000000a3e00000| PB 0x00000000a3e00000| Untracked 
| 575|0x00000000a3f00000, 0x00000000a3f00000, 0x00000000a4000000|  0%| F|  |TAMS 0x00000000a3f00000| PB 0x00000000a3f00000| Untracked 
| 576|0x00000000a4000000, 0x00000000a4100000, 0x00000000a4100000|100%| O|  |TAMS 0x00000000a4100000| PB 0x00000000a4000000| Untracked 
| 577|0x00000000a4100000, 0x00000000a4200000, 0x00000000a4200000|100%| O|  |TAMS 0x00000000a4200000| PB 0x00000000a4100000| Untracked 
| 578|0x00000000a4200000, 0x00000000a4300000, 0x00000000a4300000|100%| O|  |TAMS 0x00000000a4300000| PB 0x00000000a4200000| Untracked 
| 579|0x00000000a4300000, 0x00000000a4300000, 0x00000000a4400000|  0%| F|  |TAMS 0x00000000a4300000| PB 0x00000000a4300000| Untracked 
| 580|0x00000000a4400000, 0x00000000a4400000, 0x00000000a4500000|  0%| F|  |TAMS 0x00000000a4400000| PB 0x00000000a4400000| Untracked 
| 581|0x00000000a4500000, 0x00000000a4500000, 0x00000000a4600000|  0%| F|  |TAMS 0x00000000a4500000| PB 0x00000000a4500000| Untracked 
| 582|0x00000000a4600000, 0x00000000a4600000, 0x00000000a4700000|  0%| F|  |TAMS 0x00000000a4600000| PB 0x00000000a4600000| Untracked 
| 583|0x00000000a4700000, 0x00000000a4800000, 0x00000000a4800000|100%| O|  |TAMS 0x00000000a4800000| PB 0x00000000a4700000| Untracked 
| 584|0x00000000a4800000, 0x00000000a4900000, 0x00000000a4900000|100%| O|  |TAMS 0x00000000a4900000| PB 0x00000000a4800000| Untracked 
| 585|0x00000000a4900000, 0x00000000a4900000, 0x00000000a4a00000|  0%| F|  |TAMS 0x00000000a4900000| PB 0x00000000a4900000| Untracked 
| 586|0x00000000a4a00000, 0x00000000a4b00000, 0x00000000a4b00000|100%| O|  |TAMS 0x00000000a4b00000| PB 0x00000000a4a00000| Untracked 
| 587|0x00000000a4b00000, 0x00000000a4c00000, 0x00000000a4c00000|100%| O|  |TAMS 0x00000000a4c00000| PB 0x00000000a4b00000| Untracked 
| 588|0x00000000a4c00000, 0x00000000a4d00000, 0x00000000a4d00000|100%| O|  |TAMS 0x00000000a4d00000| PB 0x00000000a4c00000| Untracked 
| 589|0x00000000a4d00000, 0x00000000a4e00000, 0x00000000a4e00000|100%| O|  |TAMS 0x00000000a4e00000| PB 0x00000000a4d00000| Untracked 
| 590|0x00000000a4e00000, 0x00000000a4e00000, 0x00000000a4f00000|  0%| F|  |TAMS 0x00000000a4e00000| PB 0x00000000a4e00000| Untracked 
| 591|0x00000000a4f00000, 0x00000000a5000000, 0x00000000a5000000|100%| O|  |TAMS 0x00000000a5000000| PB 0x00000000a4f00000| Untracked 
| 592|0x00000000a5000000, 0x00000000a5100000, 0x00000000a5100000|100%| O|  |TAMS 0x00000000a5100000| PB 0x00000000a5000000| Untracked 
| 593|0x00000000a5100000, 0x00000000a5200000, 0x00000000a5200000|100%| O|  |TAMS 0x00000000a5200000| PB 0x00000000a5100000| Untracked 
| 594|0x00000000a5200000, 0x00000000a5300000, 0x00000000a5300000|100%| O|  |TAMS 0x00000000a5300000| PB 0x00000000a5200000| Untracked 
| 595|0x00000000a5300000, 0x00000000a5400000, 0x00000000a5400000|100%| O|  |TAMS 0x00000000a5400000| PB 0x00000000a5300000| Untracked 
| 596|0x00000000a5400000, 0x00000000a5500000, 0x00000000a5500000|100%| O|  |TAMS 0x00000000a5500000| PB 0x00000000a5400000| Untracked 
| 597|0x00000000a5500000, 0x00000000a5600000, 0x00000000a5600000|100%| O|  |TAMS 0x00000000a5600000| PB 0x00000000a5500000| Untracked 
| 598|0x00000000a5600000, 0x00000000a5700000, 0x00000000a5700000|100%| O|  |TAMS 0x00000000a5700000| PB 0x00000000a5600000| Untracked 
| 599|0x00000000a5700000, 0x00000000a5800000, 0x00000000a5800000|100%| O|  |TAMS 0x00000000a5800000| PB 0x00000000a5700000| Untracked 
| 600|0x00000000a5800000, 0x00000000a5900000, 0x00000000a5900000|100%| O|  |TAMS 0x00000000a5900000| PB 0x00000000a5800000| Untracked 
| 601|0x00000000a5900000, 0x00000000a5a00000, 0x00000000a5a00000|100%| O|  |TAMS 0x00000000a5a00000| PB 0x00000000a5900000| Untracked 
| 602|0x00000000a5a00000, 0x00000000a5b00000, 0x00000000a5b00000|100%| O|  |TAMS 0x00000000a5b00000| PB 0x00000000a5a00000| Untracked 
| 603|0x00000000a5b00000, 0x00000000a5c00000, 0x00000000a5c00000|100%| O|  |TAMS 0x00000000a5c00000| PB 0x00000000a5b00000| Untracked 
| 604|0x00000000a5c00000, 0x00000000a5d00000, 0x00000000a5d00000|100%| O|  |TAMS 0x00000000a5d00000| PB 0x00000000a5c00000| Untracked 
| 605|0x00000000a5d00000, 0x00000000a5e00000, 0x00000000a5e00000|100%| O|  |TAMS 0x00000000a5e00000| PB 0x00000000a5d00000| Untracked 
| 606|0x00000000a5e00000, 0x00000000a5f00000, 0x00000000a5f00000|100%| O|  |TAMS 0x00000000a5f00000| PB 0x00000000a5e00000| Untracked 
| 607|0x00000000a5f00000, 0x00000000a6000000, 0x00000000a6000000|100%| O|  |TAMS 0x00000000a6000000| PB 0x00000000a5f00000| Untracked 
| 608|0x00000000a6000000, 0x00000000a6100000, 0x00000000a6100000|100%| O|  |TAMS 0x00000000a6100000| PB 0x00000000a6000000| Untracked 
| 609|0x00000000a6100000, 0x00000000a6200000, 0x00000000a6200000|100%| O|  |TAMS 0x00000000a6200000| PB 0x00000000a6100000| Untracked 
| 610|0x00000000a6200000, 0x00000000a6300000, 0x00000000a6300000|100%| O|  |TAMS 0x00000000a6300000| PB 0x00000000a6200000| Untracked 
| 611|0x00000000a6300000, 0x00000000a6400000, 0x00000000a6400000|100%| O|  |TAMS 0x00000000a6400000| PB 0x00000000a6300000| Untracked 
| 612|0x00000000a6400000, 0x00000000a6500000, 0x00000000a6500000|100%| O|  |TAMS 0x00000000a6500000| PB 0x00000000a6400000| Untracked 
| 613|0x00000000a6500000, 0x00000000a6600000, 0x00000000a6600000|100%| O|  |TAMS 0x00000000a6600000| PB 0x00000000a6500000| Untracked 
| 614|0x00000000a6600000, 0x00000000a6700000, 0x00000000a6700000|100%| O|  |TAMS 0x00000000a6700000| PB 0x00000000a6600000| Untracked 
| 615|0x00000000a6700000, 0x00000000a6800000, 0x00000000a6800000|100%| O|  |TAMS 0x00000000a6800000| PB 0x00000000a6700000| Untracked 
| 616|0x00000000a6800000, 0x00000000a6900000, 0x00000000a6900000|100%| O|  |TAMS 0x00000000a6900000| PB 0x00000000a6800000| Untracked 
| 617|0x00000000a6900000, 0x00000000a6a00000, 0x00000000a6a00000|100%| O|  |TAMS 0x00000000a6a00000| PB 0x00000000a6900000| Untracked 
| 618|0x00000000a6a00000, 0x00000000a6b00000, 0x00000000a6b00000|100%| O|  |TAMS 0x00000000a6b00000| PB 0x00000000a6a00000| Untracked 
| 619|0x00000000a6b00000, 0x00000000a6c00000, 0x00000000a6c00000|100%| O|  |TAMS 0x00000000a6c00000| PB 0x00000000a6b00000| Untracked 
| 620|0x00000000a6c00000, 0x00000000a6d00000, 0x00000000a6d00000|100%| O|  |TAMS 0x00000000a6d00000| PB 0x00000000a6c00000| Untracked 
| 621|0x00000000a6d00000, 0x00000000a6e00000, 0x00000000a6e00000|100%| O|  |TAMS 0x00000000a6e00000| PB 0x00000000a6d00000| Untracked 
| 622|0x00000000a6e00000, 0x00000000a6f00000, 0x00000000a6f00000|100%| O|  |TAMS 0x00000000a6f00000| PB 0x00000000a6e00000| Untracked 
| 623|0x00000000a6f00000, 0x00000000a7000000, 0x00000000a7000000|100%| O|  |TAMS 0x00000000a7000000| PB 0x00000000a6f00000| Untracked 
| 624|0x00000000a7000000, 0x00000000a7000000, 0x00000000a7100000|  0%| F|  |TAMS 0x00000000a7000000| PB 0x00000000a7000000| Untracked 
| 625|0x00000000a7100000, 0x00000000a7100000, 0x00000000a7200000|  0%| F|  |TAMS 0x00000000a7100000| PB 0x00000000a7100000| Untracked 
| 626|0x00000000a7200000, 0x00000000a7300000, 0x00000000a7300000|100%| O|  |TAMS 0x00000000a7300000| PB 0x00000000a7200000| Untracked 
| 627|0x00000000a7300000, 0x00000000a7400000, 0x00000000a7400000|100%| O|  |TAMS 0x00000000a7400000| PB 0x00000000a7300000| Untracked 
| 628|0x00000000a7400000, 0x00000000a7400000, 0x00000000a7500000|  0%| F|  |TAMS 0x00000000a7400000| PB 0x00000000a7400000| Untracked 
| 629|0x00000000a7500000, 0x00000000a7500000, 0x00000000a7600000|  0%| F|  |TAMS 0x00000000a7500000| PB 0x00000000a7500000| Untracked 
| 630|0x00000000a7600000, 0x00000000a7700000, 0x00000000a7700000|100%| O|  |TAMS 0x00000000a7700000| PB 0x00000000a7600000| Untracked 
| 631|0x00000000a7700000, 0x00000000a7700000, 0x00000000a7800000|  0%| F|  |TAMS 0x00000000a7700000| PB 0x00000000a7700000| Untracked 
| 632|0x00000000a7800000, 0x00000000a7800000, 0x00000000a7900000|  0%| F|  |TAMS 0x00000000a7800000| PB 0x00000000a7800000| Untracked 
| 633|0x00000000a7900000, 0x00000000a7900000, 0x00000000a7a00000|  0%| F|  |TAMS 0x00000000a7900000| PB 0x00000000a7900000| Untracked 
| 634|0x00000000a7a00000, 0x00000000a7b00000, 0x00000000a7b00000|100%| O|  |TAMS 0x00000000a7b00000| PB 0x00000000a7a00000| Untracked 
| 635|0x00000000a7b00000, 0x00000000a7b00000, 0x00000000a7c00000|  0%| F|  |TAMS 0x00000000a7b00000| PB 0x00000000a7b00000| Untracked 
| 636|0x00000000a7c00000, 0x00000000a7c00000, 0x00000000a7d00000|  0%| F|  |TAMS 0x00000000a7c00000| PB 0x00000000a7c00000| Untracked 
| 637|0x00000000a7d00000, 0x00000000a7e00000, 0x00000000a7e00000|100%| O|  |TAMS 0x00000000a7e00000| PB 0x00000000a7d00000| Untracked 
| 638|0x00000000a7e00000, 0x00000000a7f00000, 0x00000000a7f00000|100%| O|  |TAMS 0x00000000a7f00000| PB 0x00000000a7e00000| Untracked 
| 639|0x00000000a7f00000, 0x00000000a8000000, 0x00000000a8000000|100%| O|  |TAMS 0x00000000a8000000| PB 0x00000000a7f00000| Untracked 
| 640|0x00000000a8000000, 0x00000000a8000000, 0x00000000a8100000|  0%| F|  |TAMS 0x00000000a8000000| PB 0x00000000a8000000| Untracked 
| 641|0x00000000a8100000, 0x00000000a8200000, 0x00000000a8200000|100%| O|  |TAMS 0x00000000a8200000| PB 0x00000000a8100000| Untracked 
| 642|0x00000000a8200000, 0x00000000a8300000, 0x00000000a8300000|100%| O|  |TAMS 0x00000000a8300000| PB 0x00000000a8200000| Untracked 
| 643|0x00000000a8300000, 0x00000000a8400000, 0x00000000a8400000|100%| O|  |TAMS 0x00000000a8400000| PB 0x00000000a8300000| Untracked 
| 644|0x00000000a8400000, 0x00000000a8500000, 0x00000000a8500000|100%| O|  |TAMS 0x00000000a8500000| PB 0x00000000a8400000| Untracked 
| 645|0x00000000a8500000, 0x00000000a8500000, 0x00000000a8600000|  0%| F|  |TAMS 0x00000000a8500000| PB 0x00000000a8500000| Untracked 
| 646|0x00000000a8600000, 0x00000000a8600000, 0x00000000a8700000|  0%| F|  |TAMS 0x00000000a8600000| PB 0x00000000a8600000| Untracked 
| 647|0x00000000a8700000, 0x00000000a8800000, 0x00000000a8800000|100%| O|  |TAMS 0x00000000a8800000| PB 0x00000000a8700000| Untracked 
| 648|0x00000000a8800000, 0x00000000a8900000, 0x00000000a8900000|100%| O|  |TAMS 0x00000000a8900000| PB 0x00000000a8800000| Untracked 
| 649|0x00000000a8900000, 0x00000000a8a00000, 0x00000000a8a00000|100%| O|  |TAMS 0x00000000a8a00000| PB 0x00000000a8900000| Untracked 
| 650|0x00000000a8a00000, 0x00000000a8b00000, 0x00000000a8b00000|100%| O|  |TAMS 0x00000000a8b00000| PB 0x00000000a8a00000| Untracked 
| 651|0x00000000a8b00000, 0x00000000a8c00000, 0x00000000a8c00000|100%| O|  |TAMS 0x00000000a8c00000| PB 0x00000000a8b00000| Untracked 
| 652|0x00000000a8c00000, 0x00000000a8c00000, 0x00000000a8d00000|  0%| F|  |TAMS 0x00000000a8c00000| PB 0x00000000a8c00000| Untracked 
| 653|0x00000000a8d00000, 0x00000000a8d00000, 0x00000000a8e00000|  0%| F|  |TAMS 0x00000000a8d00000| PB 0x00000000a8d00000| Untracked 
| 654|0x00000000a8e00000, 0x00000000a8f00000, 0x00000000a8f00000|100%| O|  |TAMS 0x00000000a8f00000| PB 0x00000000a8e00000| Untracked 
| 655|0x00000000a8f00000, 0x00000000a8f00000, 0x00000000a9000000|  0%| F|  |TAMS 0x00000000a8f00000| PB 0x00000000a8f00000| Untracked 
| 656|0x00000000a9000000, 0x00000000a9000000, 0x00000000a9100000|  0%| F|  |TAMS 0x00000000a9000000| PB 0x00000000a9000000| Untracked 
| 657|0x00000000a9100000, 0x00000000a9200000, 0x00000000a9200000|100%| O|  |TAMS 0x00000000a9200000| PB 0x00000000a9100000| Untracked 
| 658|0x00000000a9200000, 0x00000000a9200000, 0x00000000a9300000|  0%| F|  |TAMS 0x00000000a9200000| PB 0x00000000a9200000| Untracked 
| 659|0x00000000a9300000, 0x00000000a9300000, 0x00000000a9400000|  0%| F|  |TAMS 0x00000000a9300000| PB 0x00000000a9300000| Untracked 
| 660|0x00000000a9400000, 0x00000000a9400000, 0x00000000a9500000|  0%| F|  |TAMS 0x00000000a9400000| PB 0x00000000a9400000| Untracked 
| 661|0x00000000a9500000, 0x00000000a9500000, 0x00000000a9600000|  0%| F|  |TAMS 0x00000000a9500000| PB 0x00000000a9500000| Untracked 
| 662|0x00000000a9600000, 0x00000000a9600000, 0x00000000a9700000|  0%| F|  |TAMS 0x00000000a9600000| PB 0x00000000a9600000| Untracked 
| 663|0x00000000a9700000, 0x00000000a9700000, 0x00000000a9800000|  0%| F|  |TAMS 0x00000000a9700000| PB 0x00000000a9700000| Untracked 
| 664|0x00000000a9800000, 0x00000000a9800000, 0x00000000a9900000|  0%| F|  |TAMS 0x00000000a9800000| PB 0x00000000a9800000| Untracked 
| 665|0x00000000a9900000, 0x00000000a9900000, 0x00000000a9a00000|  0%| F|  |TAMS 0x00000000a9900000| PB 0x00000000a9900000| Untracked 
| 666|0x00000000a9a00000, 0x00000000a9a00000, 0x00000000a9b00000|  0%| F|  |TAMS 0x00000000a9a00000| PB 0x00000000a9a00000| Untracked 
| 667|0x00000000a9b00000, 0x00000000a9b00000, 0x00000000a9c00000|  0%| F|  |TAMS 0x00000000a9b00000| PB 0x00000000a9b00000| Untracked 
| 668|0x00000000a9c00000, 0x00000000a9c00000, 0x00000000a9d00000|  0%| F|  |TAMS 0x00000000a9c00000| PB 0x00000000a9c00000| Untracked 
| 669|0x00000000a9d00000, 0x00000000a9d00000, 0x00000000a9e00000|  0%| F|  |TAMS 0x00000000a9d00000| PB 0x00000000a9d00000| Untracked 
| 670|0x00000000a9e00000, 0x00000000a9e00000, 0x00000000a9f00000|  0%| F|  |TAMS 0x00000000a9e00000| PB 0x00000000a9e00000| Untracked 
| 671|0x00000000a9f00000, 0x00000000a9f00000, 0x00000000aa000000|  0%| F|  |TAMS 0x00000000a9f00000| PB 0x00000000a9f00000| Untracked 
| 672|0x00000000aa000000, 0x00000000aa000000, 0x00000000aa100000|  0%| F|  |TAMS 0x00000000aa000000| PB 0x00000000aa000000| Untracked 
| 673|0x00000000aa100000, 0x00000000aa100000, 0x00000000aa200000|  0%| F|  |TAMS 0x00000000aa100000| PB 0x00000000aa100000| Untracked 
| 674|0x00000000aa200000, 0x00000000aa200000, 0x00000000aa300000|  0%| F|  |TAMS 0x00000000aa200000| PB 0x00000000aa200000| Untracked 
| 675|0x00000000aa300000, 0x00000000aa300000, 0x00000000aa400000|  0%| F|  |TAMS 0x00000000aa300000| PB 0x00000000aa300000| Untracked 
| 676|0x00000000aa400000, 0x00000000aa400000, 0x00000000aa500000|  0%| F|  |TAMS 0x00000000aa400000| PB 0x00000000aa400000| Untracked 
| 677|0x00000000aa500000, 0x00000000aa600000, 0x00000000aa600000|100%| O|  |TAMS 0x00000000aa600000| PB 0x00000000aa500000| Untracked 
| 678|0x00000000aa600000, 0x00000000aa700000, 0x00000000aa700000|100%| O|  |TAMS 0x00000000aa700000| PB 0x00000000aa600000| Untracked 
| 679|0x00000000aa700000, 0x00000000aa800000, 0x00000000aa800000|100%| O|  |TAMS 0x00000000aa800000| PB 0x00000000aa700000| Untracked 
| 680|0x00000000aa800000, 0x00000000aa800000, 0x00000000aa900000|  0%| F|  |TAMS 0x00000000aa800000| PB 0x00000000aa800000| Untracked 
| 681|0x00000000aa900000, 0x00000000aaa00000, 0x00000000aaa00000|100%| O|  |TAMS 0x00000000aaa00000| PB 0x00000000aa900000| Untracked 
| 682|0x00000000aaa00000, 0x00000000aab00000, 0x00000000aab00000|100%| O|  |TAMS 0x00000000aab00000| PB 0x00000000aaa00000| Untracked 
| 683|0x00000000aab00000, 0x00000000aac00000, 0x00000000aac00000|100%| O|  |TAMS 0x00000000aac00000| PB 0x00000000aab00000| Untracked 
| 684|0x00000000aac00000, 0x00000000aac00000, 0x00000000aad00000|  0%| F|  |TAMS 0x00000000aac00000| PB 0x00000000aac00000| Untracked 
| 685|0x00000000aad00000, 0x00000000aad00000, 0x00000000aae00000|  0%| F|  |TAMS 0x00000000aad00000| PB 0x00000000aad00000| Untracked 
| 686|0x00000000aae00000, 0x00000000aae00000, 0x00000000aaf00000|  0%| F|  |TAMS 0x00000000aae00000| PB 0x00000000aae00000| Untracked 
| 687|0x00000000aaf00000, 0x00000000aaf00000, 0x00000000ab000000|  0%| F|  |TAMS 0x00000000aaf00000| PB 0x00000000aaf00000| Untracked 
| 688|0x00000000ab000000, 0x00000000ab000000, 0x00000000ab100000|  0%| F|  |TAMS 0x00000000ab000000| PB 0x00000000ab000000| Untracked 
| 689|0x00000000ab100000, 0x00000000ab100000, 0x00000000ab200000|  0%| F|  |TAMS 0x00000000ab100000| PB 0x00000000ab100000| Untracked 
| 690|0x00000000ab200000, 0x00000000ab200000, 0x00000000ab300000|  0%| F|  |TAMS 0x00000000ab200000| PB 0x00000000ab200000| Untracked 
| 691|0x00000000ab300000, 0x00000000ab300000, 0x00000000ab400000|  0%| F|  |TAMS 0x00000000ab300000| PB 0x00000000ab300000| Untracked 
| 692|0x00000000ab400000, 0x00000000ab400000, 0x00000000ab500000|  0%| F|  |TAMS 0x00000000ab400000| PB 0x00000000ab400000| Untracked 
| 693|0x00000000ab500000, 0x00000000ab500000, 0x00000000ab600000|  0%| F|  |TAMS 0x00000000ab500000| PB 0x00000000ab500000| Untracked 
| 694|0x00000000ab600000, 0x00000000ab600000, 0x00000000ab700000|  0%| F|  |TAMS 0x00000000ab600000| PB 0x00000000ab600000| Untracked 
| 695|0x00000000ab700000, 0x00000000ab700000, 0x00000000ab800000|  0%| F|  |TAMS 0x00000000ab700000| PB 0x00000000ab700000| Untracked 
| 696|0x00000000ab800000, 0x00000000ab800000, 0x00000000ab900000|  0%| F|  |TAMS 0x00000000ab800000| PB 0x00000000ab800000| Untracked 
| 697|0x00000000ab900000, 0x00000000ab900000, 0x00000000aba00000|  0%| F|  |TAMS 0x00000000ab900000| PB 0x00000000ab900000| Untracked 
| 698|0x00000000aba00000, 0x00000000aba00000, 0x00000000abb00000|  0%| F|  |TAMS 0x00000000aba00000| PB 0x00000000aba00000| Untracked 
| 699|0x00000000abb00000, 0x00000000abb00000, 0x00000000abc00000|  0%| F|  |TAMS 0x00000000abb00000| PB 0x00000000abb00000| Untracked 
| 700|0x00000000abc00000, 0x00000000abc00000, 0x00000000abd00000|  0%| F|  |TAMS 0x00000000abc00000| PB 0x00000000abc00000| Untracked 
| 701|0x00000000abd00000, 0x00000000abd00000, 0x00000000abe00000|  0%| F|  |TAMS 0x00000000abd00000| PB 0x00000000abd00000| Untracked 
| 702|0x00000000abe00000, 0x00000000abe00000, 0x00000000abf00000|  0%| F|  |TAMS 0x00000000abe00000| PB 0x00000000abe00000| Untracked 
| 703|0x00000000abf00000, 0x00000000abf00000, 0x00000000ac000000|  0%| F|  |TAMS 0x00000000abf00000| PB 0x00000000abf00000| Untracked 
| 704|0x00000000ac000000, 0x00000000ac000000, 0x00000000ac100000|  0%| F|  |TAMS 0x00000000ac000000| PB 0x00000000ac000000| Untracked 
| 705|0x00000000ac100000, 0x00000000ac100000, 0x00000000ac200000|  0%| F|  |TAMS 0x00000000ac100000| PB 0x00000000ac100000| Untracked 
| 706|0x00000000ac200000, 0x00000000ac200000, 0x00000000ac300000|  0%| F|  |TAMS 0x00000000ac200000| PB 0x00000000ac200000| Untracked 
| 707|0x00000000ac300000, 0x00000000ac300000, 0x00000000ac400000|  0%| F|  |TAMS 0x00000000ac300000| PB 0x00000000ac300000| Untracked 
| 708|0x00000000ac400000, 0x00000000ac400000, 0x00000000ac500000|  0%| F|  |TAMS 0x00000000ac400000| PB 0x00000000ac400000| Untracked 
| 709|0x00000000ac500000, 0x00000000ac500000, 0x00000000ac600000|  0%| F|  |TAMS 0x00000000ac500000| PB 0x00000000ac500000| Untracked 
| 710|0x00000000ac600000, 0x00000000ac600000, 0x00000000ac700000|  0%| F|  |TAMS 0x00000000ac600000| PB 0x00000000ac600000| Untracked 
| 711|0x00000000ac700000, 0x00000000ac700000, 0x00000000ac800000|  0%| F|  |TAMS 0x00000000ac700000| PB 0x00000000ac700000| Untracked 
| 712|0x00000000ac800000, 0x00000000ac800000, 0x00000000ac900000|  0%| F|  |TAMS 0x00000000ac800000| PB 0x00000000ac800000| Untracked 
| 713|0x00000000ac900000, 0x00000000ac900000, 0x00000000aca00000|  0%| F|  |TAMS 0x00000000ac900000| PB 0x00000000ac900000| Untracked 
| 714|0x00000000aca00000, 0x00000000aca00000, 0x00000000acb00000|  0%| F|  |TAMS 0x00000000aca00000| PB 0x00000000aca00000| Untracked 
| 715|0x00000000acb00000, 0x00000000acb00000, 0x00000000acc00000|  0%| F|  |TAMS 0x00000000acb00000| PB 0x00000000acb00000| Untracked 
| 716|0x00000000acc00000, 0x00000000acc00000, 0x00000000acd00000|  0%| F|  |TAMS 0x00000000acc00000| PB 0x00000000acc00000| Untracked 
| 717|0x00000000acd00000, 0x00000000acd00000, 0x00000000ace00000|  0%| F|  |TAMS 0x00000000acd00000| PB 0x00000000acd00000| Untracked 
| 718|0x00000000ace00000, 0x00000000ace00000, 0x00000000acf00000|  0%| F|  |TAMS 0x00000000ace00000| PB 0x00000000ace00000| Untracked 
| 719|0x00000000acf00000, 0x00000000acf00000, 0x00000000ad000000|  0%| F|  |TAMS 0x00000000acf00000| PB 0x00000000acf00000| Untracked 
| 720|0x00000000ad000000, 0x00000000ad000000, 0x00000000ad100000|  0%| F|  |TAMS 0x00000000ad000000| PB 0x00000000ad000000| Untracked 
| 721|0x00000000ad100000, 0x00000000ad100000, 0x00000000ad200000|  0%| F|  |TAMS 0x00000000ad100000| PB 0x00000000ad100000| Untracked 
| 722|0x00000000ad200000, 0x00000000ad200000, 0x00000000ad300000|  0%| F|  |TAMS 0x00000000ad200000| PB 0x00000000ad200000| Untracked 
| 723|0x00000000ad300000, 0x00000000ad300000, 0x00000000ad400000|  0%| F|  |TAMS 0x00000000ad300000| PB 0x00000000ad300000| Untracked 
| 724|0x00000000ad400000, 0x00000000ad500000, 0x00000000ad500000|100%| O|  |TAMS 0x00000000ad500000| PB 0x00000000ad400000| Untracked 
| 725|0x00000000ad500000, 0x00000000ad600000, 0x00000000ad600000|100%| O|  |TAMS 0x00000000ad600000| PB 0x00000000ad500000| Untracked 
| 726|0x00000000ad600000, 0x00000000ad700000, 0x00000000ad700000|100%| O|  |TAMS 0x00000000ad700000| PB 0x00000000ad600000| Untracked 
| 727|0x00000000ad700000, 0x00000000ad800000, 0x00000000ad800000|100%| O|  |TAMS 0x00000000ad800000| PB 0x00000000ad700000| Untracked 
| 728|0x00000000ad800000, 0x00000000ad800000, 0x00000000ad900000|  0%| F|  |TAMS 0x00000000ad800000| PB 0x00000000ad800000| Untracked 
| 729|0x00000000ad900000, 0x00000000ada00000, 0x00000000ada00000|100%| O|  |TAMS 0x00000000ada00000| PB 0x00000000ad900000| Untracked 
| 730|0x00000000ada00000, 0x00000000adb00000, 0x00000000adb00000|100%| O|  |TAMS 0x00000000adb00000| PB 0x00000000ada00000| Untracked 
| 731|0x00000000adb00000, 0x00000000adc00000, 0x00000000adc00000|100%| O|  |TAMS 0x00000000adc00000| PB 0x00000000adb00000| Untracked 
| 732|0x00000000adc00000, 0x00000000adc00000, 0x00000000add00000|  0%| F|  |TAMS 0x00000000adc00000| PB 0x00000000adc00000| Untracked 
| 733|0x00000000add00000, 0x00000000ade00000, 0x00000000ade00000|100%| O|  |TAMS 0x00000000ade00000| PB 0x00000000add00000| Untracked 
| 734|0x00000000ade00000, 0x00000000ade00000, 0x00000000adf00000|  0%| F|  |TAMS 0x00000000ade00000| PB 0x00000000ade00000| Untracked 
| 735|0x00000000adf00000, 0x00000000ae000000, 0x00000000ae000000|100%| O|  |TAMS 0x00000000ae000000| PB 0x00000000adf00000| Untracked 
| 736|0x00000000ae000000, 0x00000000ae100000, 0x00000000ae100000|100%| O|  |TAMS 0x00000000ae100000| PB 0x00000000ae000000| Untracked 
| 737|0x00000000ae100000, 0x00000000ae200000, 0x00000000ae200000|100%| O|  |TAMS 0x00000000ae200000| PB 0x00000000ae100000| Untracked 
| 738|0x00000000ae200000, 0x00000000ae200000, 0x00000000ae300000|  0%| F|  |TAMS 0x00000000ae200000| PB 0x00000000ae200000| Untracked 
| 739|0x00000000ae300000, 0x00000000ae300000, 0x00000000ae400000|  0%| F|  |TAMS 0x00000000ae300000| PB 0x00000000ae300000| Untracked 
| 740|0x00000000ae400000, 0x00000000ae500000, 0x00000000ae500000|100%| O|  |TAMS 0x00000000ae500000| PB 0x00000000ae400000| Untracked 
| 741|0x00000000ae500000, 0x00000000ae500000, 0x00000000ae600000|  0%| F|  |TAMS 0x00000000ae500000| PB 0x00000000ae500000| Untracked 
| 742|0x00000000ae600000, 0x00000000ae600000, 0x00000000ae700000|  0%| F|  |TAMS 0x00000000ae600000| PB 0x00000000ae600000| Untracked 
| 743|0x00000000ae700000, 0x00000000ae800000, 0x00000000ae800000|100%| O|  |TAMS 0x00000000ae800000| PB 0x00000000ae700000| Untracked 
| 744|0x00000000ae800000, 0x00000000ae900000, 0x00000000ae900000|100%| O|  |TAMS 0x00000000ae900000| PB 0x00000000ae800000| Untracked 
| 745|0x00000000ae900000, 0x00000000aea00000, 0x00000000aea00000|100%| O|  |TAMS 0x00000000aea00000| PB 0x00000000ae900000| Untracked 
| 746|0x00000000aea00000, 0x00000000aeb00000, 0x00000000aeb00000|100%| O|  |TAMS 0x00000000aeb00000| PB 0x00000000aea00000| Untracked 
| 747|0x00000000aeb00000, 0x00000000aec00000, 0x00000000aec00000|100%| O|  |TAMS 0x00000000aec00000| PB 0x00000000aeb00000| Untracked 
| 748|0x00000000aec00000, 0x00000000aec00000, 0x00000000aed00000|  0%| F|  |TAMS 0x00000000aec00000| PB 0x00000000aec00000| Untracked 
| 749|0x00000000aed00000, 0x00000000aed00000, 0x00000000aee00000|  0%| F|  |TAMS 0x00000000aed00000| PB 0x00000000aed00000| Untracked 
| 750|0x00000000aee00000, 0x00000000aee00000, 0x00000000aef00000|  0%| F|  |TAMS 0x00000000aee00000| PB 0x00000000aee00000| Untracked 
| 751|0x00000000aef00000, 0x00000000af000000, 0x00000000af000000|100%| O|  |TAMS 0x00000000af000000| PB 0x00000000aef00000| Untracked 
| 752|0x00000000af000000, 0x00000000af000000, 0x00000000af100000|  0%| F|  |TAMS 0x00000000af000000| PB 0x00000000af000000| Untracked 
| 753|0x00000000af100000, 0x00000000af100000, 0x00000000af200000|  0%| F|  |TAMS 0x00000000af100000| PB 0x00000000af100000| Untracked 
| 754|0x00000000af200000, 0x00000000af200000, 0x00000000af300000|  0%| F|  |TAMS 0x00000000af200000| PB 0x00000000af200000| Untracked 
| 755|0x00000000af300000, 0x00000000af400000, 0x00000000af400000|100%| O|  |TAMS 0x00000000af400000| PB 0x00000000af300000| Untracked 
| 756|0x00000000af400000, 0x00000000af500000, 0x00000000af500000|100%| O|  |TAMS 0x00000000af500000| PB 0x00000000af400000| Untracked 
| 757|0x00000000af500000, 0x00000000af600000, 0x00000000af600000|100%| O|  |TAMS 0x00000000af600000| PB 0x00000000af500000| Untracked 
| 758|0x00000000af600000, 0x00000000af600000, 0x00000000af700000|  0%| F|  |TAMS 0x00000000af600000| PB 0x00000000af600000| Untracked 
| 759|0x00000000af700000, 0x00000000af800000, 0x00000000af800000|100%| O|  |TAMS 0x00000000af800000| PB 0x00000000af700000| Untracked 
| 760|0x00000000af800000, 0x00000000af900000, 0x00000000af900000|100%| O|  |TAMS 0x00000000af900000| PB 0x00000000af800000| Untracked 
| 761|0x00000000af900000, 0x00000000af900000, 0x00000000afa00000|  0%| F|  |TAMS 0x00000000af900000| PB 0x00000000af900000| Untracked 
| 762|0x00000000afa00000, 0x00000000afa00000, 0x00000000afb00000|  0%| F|  |TAMS 0x00000000afa00000| PB 0x00000000afa00000| Untracked 
| 763|0x00000000afb00000, 0x00000000afb00000, 0x00000000afc00000|  0%| F|  |TAMS 0x00000000afb00000| PB 0x00000000afb00000| Untracked 
| 764|0x00000000afc00000, 0x00000000afc00000, 0x00000000afd00000|  0%| F|  |TAMS 0x00000000afc00000| PB 0x00000000afc00000| Untracked 
| 765|0x00000000afd00000, 0x00000000afe00000, 0x00000000afe00000|100%| O|  |TAMS 0x00000000afe00000| PB 0x00000000afd00000| Untracked 
| 766|0x00000000afe00000, 0x00000000aff00000, 0x00000000aff00000|100%| O|  |TAMS 0x00000000aff00000| PB 0x00000000afe00000| Untracked 
| 767|0x00000000aff00000, 0x00000000b0000000, 0x00000000b0000000|100%| O|  |TAMS 0x00000000b0000000| PB 0x00000000aff00000| Untracked 
| 768|0x00000000b0000000, 0x00000000b0100000, 0x00000000b0100000|100%| O|  |TAMS 0x00000000b0100000| PB 0x00000000b0000000| Untracked 
| 769|0x00000000b0100000, 0x00000000b0200000, 0x00000000b0200000|100%| O|  |TAMS 0x00000000b0200000| PB 0x00000000b0100000| Untracked 
| 770|0x00000000b0200000, 0x00000000b0300000, 0x00000000b0300000|100%| O|  |TAMS 0x00000000b0300000| PB 0x00000000b0200000| Untracked 
| 771|0x00000000b0300000, 0x00000000b0400000, 0x00000000b0400000|100%| O|  |TAMS 0x00000000b0400000| PB 0x00000000b0300000| Untracked 
| 772|0x00000000b0400000, 0x00000000b0500000, 0x00000000b0500000|100%| O|  |TAMS 0x00000000b0500000| PB 0x00000000b0400000| Untracked 
| 773|0x00000000b0500000, 0x00000000b0600000, 0x00000000b0600000|100%| O|  |TAMS 0x00000000b0600000| PB 0x00000000b0500000| Untracked 
| 774|0x00000000b0600000, 0x00000000b0700000, 0x00000000b0700000|100%| O|  |TAMS 0x00000000b0700000| PB 0x00000000b0600000| Untracked 
| 775|0x00000000b0700000, 0x00000000b0800000, 0x00000000b0800000|100%| O|  |TAMS 0x00000000b0800000| PB 0x00000000b0700000| Untracked 
| 776|0x00000000b0800000, 0x00000000b0900000, 0x00000000b0900000|100%| O|  |TAMS 0x00000000b0900000| PB 0x00000000b0800000| Untracked 
| 777|0x00000000b0900000, 0x00000000b0a00000, 0x00000000b0a00000|100%| O|  |TAMS 0x00000000b0a00000| PB 0x00000000b0900000| Untracked 
| 778|0x00000000b0a00000, 0x00000000b0b00000, 0x00000000b0b00000|100%| O|  |TAMS 0x00000000b0b00000| PB 0x00000000b0a00000| Untracked 
| 779|0x00000000b0b00000, 0x00000000b0c00000, 0x00000000b0c00000|100%| O|  |TAMS 0x00000000b0c00000| PB 0x00000000b0b00000| Untracked 
| 780|0x00000000b0c00000, 0x00000000b0c00000, 0x00000000b0d00000|  0%| F|  |TAMS 0x00000000b0c00000| PB 0x00000000b0c00000| Untracked 
| 781|0x00000000b0d00000, 0x00000000b0e00000, 0x00000000b0e00000|100%| O|  |TAMS 0x00000000b0e00000| PB 0x00000000b0d00000| Untracked 
| 782|0x00000000b0e00000, 0x00000000b0f00000, 0x00000000b0f00000|100%| O|  |TAMS 0x00000000b0f00000| PB 0x00000000b0e00000| Untracked 
| 783|0x00000000b0f00000, 0x00000000b0f00000, 0x00000000b1000000|  0%| F|  |TAMS 0x00000000b0f00000| PB 0x00000000b0f00000| Untracked 
| 784|0x00000000b1000000, 0x00000000b1000000, 0x00000000b1100000|  0%| F|  |TAMS 0x00000000b1000000| PB 0x00000000b1000000| Untracked 
| 785|0x00000000b1100000, 0x00000000b1200000, 0x00000000b1200000|100%| O|  |TAMS 0x00000000b1200000| PB 0x00000000b1100000| Untracked 
| 786|0x00000000b1200000, 0x00000000b1200000, 0x00000000b1300000|  0%| F|  |TAMS 0x00000000b1200000| PB 0x00000000b1200000| Untracked 
| 787|0x00000000b1300000, 0x00000000b1300000, 0x00000000b1400000|  0%| F|  |TAMS 0x00000000b1300000| PB 0x00000000b1300000| Untracked 
| 788|0x00000000b1400000, 0x00000000b1400000, 0x00000000b1500000|  0%| F|  |TAMS 0x00000000b1400000| PB 0x00000000b1400000| Untracked 
| 789|0x00000000b1500000, 0x00000000b1500000, 0x00000000b1600000|  0%| F|  |TAMS 0x00000000b1500000| PB 0x00000000b1500000| Untracked 
| 790|0x00000000b1600000, 0x00000000b1600000, 0x00000000b1700000|  0%| F|  |TAMS 0x00000000b1600000| PB 0x00000000b1600000| Untracked 
| 791|0x00000000b1700000, 0x00000000b1700000, 0x00000000b1800000|  0%| F|  |TAMS 0x00000000b1700000| PB 0x00000000b1700000| Untracked 
| 792|0x00000000b1800000, 0x00000000b1800000, 0x00000000b1900000|  0%| F|  |TAMS 0x00000000b1800000| PB 0x00000000b1800000| Untracked 
| 793|0x00000000b1900000, 0x00000000b1900000, 0x00000000b1a00000|  0%| F|  |TAMS 0x00000000b1900000| PB 0x00000000b1900000| Untracked 
| 794|0x00000000b1a00000, 0x00000000b1a00000, 0x00000000b1b00000|  0%| F|  |TAMS 0x00000000b1a00000| PB 0x00000000b1a00000| Untracked 
| 795|0x00000000b1b00000, 0x00000000b1b00000, 0x00000000b1c00000|  0%| F|  |TAMS 0x00000000b1b00000| PB 0x00000000b1b00000| Untracked 
| 796|0x00000000b1c00000, 0x00000000b1c00000, 0x00000000b1d00000|  0%| F|  |TAMS 0x00000000b1c00000| PB 0x00000000b1c00000| Untracked 
| 797|0x00000000b1d00000, 0x00000000b1d00000, 0x00000000b1e00000|  0%| F|  |TAMS 0x00000000b1d00000| PB 0x00000000b1d00000| Untracked 
| 798|0x00000000b1e00000, 0x00000000b1e00000, 0x00000000b1f00000|  0%| F|  |TAMS 0x00000000b1e00000| PB 0x00000000b1e00000| Untracked 
| 799|0x00000000b1f00000, 0x00000000b1f00000, 0x00000000b2000000|  0%| F|  |TAMS 0x00000000b1f00000| PB 0x00000000b1f00000| Untracked 
| 800|0x00000000b2000000, 0x00000000b2000000, 0x00000000b2100000|  0%| F|  |TAMS 0x00000000b2000000| PB 0x00000000b2000000| Untracked 
| 801|0x00000000b2100000, 0x00000000b2100000, 0x00000000b2200000|  0%| F|  |TAMS 0x00000000b2100000| PB 0x00000000b2100000| Untracked 
| 802|0x00000000b2200000, 0x00000000b2200000, 0x00000000b2300000|  0%| F|  |TAMS 0x00000000b2200000| PB 0x00000000b2200000| Untracked 
| 803|0x00000000b2300000, 0x00000000b2300000, 0x00000000b2400000|  0%| F|  |TAMS 0x00000000b2300000| PB 0x00000000b2300000| Untracked 
| 804|0x00000000b2400000, 0x00000000b2400000, 0x00000000b2500000|  0%| F|  |TAMS 0x00000000b2400000| PB 0x00000000b2400000| Untracked 
| 805|0x00000000b2500000, 0x00000000b2500000, 0x00000000b2600000|  0%| F|  |TAMS 0x00000000b2500000| PB 0x00000000b2500000| Untracked 
| 806|0x00000000b2600000, 0x00000000b2600000, 0x00000000b2700000|  0%| F|  |TAMS 0x00000000b2600000| PB 0x00000000b2600000| Untracked 
| 807|0x00000000b2700000, 0x00000000b2700000, 0x00000000b2800000|  0%| F|  |TAMS 0x00000000b2700000| PB 0x00000000b2700000| Untracked 
| 808|0x00000000b2800000, 0x00000000b2800000, 0x00000000b2900000|  0%| F|  |TAMS 0x00000000b2800000| PB 0x00000000b2800000| Untracked 
| 809|0x00000000b2900000, 0x00000000b2900000, 0x00000000b2a00000|  0%| F|  |TAMS 0x00000000b2900000| PB 0x00000000b2900000| Untracked 
| 810|0x00000000b2a00000, 0x00000000b2a00000, 0x00000000b2b00000|  0%| F|  |TAMS 0x00000000b2a00000| PB 0x00000000b2a00000| Untracked 
| 811|0x00000000b2b00000, 0x00000000b2b00000, 0x00000000b2c00000|  0%| F|  |TAMS 0x00000000b2b00000| PB 0x00000000b2b00000| Untracked 
| 812|0x00000000b2c00000, 0x00000000b2c00000, 0x00000000b2d00000|  0%| F|  |TAMS 0x00000000b2c00000| PB 0x00000000b2c00000| Untracked 
| 813|0x00000000b2d00000, 0x00000000b2d00000, 0x00000000b2e00000|  0%| F|  |TAMS 0x00000000b2d00000| PB 0x00000000b2d00000| Untracked 
| 814|0x00000000b2e00000, 0x00000000b2e00000, 0x00000000b2f00000|  0%| F|  |TAMS 0x00000000b2e00000| PB 0x00000000b2e00000| Untracked 
| 815|0x00000000b2f00000, 0x00000000b2f00000, 0x00000000b3000000|  0%| F|  |TAMS 0x00000000b2f00000| PB 0x00000000b2f00000| Untracked 
| 816|0x00000000b3000000, 0x00000000b3000000, 0x00000000b3100000|  0%| F|  |TAMS 0x00000000b3000000| PB 0x00000000b3000000| Untracked 
| 817|0x00000000b3100000, 0x00000000b3100000, 0x00000000b3200000|  0%| F|  |TAMS 0x00000000b3100000| PB 0x00000000b3100000| Untracked 
| 818|0x00000000b3200000, 0x00000000b3200000, 0x00000000b3300000|  0%| F|  |TAMS 0x00000000b3200000| PB 0x00000000b3200000| Untracked 
| 819|0x00000000b3300000, 0x00000000b3300000, 0x00000000b3400000|  0%| F|  |TAMS 0x00000000b3300000| PB 0x00000000b3300000| Untracked 
| 820|0x00000000b3400000, 0x00000000b3400000, 0x00000000b3500000|  0%| F|  |TAMS 0x00000000b3400000| PB 0x00000000b3400000| Untracked 
| 821|0x00000000b3500000, 0x00000000b3500000, 0x00000000b3600000|  0%| F|  |TAMS 0x00000000b3500000| PB 0x00000000b3500000| Untracked 
| 822|0x00000000b3600000, 0x00000000b3600000, 0x00000000b3700000|  0%| F|  |TAMS 0x00000000b3600000| PB 0x00000000b3600000| Untracked 
| 823|0x00000000b3700000, 0x00000000b3700000, 0x00000000b3800000|  0%| F|  |TAMS 0x00000000b3700000| PB 0x00000000b3700000| Untracked 
| 824|0x00000000b3800000, 0x00000000b3800000, 0x00000000b3900000|  0%| F|  |TAMS 0x00000000b3800000| PB 0x00000000b3800000| Untracked 
| 825|0x00000000b3900000, 0x00000000b3900000, 0x00000000b3a00000|  0%| F|  |TAMS 0x00000000b3900000| PB 0x00000000b3900000| Untracked 
| 826|0x00000000b3a00000, 0x00000000b3a00000, 0x00000000b3b00000|  0%| F|  |TAMS 0x00000000b3a00000| PB 0x00000000b3a00000| Untracked 
| 827|0x00000000b3b00000, 0x00000000b3b00000, 0x00000000b3c00000|  0%| F|  |TAMS 0x00000000b3b00000| PB 0x00000000b3b00000| Untracked 
| 828|0x00000000b3c00000, 0x00000000b3c00000, 0x00000000b3d00000|  0%| F|  |TAMS 0x00000000b3c00000| PB 0x00000000b3c00000| Untracked 
| 829|0x00000000b3d00000, 0x00000000b3d00000, 0x00000000b3e00000|  0%| F|  |TAMS 0x00000000b3d00000| PB 0x00000000b3d00000| Untracked 
| 830|0x00000000b3e00000, 0x00000000b3e00000, 0x00000000b3f00000|  0%| F|  |TAMS 0x00000000b3e00000| PB 0x00000000b3e00000| Untracked 
| 831|0x00000000b3f00000, 0x00000000b3f00000, 0x00000000b4000000|  0%| F|  |TAMS 0x00000000b3f00000| PB 0x00000000b3f00000| Untracked 
| 832|0x00000000b4000000, 0x00000000b4000000, 0x00000000b4100000|  0%| F|  |TAMS 0x00000000b4000000| PB 0x00000000b4000000| Untracked 
| 833|0x00000000b4100000, 0x00000000b4100000, 0x00000000b4200000|  0%| F|  |TAMS 0x00000000b4100000| PB 0x00000000b4100000| Untracked 
| 834|0x00000000b4200000, 0x00000000b4200000, 0x00000000b4300000|  0%| F|  |TAMS 0x00000000b4200000| PB 0x00000000b4200000| Untracked 
| 835|0x00000000b4300000, 0x00000000b4300000, 0x00000000b4400000|  0%| F|  |TAMS 0x00000000b4300000| PB 0x00000000b4300000| Untracked 
| 836|0x00000000b4400000, 0x00000000b4400000, 0x00000000b4500000|  0%| F|  |TAMS 0x00000000b4400000| PB 0x00000000b4400000| Untracked 
| 837|0x00000000b4500000, 0x00000000b4500000, 0x00000000b4600000|  0%| F|  |TAMS 0x00000000b4500000| PB 0x00000000b4500000| Untracked 
| 838|0x00000000b4600000, 0x00000000b4600000, 0x00000000b4700000|  0%| F|  |TAMS 0x00000000b4600000| PB 0x00000000b4600000| Untracked 
| 839|0x00000000b4700000, 0x00000000b4700000, 0x00000000b4800000|  0%| F|  |TAMS 0x00000000b4700000| PB 0x00000000b4700000| Untracked 
| 840|0x00000000b4800000, 0x00000000b4800000, 0x00000000b4900000|  0%| F|  |TAMS 0x00000000b4800000| PB 0x00000000b4800000| Untracked 
| 841|0x00000000b4900000, 0x00000000b4900000, 0x00000000b4a00000|  0%| F|  |TAMS 0x00000000b4900000| PB 0x00000000b4900000| Untracked 
| 842|0x00000000b4a00000, 0x00000000b4a00000, 0x00000000b4b00000|  0%| F|  |TAMS 0x00000000b4a00000| PB 0x00000000b4a00000| Untracked 
| 843|0x00000000b4b00000, 0x00000000b4b00000, 0x00000000b4c00000|  0%| F|  |TAMS 0x00000000b4b00000| PB 0x00000000b4b00000| Untracked 
| 844|0x00000000b4c00000, 0x00000000b4c00000, 0x00000000b4d00000|  0%| F|  |TAMS 0x00000000b4c00000| PB 0x00000000b4c00000| Untracked 
| 845|0x00000000b4d00000, 0x00000000b4d00000, 0x00000000b4e00000|  0%| F|  |TAMS 0x00000000b4d00000| PB 0x00000000b4d00000| Untracked 
| 846|0x00000000b4e00000, 0x00000000b4e00000, 0x00000000b4f00000|  0%| F|  |TAMS 0x00000000b4e00000| PB 0x00000000b4e00000| Untracked 
| 847|0x00000000b4f00000, 0x00000000b4f00000, 0x00000000b5000000|  0%| F|  |TAMS 0x00000000b4f00000| PB 0x00000000b4f00000| Untracked 
| 848|0x00000000b5000000, 0x00000000b5000000, 0x00000000b5100000|  0%| F|  |TAMS 0x00000000b5000000| PB 0x00000000b5000000| Untracked 
| 849|0x00000000b5100000, 0x00000000b5100000, 0x00000000b5200000|  0%| F|  |TAMS 0x00000000b5100000| PB 0x00000000b5100000| Untracked 
| 850|0x00000000b5200000, 0x00000000b5200000, 0x00000000b5300000|  0%| F|  |TAMS 0x00000000b5200000| PB 0x00000000b5200000| Untracked 
| 851|0x00000000b5300000, 0x00000000b5300000, 0x00000000b5400000|  0%| F|  |TAMS 0x00000000b5300000| PB 0x00000000b5300000| Untracked 
| 852|0x00000000b5400000, 0x00000000b5400000, 0x00000000b5500000|  0%| F|  |TAMS 0x00000000b5400000| PB 0x00000000b5400000| Untracked 
| 853|0x00000000b5500000, 0x00000000b5500000, 0x00000000b5600000|  0%| F|  |TAMS 0x00000000b5500000| PB 0x00000000b5500000| Untracked 
| 854|0x00000000b5600000, 0x00000000b5600000, 0x00000000b5700000|  0%| F|  |TAMS 0x00000000b5600000| PB 0x00000000b5600000| Untracked 
| 855|0x00000000b5700000, 0x00000000b5700000, 0x00000000b5800000|  0%| F|  |TAMS 0x00000000b5700000| PB 0x00000000b5700000| Untracked 
| 856|0x00000000b5800000, 0x00000000b5800000, 0x00000000b5900000|  0%| F|  |TAMS 0x00000000b5800000| PB 0x00000000b5800000| Untracked 
| 857|0x00000000b5900000, 0x00000000b5900000, 0x00000000b5a00000|  0%| F|  |TAMS 0x00000000b5900000| PB 0x00000000b5900000| Untracked 
| 858|0x00000000b5a00000, 0x00000000b5a00000, 0x00000000b5b00000|  0%| F|  |TAMS 0x00000000b5a00000| PB 0x00000000b5a00000| Untracked 
| 859|0x00000000b5b00000, 0x00000000b5b00000, 0x00000000b5c00000|  0%| F|  |TAMS 0x00000000b5b00000| PB 0x00000000b5b00000| Untracked 
| 860|0x00000000b5c00000, 0x00000000b5c00000, 0x00000000b5d00000|  0%| F|  |TAMS 0x00000000b5c00000| PB 0x00000000b5c00000| Untracked 
| 861|0x00000000b5d00000, 0x00000000b5d00000, 0x00000000b5e00000|  0%| F|  |TAMS 0x00000000b5d00000| PB 0x00000000b5d00000| Untracked 
| 862|0x00000000b5e00000, 0x00000000b5e00000, 0x00000000b5f00000|  0%| F|  |TAMS 0x00000000b5e00000| PB 0x00000000b5e00000| Untracked 
| 863|0x00000000b5f00000, 0x00000000b5f00000, 0x00000000b6000000|  0%| F|  |TAMS 0x00000000b5f00000| PB 0x00000000b5f00000| Untracked 
| 864|0x00000000b6000000, 0x00000000b6000000, 0x00000000b6100000|  0%| F|  |TAMS 0x00000000b6000000| PB 0x00000000b6000000| Untracked 
| 865|0x00000000b6100000, 0x00000000b6100000, 0x00000000b6200000|  0%| F|  |TAMS 0x00000000b6100000| PB 0x00000000b6100000| Untracked 
| 866|0x00000000b6200000, 0x00000000b6200000, 0x00000000b6300000|  0%| F|  |TAMS 0x00000000b6200000| PB 0x00000000b6200000| Untracked 
| 867|0x00000000b6300000, 0x00000000b6300000, 0x00000000b6400000|  0%| F|  |TAMS 0x00000000b6300000| PB 0x00000000b6300000| Untracked 
| 868|0x00000000b6400000, 0x00000000b6400000, 0x00000000b6500000|  0%| F|  |TAMS 0x00000000b6400000| PB 0x00000000b6400000| Untracked 
| 869|0x00000000b6500000, 0x00000000b6500000, 0x00000000b6600000|  0%| F|  |TAMS 0x00000000b6500000| PB 0x00000000b6500000| Untracked 
| 870|0x00000000b6600000, 0x00000000b6600000, 0x00000000b6700000|  0%| F|  |TAMS 0x00000000b6600000| PB 0x00000000b6600000| Untracked 
| 871|0x00000000b6700000, 0x00000000b6700000, 0x00000000b6800000|  0%| F|  |TAMS 0x00000000b6700000| PB 0x00000000b6700000| Untracked 
| 872|0x00000000b6800000, 0x00000000b6800000, 0x00000000b6900000|  0%| F|  |TAMS 0x00000000b6800000| PB 0x00000000b6800000| Untracked 
| 873|0x00000000b6900000, 0x00000000b6900000, 0x00000000b6a00000|  0%| F|  |TAMS 0x00000000b6900000| PB 0x00000000b6900000| Untracked 
| 874|0x00000000b6a00000, 0x00000000b6a00000, 0x00000000b6b00000|  0%| F|  |TAMS 0x00000000b6a00000| PB 0x00000000b6a00000| Untracked 
| 875|0x00000000b6b00000, 0x00000000b6b00000, 0x00000000b6c00000|  0%| F|  |TAMS 0x00000000b6b00000| PB 0x00000000b6b00000| Untracked 
| 876|0x00000000b6c00000, 0x00000000b6c00000, 0x00000000b6d00000|  0%| F|  |TAMS 0x00000000b6c00000| PB 0x00000000b6c00000| Untracked 
| 877|0x00000000b6d00000, 0x00000000b6d00000, 0x00000000b6e00000|  0%| F|  |TAMS 0x00000000b6d00000| PB 0x00000000b6d00000| Untracked 
| 878|0x00000000b6e00000, 0x00000000b6e00000, 0x00000000b6f00000|  0%| F|  |TAMS 0x00000000b6e00000| PB 0x00000000b6e00000| Untracked 
| 879|0x00000000b6f00000, 0x00000000b6f00000, 0x00000000b7000000|  0%| F|  |TAMS 0x00000000b6f00000| PB 0x00000000b6f00000| Untracked 
| 880|0x00000000b7000000, 0x00000000b7000000, 0x00000000b7100000|  0%| F|  |TAMS 0x00000000b7000000| PB 0x00000000b7000000| Untracked 
| 881|0x00000000b7100000, 0x00000000b7100000, 0x00000000b7200000|  0%| F|  |TAMS 0x00000000b7100000| PB 0x00000000b7100000| Untracked 
| 882|0x00000000b7200000, 0x00000000b7200000, 0x00000000b7300000|  0%| F|  |TAMS 0x00000000b7200000| PB 0x00000000b7200000| Untracked 
| 883|0x00000000b7300000, 0x00000000b7300000, 0x00000000b7400000|  0%| F|  |TAMS 0x00000000b7300000| PB 0x00000000b7300000| Untracked 
| 884|0x00000000b7400000, 0x00000000b7400000, 0x00000000b7500000|  0%| F|  |TAMS 0x00000000b7400000| PB 0x00000000b7400000| Untracked 
| 885|0x00000000b7500000, 0x00000000b7500000, 0x00000000b7600000|  0%| F|  |TAMS 0x00000000b7500000| PB 0x00000000b7500000| Untracked 
| 886|0x00000000b7600000, 0x00000000b7600000, 0x00000000b7700000|  0%| F|  |TAMS 0x00000000b7600000| PB 0x00000000b7600000| Untracked 
| 887|0x00000000b7700000, 0x00000000b7700000, 0x00000000b7800000|  0%| F|  |TAMS 0x00000000b7700000| PB 0x00000000b7700000| Untracked 
| 888|0x00000000b7800000, 0x00000000b7800000, 0x00000000b7900000|  0%| F|  |TAMS 0x00000000b7800000| PB 0x00000000b7800000| Untracked 
| 889|0x00000000b7900000, 0x00000000b7900000, 0x00000000b7a00000|  0%| F|  |TAMS 0x00000000b7900000| PB 0x00000000b7900000| Untracked 
| 890|0x00000000b7a00000, 0x00000000b7a00000, 0x00000000b7b00000|  0%| F|  |TAMS 0x00000000b7a00000| PB 0x00000000b7a00000| Untracked 
| 891|0x00000000b7b00000, 0x00000000b7b00000, 0x00000000b7c00000|  0%| F|  |TAMS 0x00000000b7b00000| PB 0x00000000b7b00000| Untracked 
| 892|0x00000000b7c00000, 0x00000000b7c00000, 0x00000000b7d00000|  0%| F|  |TAMS 0x00000000b7c00000| PB 0x00000000b7c00000| Untracked 
| 893|0x00000000b7d00000, 0x00000000b7d00000, 0x00000000b7e00000|  0%| F|  |TAMS 0x00000000b7d00000| PB 0x00000000b7d00000| Untracked 
| 894|0x00000000b7e00000, 0x00000000b7e00000, 0x00000000b7f00000|  0%| F|  |TAMS 0x00000000b7e00000| PB 0x00000000b7e00000| Untracked 
| 895|0x00000000b7f00000, 0x00000000b7f00000, 0x00000000b8000000|  0%| F|  |TAMS 0x00000000b7f00000| PB 0x00000000b7f00000| Untracked 
| 896|0x00000000b8000000, 0x00000000b8000000, 0x00000000b8100000|  0%| F|  |TAMS 0x00000000b8000000| PB 0x00000000b8000000| Untracked 
| 897|0x00000000b8100000, 0x00000000b8100000, 0x00000000b8200000|  0%| F|  |TAMS 0x00000000b8100000| PB 0x00000000b8100000| Untracked 
| 898|0x00000000b8200000, 0x00000000b8200000, 0x00000000b8300000|  0%| F|  |TAMS 0x00000000b8200000| PB 0x00000000b8200000| Untracked 
| 899|0x00000000b8300000, 0x00000000b8300000, 0x00000000b8400000|  0%| F|  |TAMS 0x00000000b8300000| PB 0x00000000b8300000| Untracked 
| 900|0x00000000b8400000, 0x00000000b8400000, 0x00000000b8500000|  0%| F|  |TAMS 0x00000000b8400000| PB 0x00000000b8400000| Untracked 
| 901|0x00000000b8500000, 0x00000000b8500000, 0x00000000b8600000|  0%| F|  |TAMS 0x00000000b8500000| PB 0x00000000b8500000| Untracked 
| 902|0x00000000b8600000, 0x00000000b8600000, 0x00000000b8700000|  0%| F|  |TAMS 0x00000000b8600000| PB 0x00000000b8600000| Untracked 
| 903|0x00000000b8700000, 0x00000000b8700000, 0x00000000b8800000|  0%| F|  |TAMS 0x00000000b8700000| PB 0x00000000b8700000| Untracked 
| 904|0x00000000b8800000, 0x00000000b8800000, 0x00000000b8900000|  0%| F|  |TAMS 0x00000000b8800000| PB 0x00000000b8800000| Untracked 
| 905|0x00000000b8900000, 0x00000000b8900000, 0x00000000b8a00000|  0%| F|  |TAMS 0x00000000b8900000| PB 0x00000000b8900000| Untracked 
| 906|0x00000000b8a00000, 0x00000000b8a00000, 0x00000000b8b00000|  0%| F|  |TAMS 0x00000000b8a00000| PB 0x00000000b8a00000| Untracked 
| 907|0x00000000b8b00000, 0x00000000b8b00000, 0x00000000b8c00000|  0%| F|  |TAMS 0x00000000b8b00000| PB 0x00000000b8b00000| Untracked 
| 908|0x00000000b8c00000, 0x00000000b8c00000, 0x00000000b8d00000|  0%| F|  |TAMS 0x00000000b8c00000| PB 0x00000000b8c00000| Untracked 
| 909|0x00000000b8d00000, 0x00000000b8d00000, 0x00000000b8e00000|  0%| F|  |TAMS 0x00000000b8d00000| PB 0x00000000b8d00000| Untracked 
| 910|0x00000000b8e00000, 0x00000000b8e00000, 0x00000000b8f00000|  0%| F|  |TAMS 0x00000000b8e00000| PB 0x00000000b8e00000| Untracked 
| 911|0x00000000b8f00000, 0x00000000b8f00000, 0x00000000b9000000|  0%| F|  |TAMS 0x00000000b8f00000| PB 0x00000000b8f00000| Untracked 
| 912|0x00000000b9000000, 0x00000000b9000000, 0x00000000b9100000|  0%| F|  |TAMS 0x00000000b9000000| PB 0x00000000b9000000| Untracked 
| 913|0x00000000b9100000, 0x00000000b9100000, 0x00000000b9200000|  0%| F|  |TAMS 0x00000000b9100000| PB 0x00000000b9100000| Untracked 
| 914|0x00000000b9200000, 0x00000000b9200000, 0x00000000b9300000|  0%| F|  |TAMS 0x00000000b9200000| PB 0x00000000b9200000| Untracked 
| 915|0x00000000b9300000, 0x00000000b9300000, 0x00000000b9400000|  0%| F|  |TAMS 0x00000000b9300000| PB 0x00000000b9300000| Untracked 
| 916|0x00000000b9400000, 0x00000000b9400000, 0x00000000b9500000|  0%| F|  |TAMS 0x00000000b9400000| PB 0x00000000b9400000| Untracked 
| 917|0x00000000b9500000, 0x00000000b9500000, 0x00000000b9600000|  0%| F|  |TAMS 0x00000000b9500000| PB 0x00000000b9500000| Untracked 
| 918|0x00000000b9600000, 0x00000000b9600000, 0x00000000b9700000|  0%| F|  |TAMS 0x00000000b9600000| PB 0x00000000b9600000| Untracked 
| 919|0x00000000b9700000, 0x00000000b9700000, 0x00000000b9800000|  0%| F|  |TAMS 0x00000000b9700000| PB 0x00000000b9700000| Untracked 
| 920|0x00000000b9800000, 0x00000000b9800000, 0x00000000b9900000|  0%| F|  |TAMS 0x00000000b9800000| PB 0x00000000b9800000| Untracked 
| 921|0x00000000b9900000, 0x00000000b9900000, 0x00000000b9a00000|  0%| F|  |TAMS 0x00000000b9900000| PB 0x00000000b9900000| Untracked 
| 922|0x00000000b9a00000, 0x00000000b9a00000, 0x00000000b9b00000|  0%| F|  |TAMS 0x00000000b9a00000| PB 0x00000000b9a00000| Untracked 
| 923|0x00000000b9b00000, 0x00000000b9b00000, 0x00000000b9c00000|  0%| F|  |TAMS 0x00000000b9b00000| PB 0x00000000b9b00000| Untracked 
| 924|0x00000000b9c00000, 0x00000000b9c00000, 0x00000000b9d00000|  0%| F|  |TAMS 0x00000000b9c00000| PB 0x00000000b9c00000| Untracked 
| 925|0x00000000b9d00000, 0x00000000b9d00000, 0x00000000b9e00000|  0%| F|  |TAMS 0x00000000b9d00000| PB 0x00000000b9d00000| Untracked 
| 926|0x00000000b9e00000, 0x00000000b9e00000, 0x00000000b9f00000|  0%| F|  |TAMS 0x00000000b9e00000| PB 0x00000000b9e00000| Untracked 
| 927|0x00000000b9f00000, 0x00000000b9f00000, 0x00000000ba000000|  0%| F|  |TAMS 0x00000000b9f00000| PB 0x00000000b9f00000| Untracked 
| 928|0x00000000ba000000, 0x00000000ba000000, 0x00000000ba100000|  0%| F|  |TAMS 0x00000000ba000000| PB 0x00000000ba000000| Untracked 
| 929|0x00000000ba100000, 0x00000000ba100000, 0x00000000ba200000|  0%| F|  |TAMS 0x00000000ba100000| PB 0x00000000ba100000| Untracked 
| 930|0x00000000ba200000, 0x00000000ba200000, 0x00000000ba300000|  0%| F|  |TAMS 0x00000000ba200000| PB 0x00000000ba200000| Untracked 
| 931|0x00000000ba300000, 0x00000000ba300000, 0x00000000ba400000|  0%| F|  |TAMS 0x00000000ba300000| PB 0x00000000ba300000| Untracked 
| 932|0x00000000ba400000, 0x00000000ba400000, 0x00000000ba500000|  0%| F|  |TAMS 0x00000000ba400000| PB 0x00000000ba400000| Untracked 
| 933|0x00000000ba500000, 0x00000000ba500000, 0x00000000ba600000|  0%| F|  |TAMS 0x00000000ba500000| PB 0x00000000ba500000| Untracked 
| 934|0x00000000ba600000, 0x00000000ba600000, 0x00000000ba700000|  0%| F|  |TAMS 0x00000000ba600000| PB 0x00000000ba600000| Untracked 
| 935|0x00000000ba700000, 0x00000000ba700000, 0x00000000ba800000|  0%| F|  |TAMS 0x00000000ba700000| PB 0x00000000ba700000| Untracked 
| 936|0x00000000ba800000, 0x00000000ba800000, 0x00000000ba900000|  0%| F|  |TAMS 0x00000000ba800000| PB 0x00000000ba800000| Untracked 
| 937|0x00000000ba900000, 0x00000000ba900000, 0x00000000baa00000|  0%| F|  |TAMS 0x00000000ba900000| PB 0x00000000ba900000| Untracked 
| 938|0x00000000baa00000, 0x00000000baa00000, 0x00000000bab00000|  0%| F|  |TAMS 0x00000000baa00000| PB 0x00000000baa00000| Untracked 
| 939|0x00000000bab00000, 0x00000000bab00000, 0x00000000bac00000|  0%| F|  |TAMS 0x00000000bab00000| PB 0x00000000bab00000| Untracked 
| 940|0x00000000bac00000, 0x00000000bac00000, 0x00000000bad00000|  0%| F|  |TAMS 0x00000000bac00000| PB 0x00000000bac00000| Untracked 
| 941|0x00000000bad00000, 0x00000000bad00000, 0x00000000bae00000|  0%| F|  |TAMS 0x00000000bad00000| PB 0x00000000bad00000| Untracked 
| 942|0x00000000bae00000, 0x00000000bae00000, 0x00000000baf00000|  0%| F|  |TAMS 0x00000000bae00000| PB 0x00000000bae00000| Untracked 
| 943|0x00000000baf00000, 0x00000000baf00000, 0x00000000bb000000|  0%| F|  |TAMS 0x00000000baf00000| PB 0x00000000baf00000| Untracked 
| 944|0x00000000bb000000, 0x00000000bb000000, 0x00000000bb100000|  0%| F|  |TAMS 0x00000000bb000000| PB 0x00000000bb000000| Untracked 
| 945|0x00000000bb100000, 0x00000000bb100000, 0x00000000bb200000|  0%| F|  |TAMS 0x00000000bb100000| PB 0x00000000bb100000| Untracked 
| 946|0x00000000bb200000, 0x00000000bb200000, 0x00000000bb300000|  0%| F|  |TAMS 0x00000000bb200000| PB 0x00000000bb200000| Untracked 
| 947|0x00000000bb300000, 0x00000000bb300000, 0x00000000bb400000|  0%| F|  |TAMS 0x00000000bb300000| PB 0x00000000bb300000| Untracked 
| 948|0x00000000bb400000, 0x00000000bb400000, 0x00000000bb500000|  0%| F|  |TAMS 0x00000000bb400000| PB 0x00000000bb400000| Untracked 
| 949|0x00000000bb500000, 0x00000000bb500000, 0x00000000bb600000|  0%| F|  |TAMS 0x00000000bb500000| PB 0x00000000bb500000| Untracked 
| 950|0x00000000bb600000, 0x00000000bb600000, 0x00000000bb700000|  0%| F|  |TAMS 0x00000000bb600000| PB 0x00000000bb600000| Untracked 
| 951|0x00000000bb700000, 0x00000000bb700000, 0x00000000bb800000|  0%| F|  |TAMS 0x00000000bb700000| PB 0x00000000bb700000| Untracked 
| 952|0x00000000bb800000, 0x00000000bb900000, 0x00000000bb900000|100%| O|  |TAMS 0x00000000bb900000| PB 0x00000000bb800000| Untracked 
| 953|0x00000000bb900000, 0x00000000bba00000, 0x00000000bba00000|100%| O|  |TAMS 0x00000000bba00000| PB 0x00000000bb900000| Untracked 
| 954|0x00000000bba00000, 0x00000000bbb00000, 0x00000000bbb00000|100%| O|  |TAMS 0x00000000bbb00000| PB 0x00000000bba00000| Untracked 
| 955|0x00000000bbb00000, 0x00000000bbc00000, 0x00000000bbc00000|100%| O|  |TAMS 0x00000000bbc00000| PB 0x00000000bbb00000| Untracked 
| 956|0x00000000bbc00000, 0x00000000bbd00000, 0x00000000bbd00000|100%| O|  |TAMS 0x00000000bbd00000| PB 0x00000000bbc00000| Untracked 
| 957|0x00000000bbd00000, 0x00000000bbd00000, 0x00000000bbe00000|  0%| F|  |TAMS 0x00000000bbd00000| PB 0x00000000bbd00000| Untracked 
| 958|0x00000000bbe00000, 0x00000000bbe00000, 0x00000000bbf00000|  0%| F|  |TAMS 0x00000000bbe00000| PB 0x00000000bbe00000| Untracked 
| 959|0x00000000bbf00000, 0x00000000bbf00000, 0x00000000bc000000|  0%| F|  |TAMS 0x00000000bbf00000| PB 0x00000000bbf00000| Untracked 
| 960|0x00000000bc000000, 0x00000000bc000000, 0x00000000bc100000|  0%| F|  |TAMS 0x00000000bc000000| PB 0x00000000bc000000| Untracked 
| 961|0x00000000bc100000, 0x00000000bc100000, 0x00000000bc200000|  0%| F|  |TAMS 0x00000000bc100000| PB 0x00000000bc100000| Untracked 
| 962|0x00000000bc200000, 0x00000000bc200000, 0x00000000bc300000|  0%| F|  |TAMS 0x00000000bc200000| PB 0x00000000bc200000| Untracked 
| 963|0x00000000bc300000, 0x00000000bc300000, 0x00000000bc400000|  0%| F|  |TAMS 0x00000000bc300000| PB 0x00000000bc300000| Untracked 
| 964|0x00000000bc400000, 0x00000000bc400000, 0x00000000bc500000|  0%| F|  |TAMS 0x00000000bc400000| PB 0x00000000bc400000| Untracked 
| 965|0x00000000bc500000, 0x00000000bc500000, 0x00000000bc600000|  0%| F|  |TAMS 0x00000000bc500000| PB 0x00000000bc500000| Untracked 
| 966|0x00000000bc600000, 0x00000000bc600000, 0x00000000bc700000|  0%| F|  |TAMS 0x00000000bc600000| PB 0x00000000bc600000| Untracked 
| 967|0x00000000bc700000, 0x00000000bc700000, 0x00000000bc800000|  0%| F|  |TAMS 0x00000000bc700000| PB 0x00000000bc700000| Untracked 
| 968|0x00000000bc800000, 0x00000000bc800000, 0x00000000bc900000|  0%| F|  |TAMS 0x00000000bc800000| PB 0x00000000bc800000| Untracked 
| 969|0x00000000bc900000, 0x00000000bc900000, 0x00000000bca00000|  0%| F|  |TAMS 0x00000000bc900000| PB 0x00000000bc900000| Untracked 
| 970|0x00000000bca00000, 0x00000000bca00000, 0x00000000bcb00000|  0%| F|  |TAMS 0x00000000bca00000| PB 0x00000000bca00000| Untracked 
| 971|0x00000000bcb00000, 0x00000000bcb00000, 0x00000000bcc00000|  0%| F|  |TAMS 0x00000000bcb00000| PB 0x00000000bcb00000| Untracked 
| 972|0x00000000bcc00000, 0x00000000bcc00000, 0x00000000bcd00000|  0%| F|  |TAMS 0x00000000bcc00000| PB 0x00000000bcc00000| Untracked 
| 973|0x00000000bcd00000, 0x00000000bcd00000, 0x00000000bce00000|  0%| F|  |TAMS 0x00000000bcd00000| PB 0x00000000bcd00000| Untracked 
| 974|0x00000000bce00000, 0x00000000bce00000, 0x00000000bcf00000|  0%| F|  |TAMS 0x00000000bce00000| PB 0x00000000bce00000| Untracked 
| 975|0x00000000bcf00000, 0x00000000bcf00000, 0x00000000bd000000|  0%| F|  |TAMS 0x00000000bcf00000| PB 0x00000000bcf00000| Untracked 
| 976|0x00000000bd000000, 0x00000000bd000000, 0x00000000bd100000|  0%| F|  |TAMS 0x00000000bd000000| PB 0x00000000bd000000| Untracked 
| 977|0x00000000bd100000, 0x00000000bd100000, 0x00000000bd200000|  0%| F|  |TAMS 0x00000000bd100000| PB 0x00000000bd100000| Untracked 
| 978|0x00000000bd200000, 0x00000000bd200000, 0x00000000bd300000|  0%| F|  |TAMS 0x00000000bd200000| PB 0x00000000bd200000| Untracked 
| 979|0x00000000bd300000, 0x00000000bd300000, 0x00000000bd400000|  0%| F|  |TAMS 0x00000000bd300000| PB 0x00000000bd300000| Untracked 
| 980|0x00000000bd400000, 0x00000000bd400000, 0x00000000bd500000|  0%| F|  |TAMS 0x00000000bd400000| PB 0x00000000bd400000| Untracked 
| 981|0x00000000bd500000, 0x00000000bd500000, 0x00000000bd600000|  0%| F|  |TAMS 0x00000000bd500000| PB 0x00000000bd500000| Untracked 
| 982|0x00000000bd600000, 0x00000000bd600000, 0x00000000bd700000|  0%| F|  |TAMS 0x00000000bd600000| PB 0x00000000bd600000| Untracked 
| 983|0x00000000bd700000, 0x00000000bd700000, 0x00000000bd800000|  0%| F|  |TAMS 0x00000000bd700000| PB 0x00000000bd700000| Untracked 
| 984|0x00000000bd800000, 0x00000000bd800000, 0x00000000bd900000|  0%| F|  |TAMS 0x00000000bd800000| PB 0x00000000bd800000| Untracked 
| 985|0x00000000bd900000, 0x00000000bd900000, 0x00000000bda00000|  0%| F|  |TAMS 0x00000000bd900000| PB 0x00000000bd900000| Untracked 
| 986|0x00000000bda00000, 0x00000000bda00000, 0x00000000bdb00000|  0%| F|  |TAMS 0x00000000bda00000| PB 0x00000000bda00000| Untracked 
| 987|0x00000000bdb00000, 0x00000000bdb00000, 0x00000000bdc00000|  0%| F|  |TAMS 0x00000000bdb00000| PB 0x00000000bdb00000| Untracked 
| 988|0x00000000bdc00000, 0x00000000bdc00000, 0x00000000bdd00000|  0%| F|  |TAMS 0x00000000bdc00000| PB 0x00000000bdc00000| Untracked 
| 989|0x00000000bdd00000, 0x00000000bdd00000, 0x00000000bde00000|  0%| F|  |TAMS 0x00000000bdd00000| PB 0x00000000bdd00000| Untracked 
| 990|0x00000000bde00000, 0x00000000bde00000, 0x00000000bdf00000|  0%| F|  |TAMS 0x00000000bde00000| PB 0x00000000bde00000| Untracked 
| 991|0x00000000bdf00000, 0x00000000bdf00000, 0x00000000be000000|  0%| F|  |TAMS 0x00000000bdf00000| PB 0x00000000bdf00000| Untracked 
| 992|0x00000000be000000, 0x00000000be000000, 0x00000000be100000|  0%| F|  |TAMS 0x00000000be000000| PB 0x00000000be000000| Untracked 
| 993|0x00000000be100000, 0x00000000be100000, 0x00000000be200000|  0%| F|  |TAMS 0x00000000be100000| PB 0x00000000be100000| Untracked 
| 994|0x00000000be200000, 0x00000000be200000, 0x00000000be300000|  0%| F|  |TAMS 0x00000000be200000| PB 0x00000000be200000| Untracked 
| 995|0x00000000be300000, 0x00000000be300000, 0x00000000be400000|  0%| F|  |TAMS 0x00000000be300000| PB 0x00000000be300000| Untracked 
| 996|0x00000000be400000, 0x00000000be400000, 0x00000000be500000|  0%| F|  |TAMS 0x00000000be400000| PB 0x00000000be400000| Untracked 
| 997|0x00000000be500000, 0x00000000be500000, 0x00000000be600000|  0%| F|  |TAMS 0x00000000be500000| PB 0x00000000be500000| Untracked 
| 998|0x00000000be600000, 0x00000000be600000, 0x00000000be700000|  0%| F|  |TAMS 0x00000000be600000| PB 0x00000000be600000| Untracked 
| 999|0x00000000be700000, 0x00000000be700000, 0x00000000be800000|  0%| F|  |TAMS 0x00000000be700000| PB 0x00000000be700000| Untracked 
|1000|0x00000000be800000, 0x00000000be800000, 0x00000000be900000|  0%| F|  |TAMS 0x00000000be800000| PB 0x00000000be800000| Untracked 
|1001|0x00000000be900000, 0x00000000be900000, 0x00000000bea00000|  0%| F|  |TAMS 0x00000000be900000| PB 0x00000000be900000| Untracked 
|1002|0x00000000bea00000, 0x00000000bea00000, 0x00000000beb00000|  0%| F|  |TAMS 0x00000000bea00000| PB 0x00000000bea00000| Untracked 
|1003|0x00000000beb00000, 0x00000000beb00000, 0x00000000bec00000|  0%| F|  |TAMS 0x00000000beb00000| PB 0x00000000beb00000| Untracked 
|1004|0x00000000bec00000, 0x00000000bec00000, 0x00000000bed00000|  0%| F|  |TAMS 0x00000000bec00000| PB 0x00000000bec00000| Untracked 
|1005|0x00000000bed00000, 0x00000000bed00000, 0x00000000bee00000|  0%| F|  |TAMS 0x00000000bed00000| PB 0x00000000bed00000| Untracked 
|1006|0x00000000bee00000, 0x00000000bee00000, 0x00000000bef00000|  0%| F|  |TAMS 0x00000000bee00000| PB 0x00000000bee00000| Untracked 
|1007|0x00000000bef00000, 0x00000000bef00000, 0x00000000bf000000|  0%| F|  |TAMS 0x00000000bef00000| PB 0x00000000bef00000| Untracked 
|1008|0x00000000bf000000, 0x00000000bf000000, 0x00000000bf100000|  0%| F|  |TAMS 0x00000000bf000000| PB 0x00000000bf000000| Untracked 
|1009|0x00000000bf100000, 0x00000000bf100000, 0x00000000bf200000|  0%| F|  |TAMS 0x00000000bf100000| PB 0x00000000bf100000| Untracked 
|1010|0x00000000bf200000, 0x00000000bf200000, 0x00000000bf300000|  0%| F|  |TAMS 0x00000000bf200000| PB 0x00000000bf200000| Untracked 
|1011|0x00000000bf300000, 0x00000000bf300000, 0x00000000bf400000|  0%| F|  |TAMS 0x00000000bf300000| PB 0x00000000bf300000| Untracked 
|1012|0x00000000bf400000, 0x00000000bf400000, 0x00000000bf500000|  0%| F|  |TAMS 0x00000000bf400000| PB 0x00000000bf400000| Untracked 
|1013|0x00000000bf500000, 0x00000000bf500000, 0x00000000bf600000|  0%| F|  |TAMS 0x00000000bf500000| PB 0x00000000bf500000| Untracked 
|1014|0x00000000bf600000, 0x00000000bf600000, 0x00000000bf700000|  0%| F|  |TAMS 0x00000000bf600000| PB 0x00000000bf600000| Untracked 
|1015|0x00000000bf700000, 0x00000000bf700000, 0x00000000bf800000|  0%| F|  |TAMS 0x00000000bf700000| PB 0x00000000bf700000| Untracked 
|1016|0x00000000bf800000, 0x00000000bf800000, 0x00000000bf900000|  0%| F|  |TAMS 0x00000000bf800000| PB 0x00000000bf800000| Untracked 
|1017|0x00000000bf900000, 0x00000000bf900000, 0x00000000bfa00000|  0%| F|  |TAMS 0x00000000bf900000| PB 0x00000000bf900000| Untracked 
|1018|0x00000000bfa00000, 0x00000000bfa00000, 0x00000000bfb00000|  0%| F|  |TAMS 0x00000000bfa00000| PB 0x00000000bfa00000| Untracked 
|1019|0x00000000bfb00000, 0x00000000bfb00000, 0x00000000bfc00000|  0%| F|  |TAMS 0x00000000bfb00000| PB 0x00000000bfb00000| Untracked 
|1020|0x00000000bfc00000, 0x00000000bfc00000, 0x00000000bfd00000|  0%| F|  |TAMS 0x00000000bfc00000| PB 0x00000000bfc00000| Untracked 
|1021|0x00000000bfd00000, 0x00000000bfd00000, 0x00000000bfe00000|  0%| F|  |TAMS 0x00000000bfd00000| PB 0x00000000bfd00000| Untracked 
|1022|0x00000000bfe00000, 0x00000000bfe00000, 0x00000000bff00000|  0%| F|  |TAMS 0x00000000bfe00000| PB 0x00000000bfe00000| Untracked 
|1023|0x00000000bff00000, 0x00000000c0000000, 0x00000000c0000000|100%| O|  |TAMS 0x00000000c0000000| PB 0x00000000bff00000| Untracked 
|1024|0x00000000c0000000, 0x00000000c0100000, 0x00000000c0100000|100%| O|  |TAMS 0x00000000c0100000| PB 0x00000000c0000000| Untracked 
|1025|0x00000000c0100000, 0x00000000c0200000, 0x00000000c0200000|100%| O|  |TAMS 0x00000000c0200000| PB 0x00000000c0100000| Untracked 
|1026|0x00000000c0200000, 0x00000000c0300000, 0x00000000c0300000|100%| O|  |TAMS 0x00000000c0300000| PB 0x00000000c0200000| Untracked 
|1027|0x00000000c0300000, 0x00000000c0400000, 0x00000000c0400000|100%| O|  |TAMS 0x00000000c0400000| PB 0x00000000c0300000| Untracked 
|1028|0x00000000c0400000, 0x00000000c0500000, 0x00000000c0500000|100%| O|  |TAMS 0x00000000c0500000| PB 0x00000000c0400000| Untracked 
|1029|0x00000000c0500000, 0x00000000c0600000, 0x00000000c0600000|100%| O|  |TAMS 0x00000000c0600000| PB 0x00000000c0500000| Untracked 
|1030|0x00000000c0600000, 0x00000000c0700000, 0x00000000c0700000|100%| O|  |TAMS 0x00000000c0700000| PB 0x00000000c0600000| Untracked 
|1031|0x00000000c0700000, 0x00000000c0800000, 0x00000000c0800000|100%| O|  |TAMS 0x00000000c0800000| PB 0x00000000c0700000| Untracked 
|1032|0x00000000c0800000, 0x00000000c0900000, 0x00000000c0900000|100%| O|  |TAMS 0x00000000c0900000| PB 0x00000000c0800000| Untracked 
|1033|0x00000000c0900000, 0x00000000c0a00000, 0x00000000c0a00000|100%| O|  |TAMS 0x00000000c0a00000| PB 0x00000000c0900000| Untracked 
|1034|0x00000000c0a00000, 0x00000000c0b00000, 0x00000000c0b00000|100%| O|  |TAMS 0x00000000c0b00000| PB 0x00000000c0a00000| Untracked 
|1035|0x00000000c0b00000, 0x00000000c0c00000, 0x00000000c0c00000|100%| O|  |TAMS 0x00000000c0c00000| PB 0x00000000c0b00000| Untracked 
|1036|0x00000000c0c00000, 0x00000000c0d00000, 0x00000000c0d00000|100%| O|  |TAMS 0x00000000c0d00000| PB 0x00000000c0c00000| Untracked 
|1037|0x00000000c0d00000, 0x00000000c0e00000, 0x00000000c0e00000|100%| O|  |TAMS 0x00000000c0e00000| PB 0x00000000c0d00000| Untracked 
|1038|0x00000000c0e00000, 0x00000000c0f00000, 0x00000000c0f00000|100%| O|  |TAMS 0x00000000c0f00000| PB 0x00000000c0e00000| Untracked 
|1039|0x00000000c0f00000, 0x00000000c1000000, 0x00000000c1000000|100%| O|  |TAMS 0x00000000c1000000| PB 0x00000000c0f00000| Untracked 
|1040|0x00000000c1000000, 0x00000000c1100000, 0x00000000c1100000|100%| O|  |TAMS 0x00000000c1100000| PB 0x00000000c1000000| Untracked 
|1041|0x00000000c1100000, 0x00000000c1200000, 0x00000000c1200000|100%| O|  |TAMS 0x00000000c1200000| PB 0x00000000c1100000| Untracked 
|1042|0x00000000c1200000, 0x00000000c1300000, 0x00000000c1300000|100%| O|  |TAMS 0x00000000c1300000| PB 0x00000000c1200000| Untracked 
|1043|0x00000000c1300000, 0x00000000c1400000, 0x00000000c1400000|100%| O|  |TAMS 0x00000000c1400000| PB 0x00000000c1300000| Untracked 
|1044|0x00000000c1400000, 0x00000000c1500000, 0x00000000c1500000|100%| O|  |TAMS 0x00000000c1500000| PB 0x00000000c1400000| Untracked 
|1045|0x00000000c1500000, 0x00000000c1600000, 0x00000000c1600000|100%| O|  |TAMS 0x00000000c1600000| PB 0x00000000c1500000| Untracked 
|1046|0x00000000c1600000, 0x00000000c1700000, 0x00000000c1700000|100%| O|  |TAMS 0x00000000c1700000| PB 0x00000000c1600000| Untracked 
|1047|0x00000000c1700000, 0x00000000c1800000, 0x00000000c1800000|100%| O|  |TAMS 0x00000000c1800000| PB 0x00000000c1700000| Untracked 
|1048|0x00000000c1800000, 0x00000000c1900000, 0x00000000c1900000|100%| O|  |TAMS 0x00000000c1900000| PB 0x00000000c1800000| Untracked 
|1049|0x00000000c1900000, 0x00000000c1a00000, 0x00000000c1a00000|100%| O|  |TAMS 0x00000000c1a00000| PB 0x00000000c1900000| Untracked 
|1050|0x00000000c1a00000, 0x00000000c1b00000, 0x00000000c1b00000|100%| O|  |TAMS 0x00000000c1b00000| PB 0x00000000c1a00000| Untracked 
|1051|0x00000000c1b00000, 0x00000000c1c00000, 0x00000000c1c00000|100%| O|  |TAMS 0x00000000c1c00000| PB 0x00000000c1b00000| Untracked 
|1052|0x00000000c1c00000, 0x00000000c1c00000, 0x00000000c1d00000|  0%| F|  |TAMS 0x00000000c1c00000| PB 0x00000000c1c00000| Untracked 
|1053|0x00000000c1d00000, 0x00000000c1e00000, 0x00000000c1e00000|100%| O|  |TAMS 0x00000000c1e00000| PB 0x00000000c1d00000| Untracked 
|1054|0x00000000c1e00000, 0x00000000c1e00000, 0x00000000c1f00000|  0%| F|  |TAMS 0x00000000c1e00000| PB 0x00000000c1e00000| Untracked 
|1055|0x00000000c1f00000, 0x00000000c2000000, 0x00000000c2000000|100%| O|  |TAMS 0x00000000c2000000| PB 0x00000000c1f00000| Untracked 
|1056|0x00000000c2000000, 0x00000000c2000000, 0x00000000c2100000|  0%| F|  |TAMS 0x00000000c2000000| PB 0x00000000c2000000| Untracked 
|1057|0x00000000c2100000, 0x00000000c2200000, 0x00000000c2200000|100%| O|  |TAMS 0x00000000c2200000| PB 0x00000000c2100000| Untracked 
|1058|0x00000000c2200000, 0x00000000c2300000, 0x00000000c2300000|100%| O|  |TAMS 0x00000000c2300000| PB 0x00000000c2200000| Untracked 
|1059|0x00000000c2300000, 0x00000000c2400000, 0x00000000c2400000|100%| O|  |TAMS 0x00000000c2400000| PB 0x00000000c2300000| Untracked 
|1060|0x00000000c2400000, 0x00000000c2500000, 0x00000000c2500000|100%| O|  |TAMS 0x00000000c2500000| PB 0x00000000c2400000| Untracked 
|1061|0x00000000c2500000, 0x00000000c2600000, 0x00000000c2600000|100%| O|  |TAMS 0x00000000c2600000| PB 0x00000000c2500000| Untracked 
|1062|0x00000000c2600000, 0x00000000c2700000, 0x00000000c2700000|100%| O|  |TAMS 0x00000000c2700000| PB 0x00000000c2600000| Untracked 
|1063|0x00000000c2700000, 0x00000000c2800000, 0x00000000c2800000|100%| O|  |TAMS 0x00000000c2800000| PB 0x00000000c2700000| Untracked 
|1064|0x00000000c2800000, 0x00000000c2900000, 0x00000000c2900000|100%| O|  |TAMS 0x00000000c2900000| PB 0x00000000c2800000| Untracked 
|1065|0x00000000c2900000, 0x00000000c2a00000, 0x00000000c2a00000|100%| O|  |TAMS 0x00000000c2a00000| PB 0x00000000c2900000| Untracked 
|1066|0x00000000c2a00000, 0x00000000c2b00000, 0x00000000c2b00000|100%| O|  |TAMS 0x00000000c2b00000| PB 0x00000000c2a00000| Untracked 
|1067|0x00000000c2b00000, 0x00000000c2b00000, 0x00000000c2c00000|  0%| F|  |TAMS 0x00000000c2b00000| PB 0x00000000c2b00000| Untracked 
|1068|0x00000000c2c00000, 0x00000000c2c00000, 0x00000000c2d00000|  0%| F|  |TAMS 0x00000000c2c00000| PB 0x00000000c2c00000| Untracked 
|1069|0x00000000c2d00000, 0x00000000c2d00000, 0x00000000c2e00000|  0%| F|  |TAMS 0x00000000c2d00000| PB 0x00000000c2d00000| Untracked 
|1070|0x00000000c2e00000, 0x00000000c2e00000, 0x00000000c2f00000|  0%| F|  |TAMS 0x00000000c2e00000| PB 0x00000000c2e00000| Untracked 
|1071|0x00000000c2f00000, 0x00000000c2f00000, 0x00000000c3000000|  0%| F|  |TAMS 0x00000000c2f00000| PB 0x00000000c2f00000| Untracked 
|1072|0x00000000c3000000, 0x00000000c3000000, 0x00000000c3100000|  0%| F|  |TAMS 0x00000000c3000000| PB 0x00000000c3000000| Untracked 
|1073|0x00000000c3100000, 0x00000000c3100000, 0x00000000c3200000|  0%| F|  |TAMS 0x00000000c3100000| PB 0x00000000c3100000| Untracked 
|1074|0x00000000c3200000, 0x00000000c3200000, 0x00000000c3300000|  0%| F|  |TAMS 0x00000000c3200000| PB 0x00000000c3200000| Untracked 
|1075|0x00000000c3300000, 0x00000000c3300000, 0x00000000c3400000|  0%| F|  |TAMS 0x00000000c3300000| PB 0x00000000c3300000| Untracked 
|1076|0x00000000c3400000, 0x00000000c3400000, 0x00000000c3500000|  0%| F|  |TAMS 0x00000000c3400000| PB 0x00000000c3400000| Untracked 
|1077|0x00000000c3500000, 0x00000000c3500000, 0x00000000c3600000|  0%| F|  |TAMS 0x00000000c3500000| PB 0x00000000c3500000| Untracked 
|1078|0x00000000c3600000, 0x00000000c3600000, 0x00000000c3700000|  0%| F|  |TAMS 0x00000000c3600000| PB 0x00000000c3600000| Untracked 
|1079|0x00000000c3700000, 0x00000000c3700000, 0x00000000c3800000|  0%| F|  |TAMS 0x00000000c3700000| PB 0x00000000c3700000| Untracked 
|1080|0x00000000c3800000, 0x00000000c3800000, 0x00000000c3900000|  0%| F|  |TAMS 0x00000000c3800000| PB 0x00000000c3800000| Untracked 
|1081|0x00000000c3900000, 0x00000000c3900000, 0x00000000c3a00000|  0%| F|  |TAMS 0x00000000c3900000| PB 0x00000000c3900000| Untracked 
|1082|0x00000000c3a00000, 0x00000000c3a00000, 0x00000000c3b00000|  0%| F|  |TAMS 0x00000000c3a00000| PB 0x00000000c3a00000| Untracked 
|1083|0x00000000c3b00000, 0x00000000c3b00000, 0x00000000c3c00000|  0%| F|  |TAMS 0x00000000c3b00000| PB 0x00000000c3b00000| Untracked 
|1084|0x00000000c3c00000, 0x00000000c3c00000, 0x00000000c3d00000|  0%| F|  |TAMS 0x00000000c3c00000| PB 0x00000000c3c00000| Untracked 
|1085|0x00000000c3d00000, 0x00000000c3d00000, 0x00000000c3e00000|  0%| F|  |TAMS 0x00000000c3d00000| PB 0x00000000c3d00000| Untracked 
|1086|0x00000000c3e00000, 0x00000000c3e00000, 0x00000000c3f00000|  0%| F|  |TAMS 0x00000000c3e00000| PB 0x00000000c3e00000| Untracked 
|1087|0x00000000c3f00000, 0x00000000c3f00000, 0x00000000c4000000|  0%| F|  |TAMS 0x00000000c3f00000| PB 0x00000000c3f00000| Untracked 
|1088|0x00000000c4000000, 0x00000000c4000000, 0x00000000c4100000|  0%| F|  |TAMS 0x00000000c4000000| PB 0x00000000c4000000| Untracked 
|1089|0x00000000c4100000, 0x00000000c4100000, 0x00000000c4200000|  0%| F|  |TAMS 0x00000000c4100000| PB 0x00000000c4100000| Untracked 
|1090|0x00000000c4200000, 0x00000000c4200000, 0x00000000c4300000|  0%| F|  |TAMS 0x00000000c4200000| PB 0x00000000c4200000| Untracked 
|1091|0x00000000c4300000, 0x00000000c4300000, 0x00000000c4400000|  0%| F|  |TAMS 0x00000000c4300000| PB 0x00000000c4300000| Untracked 
|1092|0x00000000c4400000, 0x00000000c4400000, 0x00000000c4500000|  0%| F|  |TAMS 0x00000000c4400000| PB 0x00000000c4400000| Untracked 
|1093|0x00000000c4500000, 0x00000000c4500000, 0x00000000c4600000|  0%| F|  |TAMS 0x00000000c4500000| PB 0x00000000c4500000| Untracked 
|1094|0x00000000c4600000, 0x00000000c4600000, 0x00000000c4700000|  0%| F|  |TAMS 0x00000000c4600000| PB 0x00000000c4600000| Untracked 
|1095|0x00000000c4700000, 0x00000000c4700000, 0x00000000c4800000|  0%| F|  |TAMS 0x00000000c4700000| PB 0x00000000c4700000| Untracked 
|1096|0x00000000c4800000, 0x00000000c4800000, 0x00000000c4900000|  0%| F|  |TAMS 0x00000000c4800000| PB 0x00000000c4800000| Untracked 
|1097|0x00000000c4900000, 0x00000000c4900000, 0x00000000c4a00000|  0%| F|  |TAMS 0x00000000c4900000| PB 0x00000000c4900000| Untracked 
|1098|0x00000000c4a00000, 0x00000000c4a00000, 0x00000000c4b00000|  0%| F|  |TAMS 0x00000000c4a00000| PB 0x00000000c4a00000| Untracked 
|1099|0x00000000c4b00000, 0x00000000c4b00000, 0x00000000c4c00000|  0%| F|  |TAMS 0x00000000c4b00000| PB 0x00000000c4b00000| Untracked 
|1100|0x00000000c4c00000, 0x00000000c4c00000, 0x00000000c4d00000|  0%| F|  |TAMS 0x00000000c4c00000| PB 0x00000000c4c00000| Untracked 
|1101|0x00000000c4d00000, 0x00000000c4d00000, 0x00000000c4e00000|  0%| F|  |TAMS 0x00000000c4d00000| PB 0x00000000c4d00000| Untracked 
|1102|0x00000000c4e00000, 0x00000000c4e00000, 0x00000000c4f00000|  0%| F|  |TAMS 0x00000000c4e00000| PB 0x00000000c4e00000| Untracked 
|1103|0x00000000c4f00000, 0x00000000c4f00000, 0x00000000c5000000|  0%| F|  |TAMS 0x00000000c4f00000| PB 0x00000000c4f00000| Untracked 
|1104|0x00000000c5000000, 0x00000000c5000000, 0x00000000c5100000|  0%| F|  |TAMS 0x00000000c5000000| PB 0x00000000c5000000| Untracked 
|1105|0x00000000c5100000, 0x00000000c5100000, 0x00000000c5200000|  0%| F|  |TAMS 0x00000000c5100000| PB 0x00000000c5100000| Untracked 
|1106|0x00000000c5200000, 0x00000000c5200000, 0x00000000c5300000|  0%| F|  |TAMS 0x00000000c5200000| PB 0x00000000c5200000| Untracked 
|1107|0x00000000c5300000, 0x00000000c5300000, 0x00000000c5400000|  0%| F|  |TAMS 0x00000000c5300000| PB 0x00000000c5300000| Untracked 
|1108|0x00000000c5400000, 0x00000000c5400000, 0x00000000c5500000|  0%| F|  |TAMS 0x00000000c5400000| PB 0x00000000c5400000| Untracked 
|1109|0x00000000c5500000, 0x00000000c5500000, 0x00000000c5600000|  0%| F|  |TAMS 0x00000000c5500000| PB 0x00000000c5500000| Untracked 
|1110|0x00000000c5600000, 0x00000000c5600000, 0x00000000c5700000|  0%| F|  |TAMS 0x00000000c5600000| PB 0x00000000c5600000| Untracked 
|1111|0x00000000c5700000, 0x00000000c5700000, 0x00000000c5800000|  0%| F|  |TAMS 0x00000000c5700000| PB 0x00000000c5700000| Untracked 
|1112|0x00000000c5800000, 0x00000000c5800000, 0x00000000c5900000|  0%| F|  |TAMS 0x00000000c5800000| PB 0x00000000c5800000| Untracked 
|1113|0x00000000c5900000, 0x00000000c5900000, 0x00000000c5a00000|  0%| F|  |TAMS 0x00000000c5900000| PB 0x00000000c5900000| Untracked 
|1114|0x00000000c5a00000, 0x00000000c5a00000, 0x00000000c5b00000|  0%| F|  |TAMS 0x00000000c5a00000| PB 0x00000000c5a00000| Untracked 
|1115|0x00000000c5b00000, 0x00000000c5b00000, 0x00000000c5c00000|  0%| F|  |TAMS 0x00000000c5b00000| PB 0x00000000c5b00000| Untracked 
|1116|0x00000000c5c00000, 0x00000000c5c00000, 0x00000000c5d00000|  0%| F|  |TAMS 0x00000000c5c00000| PB 0x00000000c5c00000| Untracked 
|1117|0x00000000c5d00000, 0x00000000c5d00000, 0x00000000c5e00000|  0%| F|  |TAMS 0x00000000c5d00000| PB 0x00000000c5d00000| Untracked 
|1118|0x00000000c5e00000, 0x00000000c5e00000, 0x00000000c5f00000|  0%| F|  |TAMS 0x00000000c5e00000| PB 0x00000000c5e00000| Untracked 
|1119|0x00000000c5f00000, 0x00000000c5f00000, 0x00000000c6000000|  0%| F|  |TAMS 0x00000000c5f00000| PB 0x00000000c5f00000| Untracked 
|1120|0x00000000c6000000, 0x00000000c6000000, 0x00000000c6100000|  0%| F|  |TAMS 0x00000000c6000000| PB 0x00000000c6000000| Untracked 
|1121|0x00000000c6100000, 0x00000000c6100000, 0x00000000c6200000|  0%| F|  |TAMS 0x00000000c6100000| PB 0x00000000c6100000| Untracked 
|1122|0x00000000c6200000, 0x00000000c6200000, 0x00000000c6300000|  0%| F|  |TAMS 0x00000000c6200000| PB 0x00000000c6200000| Untracked 
|1123|0x00000000c6300000, 0x00000000c6300000, 0x00000000c6400000|  0%| F|  |TAMS 0x00000000c6300000| PB 0x00000000c6300000| Untracked 
|1124|0x00000000c6400000, 0x00000000c6400000, 0x00000000c6500000|  0%| F|  |TAMS 0x00000000c6400000| PB 0x00000000c6400000| Untracked 
|1125|0x00000000c6500000, 0x00000000c6500000, 0x00000000c6600000|  0%| F|  |TAMS 0x00000000c6500000| PB 0x00000000c6500000| Untracked 
|1126|0x00000000c6600000, 0x00000000c6600000, 0x00000000c6700000|  0%| F|  |TAMS 0x00000000c6600000| PB 0x00000000c6600000| Untracked 
|1127|0x00000000c6700000, 0x00000000c6700000, 0x00000000c6800000|  0%| F|  |TAMS 0x00000000c6700000| PB 0x00000000c6700000| Untracked 
|1128|0x00000000c6800000, 0x00000000c6800000, 0x00000000c6900000|  0%| F|  |TAMS 0x00000000c6800000| PB 0x00000000c6800000| Untracked 
|1129|0x00000000c6900000, 0x00000000c6900000, 0x00000000c6a00000|  0%| F|  |TAMS 0x00000000c6900000| PB 0x00000000c6900000| Untracked 
|1130|0x00000000c6a00000, 0x00000000c6a00000, 0x00000000c6b00000|  0%| F|  |TAMS 0x00000000c6a00000| PB 0x00000000c6a00000| Untracked 
|1131|0x00000000c6b00000, 0x00000000c6b00000, 0x00000000c6c00000|  0%| F|  |TAMS 0x00000000c6b00000| PB 0x00000000c6b00000| Untracked 
|1132|0x00000000c6c00000, 0x00000000c6c00000, 0x00000000c6d00000|  0%| F|  |TAMS 0x00000000c6c00000| PB 0x00000000c6c00000| Untracked 
|1133|0x00000000c6d00000, 0x00000000c6d00000, 0x00000000c6e00000|  0%| F|  |TAMS 0x00000000c6d00000| PB 0x00000000c6d00000| Untracked 
|1134|0x00000000c6e00000, 0x00000000c6e00000, 0x00000000c6f00000|  0%| F|  |TAMS 0x00000000c6e00000| PB 0x00000000c6e00000| Untracked 
|1135|0x00000000c6f00000, 0x00000000c6f00000, 0x00000000c7000000|  0%| F|  |TAMS 0x00000000c6f00000| PB 0x00000000c6f00000| Untracked 
|1136|0x00000000c7000000, 0x00000000c7000000, 0x00000000c7100000|  0%| F|  |TAMS 0x00000000c7000000| PB 0x00000000c7000000| Untracked 
|1137|0x00000000c7100000, 0x00000000c7100000, 0x00000000c7200000|  0%| F|  |TAMS 0x00000000c7100000| PB 0x00000000c7100000| Untracked 
|1138|0x00000000c7200000, 0x00000000c7200000, 0x00000000c7300000|  0%| F|  |TAMS 0x00000000c7200000| PB 0x00000000c7200000| Untracked 
|1139|0x00000000c7300000, 0x00000000c7300000, 0x00000000c7400000|  0%| F|  |TAMS 0x00000000c7300000| PB 0x00000000c7300000| Untracked 
|1140|0x00000000c7400000, 0x00000000c7400000, 0x00000000c7500000|  0%| F|  |TAMS 0x00000000c7400000| PB 0x00000000c7400000| Untracked 
|1141|0x00000000c7500000, 0x00000000c7500000, 0x00000000c7600000|  0%| F|  |TAMS 0x00000000c7500000| PB 0x00000000c7500000| Untracked 
|1142|0x00000000c7600000, 0x00000000c7600000, 0x00000000c7700000|  0%| F|  |TAMS 0x00000000c7600000| PB 0x00000000c7600000| Untracked 
|1143|0x00000000c7700000, 0x00000000c7700000, 0x00000000c7800000|  0%| F|  |TAMS 0x00000000c7700000| PB 0x00000000c7700000| Untracked 
|1144|0x00000000c7800000, 0x00000000c7800000, 0x00000000c7900000|  0%| F|  |TAMS 0x00000000c7800000| PB 0x00000000c7800000| Untracked 
|1145|0x00000000c7900000, 0x00000000c7900000, 0x00000000c7a00000|  0%| F|  |TAMS 0x00000000c7900000| PB 0x00000000c7900000| Untracked 
|1146|0x00000000c7a00000, 0x00000000c7a00000, 0x00000000c7b00000|  0%| F|  |TAMS 0x00000000c7a00000| PB 0x00000000c7a00000| Untracked 
|1147|0x00000000c7b00000, 0x00000000c7b00000, 0x00000000c7c00000|  0%| F|  |TAMS 0x00000000c7b00000| PB 0x00000000c7b00000| Untracked 
|1148|0x00000000c7c00000, 0x00000000c7c00000, 0x00000000c7d00000|  0%| F|  |TAMS 0x00000000c7c00000| PB 0x00000000c7c00000| Untracked 
|1149|0x00000000c7d00000, 0x00000000c7d00000, 0x00000000c7e00000|  0%| F|  |TAMS 0x00000000c7d00000| PB 0x00000000c7d00000| Untracked 
|1150|0x00000000c7e00000, 0x00000000c7e00000, 0x00000000c7f00000|  0%| F|  |TAMS 0x00000000c7e00000| PB 0x00000000c7e00000| Untracked 
|1151|0x00000000c7f00000, 0x00000000c7f00000, 0x00000000c8000000|  0%| F|  |TAMS 0x00000000c7f00000| PB 0x00000000c7f00000| Untracked 
|1152|0x00000000c8000000, 0x00000000c8000000, 0x00000000c8100000|  0%| F|  |TAMS 0x00000000c8000000| PB 0x00000000c8000000| Untracked 
|1153|0x00000000c8100000, 0x00000000c8100000, 0x00000000c8200000|  0%| F|  |TAMS 0x00000000c8100000| PB 0x00000000c8100000| Untracked 
|1154|0x00000000c8200000, 0x00000000c8200000, 0x00000000c8300000|  0%| F|  |TAMS 0x00000000c8200000| PB 0x00000000c8200000| Untracked 
|1155|0x00000000c8300000, 0x00000000c8300000, 0x00000000c8400000|  0%| F|  |TAMS 0x00000000c8300000| PB 0x00000000c8300000| Untracked 
|1156|0x00000000c8400000, 0x00000000c8400000, 0x00000000c8500000|  0%| F|  |TAMS 0x00000000c8400000| PB 0x00000000c8400000| Untracked 
|1157|0x00000000c8500000, 0x00000000c8500000, 0x00000000c8600000|  0%| F|  |TAMS 0x00000000c8500000| PB 0x00000000c8500000| Untracked 
|1158|0x00000000c8600000, 0x00000000c8600000, 0x00000000c8700000|  0%| F|  |TAMS 0x00000000c8600000| PB 0x00000000c8600000| Untracked 
|1159|0x00000000c8700000, 0x00000000c8700000, 0x00000000c8800000|  0%| F|  |TAMS 0x00000000c8700000| PB 0x00000000c8700000| Untracked 
|1160|0x00000000c8800000, 0x00000000c8800000, 0x00000000c8900000|  0%| F|  |TAMS 0x00000000c8800000| PB 0x00000000c8800000| Untracked 
|1161|0x00000000c8900000, 0x00000000c8900000, 0x00000000c8a00000|  0%| F|  |TAMS 0x00000000c8900000| PB 0x00000000c8900000| Untracked 
|1162|0x00000000c8a00000, 0x00000000c8a00000, 0x00000000c8b00000|  0%| F|  |TAMS 0x00000000c8a00000| PB 0x00000000c8a00000| Untracked 
|1163|0x00000000c8b00000, 0x00000000c8b00000, 0x00000000c8c00000|  0%| F|  |TAMS 0x00000000c8b00000| PB 0x00000000c8b00000| Untracked 
|1164|0x00000000c8c00000, 0x00000000c8c00000, 0x00000000c8d00000|  0%| F|  |TAMS 0x00000000c8c00000| PB 0x00000000c8c00000| Untracked 
|1165|0x00000000c8d00000, 0x00000000c8d00000, 0x00000000c8e00000|  0%| F|  |TAMS 0x00000000c8d00000| PB 0x00000000c8d00000| Untracked 
|1166|0x00000000c8e00000, 0x00000000c8e00000, 0x00000000c8f00000|  0%| F|  |TAMS 0x00000000c8e00000| PB 0x00000000c8e00000| Untracked 
|1167|0x00000000c8f00000, 0x00000000c8f00000, 0x00000000c9000000|  0%| F|  |TAMS 0x00000000c8f00000| PB 0x00000000c8f00000| Untracked 
|1168|0x00000000c9000000, 0x00000000c9000000, 0x00000000c9100000|  0%| F|  |TAMS 0x00000000c9000000| PB 0x00000000c9000000| Untracked 
|1169|0x00000000c9100000, 0x00000000c9100000, 0x00000000c9200000|  0%| F|  |TAMS 0x00000000c9100000| PB 0x00000000c9100000| Untracked 
|1170|0x00000000c9200000, 0x00000000c9200000, 0x00000000c9300000|  0%| F|  |TAMS 0x00000000c9200000| PB 0x00000000c9200000| Untracked 
|1171|0x00000000c9300000, 0x00000000c9300000, 0x00000000c9400000|  0%| F|  |TAMS 0x00000000c9300000| PB 0x00000000c9300000| Untracked 
|1172|0x00000000c9400000, 0x00000000c9400000, 0x00000000c9500000|  0%| F|  |TAMS 0x00000000c9400000| PB 0x00000000c9400000| Untracked 
|1173|0x00000000c9500000, 0x00000000c9500000, 0x00000000c9600000|  0%| F|  |TAMS 0x00000000c9500000| PB 0x00000000c9500000| Untracked 
|1174|0x00000000c9600000, 0x00000000c9600000, 0x00000000c9700000|  0%| F|  |TAMS 0x00000000c9600000| PB 0x00000000c9600000| Untracked 
|1175|0x00000000c9700000, 0x00000000c9700000, 0x00000000c9800000|  0%| F|  |TAMS 0x00000000c9700000| PB 0x00000000c9700000| Untracked 
|1176|0x00000000c9800000, 0x00000000c9800000, 0x00000000c9900000|  0%| F|  |TAMS 0x00000000c9800000| PB 0x00000000c9800000| Untracked 
|1177|0x00000000c9900000, 0x00000000c9900000, 0x00000000c9a00000|  0%| F|  |TAMS 0x00000000c9900000| PB 0x00000000c9900000| Untracked 
|1178|0x00000000c9a00000, 0x00000000c9a00000, 0x00000000c9b00000|  0%| F|  |TAMS 0x00000000c9a00000| PB 0x00000000c9a00000| Untracked 
|1179|0x00000000c9b00000, 0x00000000c9b00000, 0x00000000c9c00000|  0%| F|  |TAMS 0x00000000c9b00000| PB 0x00000000c9b00000| Untracked 
|1180|0x00000000c9c00000, 0x00000000c9c00000, 0x00000000c9d00000|  0%| F|  |TAMS 0x00000000c9c00000| PB 0x00000000c9c00000| Untracked 
|1181|0x00000000c9d00000, 0x00000000c9d00000, 0x00000000c9e00000|  0%| F|  |TAMS 0x00000000c9d00000| PB 0x00000000c9d00000| Untracked 
|1182|0x00000000c9e00000, 0x00000000c9e00000, 0x00000000c9f00000|  0%| F|  |TAMS 0x00000000c9e00000| PB 0x00000000c9e00000| Untracked 
|1183|0x00000000c9f00000, 0x00000000c9f00000, 0x00000000ca000000|  0%| F|  |TAMS 0x00000000c9f00000| PB 0x00000000c9f00000| Untracked 
|1184|0x00000000ca000000, 0x00000000ca000000, 0x00000000ca100000|  0%| F|  |TAMS 0x00000000ca000000| PB 0x00000000ca000000| Untracked 
|1185|0x00000000ca100000, 0x00000000ca100000, 0x00000000ca200000|  0%| F|  |TAMS 0x00000000ca100000| PB 0x00000000ca100000| Untracked 
|1186|0x00000000ca200000, 0x00000000ca200000, 0x00000000ca300000|  0%| F|  |TAMS 0x00000000ca200000| PB 0x00000000ca200000| Untracked 
|1187|0x00000000ca300000, 0x00000000ca300000, 0x00000000ca400000|  0%| F|  |TAMS 0x00000000ca300000| PB 0x00000000ca300000| Untracked 
|1188|0x00000000ca400000, 0x00000000ca400000, 0x00000000ca500000|  0%| F|  |TAMS 0x00000000ca400000| PB 0x00000000ca400000| Untracked 
|1189|0x00000000ca500000, 0x00000000ca500000, 0x00000000ca600000|  0%| F|  |TAMS 0x00000000ca500000| PB 0x00000000ca500000| Untracked 
|1190|0x00000000ca600000, 0x00000000ca600000, 0x00000000ca700000|  0%| F|  |TAMS 0x00000000ca600000| PB 0x00000000ca600000| Untracked 
|1191|0x00000000ca700000, 0x00000000ca700000, 0x00000000ca800000|  0%| F|  |TAMS 0x00000000ca700000| PB 0x00000000ca700000| Untracked 
|1192|0x00000000ca800000, 0x00000000ca800000, 0x00000000ca900000|  0%| F|  |TAMS 0x00000000ca800000| PB 0x00000000ca800000| Untracked 
|1193|0x00000000ca900000, 0x00000000ca900000, 0x00000000caa00000|  0%| F|  |TAMS 0x00000000ca900000| PB 0x00000000ca900000| Untracked 
|1194|0x00000000caa00000, 0x00000000caa00000, 0x00000000cab00000|  0%| F|  |TAMS 0x00000000caa00000| PB 0x00000000caa00000| Untracked 
|1195|0x00000000cab00000, 0x00000000cab00000, 0x00000000cac00000|  0%| F|  |TAMS 0x00000000cab00000| PB 0x00000000cab00000| Untracked 
|1196|0x00000000cac00000, 0x00000000cac00000, 0x00000000cad00000|  0%| F|  |TAMS 0x00000000cac00000| PB 0x00000000cac00000| Untracked 
|1197|0x00000000cad00000, 0x00000000cad00000, 0x00000000cae00000|  0%| F|  |TAMS 0x00000000cad00000| PB 0x00000000cad00000| Untracked 
|1198|0x00000000cae00000, 0x00000000cae00000, 0x00000000caf00000|  0%| F|  |TAMS 0x00000000cae00000| PB 0x00000000cae00000| Untracked 
|1199|0x00000000caf00000, 0x00000000caf00000, 0x00000000cb000000|  0%| F|  |TAMS 0x00000000caf00000| PB 0x00000000caf00000| Untracked 
|1200|0x00000000cb000000, 0x00000000cb000000, 0x00000000cb100000|  0%| F|  |TAMS 0x00000000cb000000| PB 0x00000000cb000000| Untracked 
|1201|0x00000000cb100000, 0x00000000cb100000, 0x00000000cb200000|  0%| F|  |TAMS 0x00000000cb100000| PB 0x00000000cb100000| Untracked 
|1202|0x00000000cb200000, 0x00000000cb200000, 0x00000000cb300000|  0%| F|  |TAMS 0x00000000cb200000| PB 0x00000000cb200000| Untracked 
|1203|0x00000000cb300000, 0x00000000cb300000, 0x00000000cb400000|  0%| F|  |TAMS 0x00000000cb300000| PB 0x00000000cb300000| Untracked 
|1204|0x00000000cb400000, 0x00000000cb400000, 0x00000000cb500000|  0%| F|  |TAMS 0x00000000cb400000| PB 0x00000000cb400000| Untracked 
|1205|0x00000000cb500000, 0x00000000cb500000, 0x00000000cb600000|  0%| F|  |TAMS 0x00000000cb500000| PB 0x00000000cb500000| Untracked 
|1206|0x00000000cb600000, 0x00000000cb600000, 0x00000000cb700000|  0%| F|  |TAMS 0x00000000cb600000| PB 0x00000000cb600000| Untracked 
|1207|0x00000000cb700000, 0x00000000cb700000, 0x00000000cb800000|  0%| F|  |TAMS 0x00000000cb700000| PB 0x00000000cb700000| Untracked 
|1208|0x00000000cb800000, 0x00000000cb800000, 0x00000000cb900000|  0%| F|  |TAMS 0x00000000cb800000| PB 0x00000000cb800000| Untracked 
|1209|0x00000000cb900000, 0x00000000cb900000, 0x00000000cba00000|  0%| F|  |TAMS 0x00000000cb900000| PB 0x00000000cb900000| Untracked 
|1210|0x00000000cba00000, 0x00000000cba00000, 0x00000000cbb00000|  0%| F|  |TAMS 0x00000000cba00000| PB 0x00000000cba00000| Untracked 
|1211|0x00000000cbb00000, 0x00000000cbb00000, 0x00000000cbc00000|  0%| F|  |TAMS 0x00000000cbb00000| PB 0x00000000cbb00000| Untracked 
|1212|0x00000000cbc00000, 0x00000000cbc00000, 0x00000000cbd00000|  0%| F|  |TAMS 0x00000000cbc00000| PB 0x00000000cbc00000| Untracked 
|1213|0x00000000cbd00000, 0x00000000cbd00000, 0x00000000cbe00000|  0%| F|  |TAMS 0x00000000cbd00000| PB 0x00000000cbd00000| Untracked 
|1214|0x00000000cbe00000, 0x00000000cbe00000, 0x00000000cbf00000|  0%| F|  |TAMS 0x00000000cbe00000| PB 0x00000000cbe00000| Untracked 
|1215|0x00000000cbf00000, 0x00000000cbf00000, 0x00000000cc000000|  0%| F|  |TAMS 0x00000000cbf00000| PB 0x00000000cbf00000| Untracked 
|1216|0x00000000cc000000, 0x00000000cc000000, 0x00000000cc100000|  0%| F|  |TAMS 0x00000000cc000000| PB 0x00000000cc000000| Untracked 
|1217|0x00000000cc100000, 0x00000000cc100000, 0x00000000cc200000|  0%| F|  |TAMS 0x00000000cc100000| PB 0x00000000cc100000| Untracked 
|1218|0x00000000cc200000, 0x00000000cc200000, 0x00000000cc300000|  0%| F|  |TAMS 0x00000000cc200000| PB 0x00000000cc200000| Untracked 
|1219|0x00000000cc300000, 0x00000000cc300000, 0x00000000cc400000|  0%| F|  |TAMS 0x00000000cc300000| PB 0x00000000cc300000| Untracked 
|1220|0x00000000cc400000, 0x00000000cc400000, 0x00000000cc500000|  0%| F|  |TAMS 0x00000000cc400000| PB 0x00000000cc400000| Untracked 
|1221|0x00000000cc500000, 0x00000000cc500000, 0x00000000cc600000|  0%| F|  |TAMS 0x00000000cc500000| PB 0x00000000cc500000| Untracked 
|1222|0x00000000cc600000, 0x00000000cc600000, 0x00000000cc700000|  0%| F|  |TAMS 0x00000000cc600000| PB 0x00000000cc600000| Untracked 
|1223|0x00000000cc700000, 0x00000000cc700000, 0x00000000cc800000|  0%| F|  |TAMS 0x00000000cc700000| PB 0x00000000cc700000| Untracked 
|1224|0x00000000cc800000, 0x00000000cc800000, 0x00000000cc900000|  0%| F|  |TAMS 0x00000000cc800000| PB 0x00000000cc800000| Untracked 
|1225|0x00000000cc900000, 0x00000000cc900000, 0x00000000cca00000|  0%| F|  |TAMS 0x00000000cc900000| PB 0x00000000cc900000| Untracked 
|1226|0x00000000cca00000, 0x00000000cca00000, 0x00000000ccb00000|  0%| F|  |TAMS 0x00000000cca00000| PB 0x00000000cca00000| Untracked 
|1227|0x00000000ccb00000, 0x00000000ccb00000, 0x00000000ccc00000|  0%| F|  |TAMS 0x00000000ccb00000| PB 0x00000000ccb00000| Untracked 
|1228|0x00000000ccc00000, 0x00000000ccc00000, 0x00000000ccd00000|  0%| F|  |TAMS 0x00000000ccc00000| PB 0x00000000ccc00000| Untracked 
|1229|0x00000000ccd00000, 0x00000000ccd00000, 0x00000000cce00000|  0%| F|  |TAMS 0x00000000ccd00000| PB 0x00000000ccd00000| Untracked 
|1230|0x00000000cce00000, 0x00000000cce00000, 0x00000000ccf00000|  0%| F|  |TAMS 0x00000000cce00000| PB 0x00000000cce00000| Untracked 
|1231|0x00000000ccf00000, 0x00000000ccf00000, 0x00000000cd000000|  0%| F|  |TAMS 0x00000000ccf00000| PB 0x00000000ccf00000| Untracked 
|1232|0x00000000cd000000, 0x00000000cd000000, 0x00000000cd100000|  0%| F|  |TAMS 0x00000000cd000000| PB 0x00000000cd000000| Untracked 
|1233|0x00000000cd100000, 0x00000000cd100000, 0x00000000cd200000|  0%| F|  |TAMS 0x00000000cd100000| PB 0x00000000cd100000| Untracked 
|1234|0x00000000cd200000, 0x00000000cd200000, 0x00000000cd300000|  0%| F|  |TAMS 0x00000000cd200000| PB 0x00000000cd200000| Untracked 
|1235|0x00000000cd300000, 0x00000000cd300000, 0x00000000cd400000|  0%| F|  |TAMS 0x00000000cd300000| PB 0x00000000cd300000| Untracked 
|1236|0x00000000cd400000, 0x00000000cd400000, 0x00000000cd500000|  0%| F|  |TAMS 0x00000000cd400000| PB 0x00000000cd400000| Untracked 
|1237|0x00000000cd500000, 0x00000000cd500000, 0x00000000cd600000|  0%| F|  |TAMS 0x00000000cd500000| PB 0x00000000cd500000| Untracked 
|1238|0x00000000cd600000, 0x00000000cd600000, 0x00000000cd700000|  0%| F|  |TAMS 0x00000000cd600000| PB 0x00000000cd600000| Untracked 
|1239|0x00000000cd700000, 0x00000000cd700000, 0x00000000cd800000|  0%| F|  |TAMS 0x00000000cd700000| PB 0x00000000cd700000| Untracked 
|1240|0x00000000cd800000, 0x00000000cd800000, 0x00000000cd900000|  0%| F|  |TAMS 0x00000000cd800000| PB 0x00000000cd800000| Untracked 
|1241|0x00000000cd900000, 0x00000000cd900000, 0x00000000cda00000|  0%| F|  |TAMS 0x00000000cd900000| PB 0x00000000cd900000| Untracked 
|1242|0x00000000cda00000, 0x00000000cda00000, 0x00000000cdb00000|  0%| F|  |TAMS 0x00000000cda00000| PB 0x00000000cda00000| Untracked 
|1243|0x00000000cdb00000, 0x00000000cdb00000, 0x00000000cdc00000|  0%| F|  |TAMS 0x00000000cdb00000| PB 0x00000000cdb00000| Untracked 
|1244|0x00000000cdc00000, 0x00000000cdc00000, 0x00000000cdd00000|  0%| F|  |TAMS 0x00000000cdc00000| PB 0x00000000cdc00000| Untracked 
|1245|0x00000000cdd00000, 0x00000000cdd00000, 0x00000000cde00000|  0%| F|  |TAMS 0x00000000cdd00000| PB 0x00000000cdd00000| Untracked 
|1246|0x00000000cde00000, 0x00000000cde00000, 0x00000000cdf00000|  0%| F|  |TAMS 0x00000000cde00000| PB 0x00000000cde00000| Untracked 
|1247|0x00000000cdf00000, 0x00000000cdf00000, 0x00000000ce000000|  0%| F|  |TAMS 0x00000000cdf00000| PB 0x00000000cdf00000| Untracked 
|1248|0x00000000ce000000, 0x00000000ce000000, 0x00000000ce100000|  0%| F|  |TAMS 0x00000000ce000000| PB 0x00000000ce000000| Untracked 
|1249|0x00000000ce100000, 0x00000000ce100000, 0x00000000ce200000|  0%| F|  |TAMS 0x00000000ce100000| PB 0x00000000ce100000| Untracked 
|1250|0x00000000ce200000, 0x00000000ce200000, 0x00000000ce300000|  0%| F|  |TAMS 0x00000000ce200000| PB 0x00000000ce200000| Untracked 
|1251|0x00000000ce300000, 0x00000000ce300000, 0x00000000ce400000|  0%| F|  |TAMS 0x00000000ce300000| PB 0x00000000ce300000| Untracked 
|1252|0x00000000ce400000, 0x00000000ce400000, 0x00000000ce500000|  0%| F|  |TAMS 0x00000000ce400000| PB 0x00000000ce400000| Untracked 
|1253|0x00000000ce500000, 0x00000000ce500000, 0x00000000ce600000|  0%| F|  |TAMS 0x00000000ce500000| PB 0x00000000ce500000| Untracked 
|1254|0x00000000ce600000, 0x00000000ce600000, 0x00000000ce700000|  0%| F|  |TAMS 0x00000000ce600000| PB 0x00000000ce600000| Untracked 
|1255|0x00000000ce700000, 0x00000000ce700000, 0x00000000ce800000|  0%| F|  |TAMS 0x00000000ce700000| PB 0x00000000ce700000| Untracked 
|1256|0x00000000ce800000, 0x00000000ce800000, 0x00000000ce900000|  0%| F|  |TAMS 0x00000000ce800000| PB 0x00000000ce800000| Untracked 
|1257|0x00000000ce900000, 0x00000000ce900000, 0x00000000cea00000|  0%| F|  |TAMS 0x00000000ce900000| PB 0x00000000ce900000| Untracked 
|1258|0x00000000cea00000, 0x00000000cea00000, 0x00000000ceb00000|  0%| F|  |TAMS 0x00000000cea00000| PB 0x00000000cea00000| Untracked 
|1259|0x00000000ceb00000, 0x00000000ceb00000, 0x00000000cec00000|  0%| F|  |TAMS 0x00000000ceb00000| PB 0x00000000ceb00000| Untracked 
|1260|0x00000000cec00000, 0x00000000cec00000, 0x00000000ced00000|  0%| F|  |TAMS 0x00000000cec00000| PB 0x00000000cec00000| Untracked 
|1261|0x00000000ced00000, 0x00000000ced00000, 0x00000000cee00000|  0%| F|  |TAMS 0x00000000ced00000| PB 0x00000000ced00000| Untracked 
|1262|0x00000000cee00000, 0x00000000cee00000, 0x00000000cef00000|  0%| F|  |TAMS 0x00000000cee00000| PB 0x00000000cee00000| Untracked 
|1263|0x00000000cef00000, 0x00000000cef00000, 0x00000000cf000000|  0%| F|  |TAMS 0x00000000cef00000| PB 0x00000000cef00000| Untracked 
|1264|0x00000000cf000000, 0x00000000cf000000, 0x00000000cf100000|  0%| F|  |TAMS 0x00000000cf000000| PB 0x00000000cf000000| Untracked 
|1265|0x00000000cf100000, 0x00000000cf100000, 0x00000000cf200000|  0%| F|  |TAMS 0x00000000cf100000| PB 0x00000000cf100000| Untracked 
|1266|0x00000000cf200000, 0x00000000cf200000, 0x00000000cf300000|  0%| F|  |TAMS 0x00000000cf200000| PB 0x00000000cf200000| Untracked 
|1267|0x00000000cf300000, 0x00000000cf300000, 0x00000000cf400000|  0%| F|  |TAMS 0x00000000cf300000| PB 0x00000000cf300000| Untracked 
|1268|0x00000000cf400000, 0x00000000cf400000, 0x00000000cf500000|  0%| F|  |TAMS 0x00000000cf400000| PB 0x00000000cf400000| Untracked 
|1269|0x00000000cf500000, 0x00000000cf500000, 0x00000000cf600000|  0%| F|  |TAMS 0x00000000cf500000| PB 0x00000000cf500000| Untracked 
|1270|0x00000000cf600000, 0x00000000cf600000, 0x00000000cf700000|  0%| F|  |TAMS 0x00000000cf600000| PB 0x00000000cf600000| Untracked 
|1271|0x00000000cf700000, 0x00000000cf700000, 0x00000000cf800000|  0%| F|  |TAMS 0x00000000cf700000| PB 0x00000000cf700000| Untracked 
|1272|0x00000000cf800000, 0x00000000cf800000, 0x00000000cf900000|  0%| F|  |TAMS 0x00000000cf800000| PB 0x00000000cf800000| Untracked 
|1273|0x00000000cf900000, 0x00000000cf900000, 0x00000000cfa00000|  0%| F|  |TAMS 0x00000000cf900000| PB 0x00000000cf900000| Untracked 
|1274|0x00000000cfa00000, 0x00000000cfa00000, 0x00000000cfb00000|  0%| F|  |TAMS 0x00000000cfa00000| PB 0x00000000cfa00000| Untracked 
|1275|0x00000000cfb00000, 0x00000000cfb00000, 0x00000000cfc00000|  0%| F|  |TAMS 0x00000000cfb00000| PB 0x00000000cfb00000| Untracked 
|1276|0x00000000cfc00000, 0x00000000cfc00000, 0x00000000cfd00000|  0%| F|  |TAMS 0x00000000cfc00000| PB 0x00000000cfc00000| Untracked 
|1277|0x00000000cfd00000, 0x00000000cfd00000, 0x00000000cfe00000|  0%| F|  |TAMS 0x00000000cfd00000| PB 0x00000000cfd00000| Untracked 
|1278|0x00000000cfe00000, 0x00000000cfe00000, 0x00000000cff00000|  0%| F|  |TAMS 0x00000000cfe00000| PB 0x00000000cfe00000| Untracked 
|1279|0x00000000cff00000, 0x00000000cff00000, 0x00000000d0000000|  0%| F|  |TAMS 0x00000000cff00000| PB 0x00000000cff00000| Untracked 
|1280|0x00000000d0000000, 0x00000000d0000000, 0x00000000d0100000|  0%| F|  |TAMS 0x00000000d0000000| PB 0x00000000d0000000| Untracked 
|1281|0x00000000d0100000, 0x00000000d0100000, 0x00000000d0200000|  0%| F|  |TAMS 0x00000000d0100000| PB 0x00000000d0100000| Untracked 
|1282|0x00000000d0200000, 0x00000000d0200000, 0x00000000d0300000|  0%| F|  |TAMS 0x00000000d0200000| PB 0x00000000d0200000| Untracked 
|1283|0x00000000d0300000, 0x00000000d0300000, 0x00000000d0400000|  0%| F|  |TAMS 0x00000000d0300000| PB 0x00000000d0300000| Untracked 
|1284|0x00000000d0400000, 0x00000000d0400000, 0x00000000d0500000|  0%| F|  |TAMS 0x00000000d0400000| PB 0x00000000d0400000| Untracked 
|1285|0x00000000d0500000, 0x00000000d0500000, 0x00000000d0600000|  0%| F|  |TAMS 0x00000000d0500000| PB 0x00000000d0500000| Untracked 
|1286|0x00000000d0600000, 0x00000000d0600000, 0x00000000d0700000|  0%| F|  |TAMS 0x00000000d0600000| PB 0x00000000d0600000| Untracked 
|1287|0x00000000d0700000, 0x00000000d0700000, 0x00000000d0800000|  0%| F|  |TAMS 0x00000000d0700000| PB 0x00000000d0700000| Untracked 
|1288|0x00000000d0800000, 0x00000000d0800000, 0x00000000d0900000|  0%| F|  |TAMS 0x00000000d0800000| PB 0x00000000d0800000| Untracked 
|1289|0x00000000d0900000, 0x00000000d0900000, 0x00000000d0a00000|  0%| F|  |TAMS 0x00000000d0900000| PB 0x00000000d0900000| Untracked 
|1290|0x00000000d0a00000, 0x00000000d0a00000, 0x00000000d0b00000|  0%| F|  |TAMS 0x00000000d0a00000| PB 0x00000000d0a00000| Untracked 
|1291|0x00000000d0b00000, 0x00000000d0b00000, 0x00000000d0c00000|  0%| F|  |TAMS 0x00000000d0b00000| PB 0x00000000d0b00000| Untracked 
|1292|0x00000000d0c00000, 0x00000000d0c00000, 0x00000000d0d00000|  0%| F|  |TAMS 0x00000000d0c00000| PB 0x00000000d0c00000| Untracked 
|1293|0x00000000d0d00000, 0x00000000d0d00000, 0x00000000d0e00000|  0%| F|  |TAMS 0x00000000d0d00000| PB 0x00000000d0d00000| Untracked 
|1294|0x00000000d0e00000, 0x00000000d0e00000, 0x00000000d0f00000|  0%| F|  |TAMS 0x00000000d0e00000| PB 0x00000000d0e00000| Untracked 
|1295|0x00000000d0f00000, 0x00000000d0f00000, 0x00000000d1000000|  0%| F|  |TAMS 0x00000000d0f00000| PB 0x00000000d0f00000| Untracked 
|1296|0x00000000d1000000, 0x00000000d1000000, 0x00000000d1100000|  0%| F|  |TAMS 0x00000000d1000000| PB 0x00000000d1000000| Untracked 
|1297|0x00000000d1100000, 0x00000000d1100000, 0x00000000d1200000|  0%| F|  |TAMS 0x00000000d1100000| PB 0x00000000d1100000| Untracked 
|1298|0x00000000d1200000, 0x00000000d1200000, 0x00000000d1300000|  0%| F|  |TAMS 0x00000000d1200000| PB 0x00000000d1200000| Untracked 
|1299|0x00000000d1300000, 0x00000000d1300000, 0x00000000d1400000|  0%| F|  |TAMS 0x00000000d1300000| PB 0x00000000d1300000| Untracked 
|1300|0x00000000d1400000, 0x00000000d1400000, 0x00000000d1500000|  0%| F|  |TAMS 0x00000000d1400000| PB 0x00000000d1400000| Untracked 
|1301|0x00000000d1500000, 0x00000000d1500000, 0x00000000d1600000|  0%| F|  |TAMS 0x00000000d1500000| PB 0x00000000d1500000| Untracked 
|1302|0x00000000d1600000, 0x00000000d1600000, 0x00000000d1700000|  0%| F|  |TAMS 0x00000000d1600000| PB 0x00000000d1600000| Untracked 
|1303|0x00000000d1700000, 0x00000000d1700000, 0x00000000d1800000|  0%| F|  |TAMS 0x00000000d1700000| PB 0x00000000d1700000| Untracked 
|1304|0x00000000d1800000, 0x00000000d1800000, 0x00000000d1900000|  0%| F|  |TAMS 0x00000000d1800000| PB 0x00000000d1800000| Untracked 
|1305|0x00000000d1900000, 0x00000000d1900000, 0x00000000d1a00000|  0%| F|  |TAMS 0x00000000d1900000| PB 0x00000000d1900000| Untracked 
|1306|0x00000000d1a00000, 0x00000000d1a00000, 0x00000000d1b00000|  0%| F|  |TAMS 0x00000000d1a00000| PB 0x00000000d1a00000| Untracked 
|1307|0x00000000d1b00000, 0x00000000d1b00000, 0x00000000d1c00000|  0%| F|  |TAMS 0x00000000d1b00000| PB 0x00000000d1b00000| Untracked 
|1308|0x00000000d1c00000, 0x00000000d1c00000, 0x00000000d1d00000|  0%| F|  |TAMS 0x00000000d1c00000| PB 0x00000000d1c00000| Untracked 
|1309|0x00000000d1d00000, 0x00000000d1d00000, 0x00000000d1e00000|  0%| F|  |TAMS 0x00000000d1d00000| PB 0x00000000d1d00000| Untracked 
|1310|0x00000000d1e00000, 0x00000000d1e00000, 0x00000000d1f00000|  0%| F|  |TAMS 0x00000000d1e00000| PB 0x00000000d1e00000| Untracked 
|1311|0x00000000d1f00000, 0x00000000d1f00000, 0x00000000d2000000|  0%| F|  |TAMS 0x00000000d1f00000| PB 0x00000000d1f00000| Untracked 
|1312|0x00000000d2000000, 0x00000000d2000000, 0x00000000d2100000|  0%| F|  |TAMS 0x00000000d2000000| PB 0x00000000d2000000| Untracked 
|1313|0x00000000d2100000, 0x00000000d2100000, 0x00000000d2200000|  0%| F|  |TAMS 0x00000000d2100000| PB 0x00000000d2100000| Untracked 
|1314|0x00000000d2200000, 0x00000000d2200000, 0x00000000d2300000|  0%| F|  |TAMS 0x00000000d2200000| PB 0x00000000d2200000| Untracked 
|1315|0x00000000d2300000, 0x00000000d2300000, 0x00000000d2400000|  0%| F|  |TAMS 0x00000000d2300000| PB 0x00000000d2300000| Untracked 
|1316|0x00000000d2400000, 0x00000000d2400000, 0x00000000d2500000|  0%| F|  |TAMS 0x00000000d2400000| PB 0x00000000d2400000| Untracked 
|1317|0x00000000d2500000, 0x00000000d2500000, 0x00000000d2600000|  0%| F|  |TAMS 0x00000000d2500000| PB 0x00000000d2500000| Untracked 
|1318|0x00000000d2600000, 0x00000000d2600000, 0x00000000d2700000|  0%| F|  |TAMS 0x00000000d2600000| PB 0x00000000d2600000| Untracked 
|1319|0x00000000d2700000, 0x00000000d2700000, 0x00000000d2800000|  0%| F|  |TAMS 0x00000000d2700000| PB 0x00000000d2700000| Untracked 
|1320|0x00000000d2800000, 0x00000000d2800000, 0x00000000d2900000|  0%| F|  |TAMS 0x00000000d2800000| PB 0x00000000d2800000| Untracked 
|1321|0x00000000d2900000, 0x00000000d2900000, 0x00000000d2a00000|  0%| F|  |TAMS 0x00000000d2900000| PB 0x00000000d2900000| Untracked 
|1322|0x00000000d2a00000, 0x00000000d2a00000, 0x00000000d2b00000|  0%| F|  |TAMS 0x00000000d2a00000| PB 0x00000000d2a00000| Untracked 
|1323|0x00000000d2b00000, 0x00000000d2b00000, 0x00000000d2c00000|  0%| F|  |TAMS 0x00000000d2b00000| PB 0x00000000d2b00000| Untracked 
|1324|0x00000000d2c00000, 0x00000000d2c00000, 0x00000000d2d00000|  0%| F|  |TAMS 0x00000000d2c00000| PB 0x00000000d2c00000| Untracked 
|1325|0x00000000d2d00000, 0x00000000d2d00000, 0x00000000d2e00000|  0%| F|  |TAMS 0x00000000d2d00000| PB 0x00000000d2d00000| Untracked 
|1326|0x00000000d2e00000, 0x00000000d2e00000, 0x00000000d2f00000|  0%| F|  |TAMS 0x00000000d2e00000| PB 0x00000000d2e00000| Untracked 
|1327|0x00000000d2f00000, 0x00000000d2f00000, 0x00000000d3000000|  0%| F|  |TAMS 0x00000000d2f00000| PB 0x00000000d2f00000| Untracked 
|1328|0x00000000d3000000, 0x00000000d3000000, 0x00000000d3100000|  0%| F|  |TAMS 0x00000000d3000000| PB 0x00000000d3000000| Untracked 
|1329|0x00000000d3100000, 0x00000000d3100000, 0x00000000d3200000|  0%| F|  |TAMS 0x00000000d3100000| PB 0x00000000d3100000| Untracked 
|1330|0x00000000d3200000, 0x00000000d3200000, 0x00000000d3300000|  0%| F|  |TAMS 0x00000000d3200000| PB 0x00000000d3200000| Untracked 
|1331|0x00000000d3300000, 0x00000000d3300000, 0x00000000d3400000|  0%| F|  |TAMS 0x00000000d3300000| PB 0x00000000d3300000| Untracked 
|1332|0x00000000d3400000, 0x00000000d3400000, 0x00000000d3500000|  0%| F|  |TAMS 0x00000000d3400000| PB 0x00000000d3400000| Untracked 
|1333|0x00000000d3500000, 0x00000000d3500000, 0x00000000d3600000|  0%| F|  |TAMS 0x00000000d3500000| PB 0x00000000d3500000| Untracked 
|1334|0x00000000d3600000, 0x00000000d3600000, 0x00000000d3700000|  0%| F|  |TAMS 0x00000000d3600000| PB 0x00000000d3600000| Untracked 
|1335|0x00000000d3700000, 0x00000000d3700000, 0x00000000d3800000|  0%| F|  |TAMS 0x00000000d3700000| PB 0x00000000d3700000| Untracked 
|1336|0x00000000d3800000, 0x00000000d3800000, 0x00000000d3900000|  0%| F|  |TAMS 0x00000000d3800000| PB 0x00000000d3800000| Untracked 
|1337|0x00000000d3900000, 0x00000000d3900000, 0x00000000d3a00000|  0%| F|  |TAMS 0x00000000d3900000| PB 0x00000000d3900000| Untracked 
|1338|0x00000000d3a00000, 0x00000000d3a00000, 0x00000000d3b00000|  0%| F|  |TAMS 0x00000000d3a00000| PB 0x00000000d3a00000| Untracked 
|1339|0x00000000d3b00000, 0x00000000d3b00000, 0x00000000d3c00000|  0%| F|  |TAMS 0x00000000d3b00000| PB 0x00000000d3b00000| Untracked 
|1340|0x00000000d3c00000, 0x00000000d3c00000, 0x00000000d3d00000|  0%| F|  |TAMS 0x00000000d3c00000| PB 0x00000000d3c00000| Untracked 
|1341|0x00000000d3d00000, 0x00000000d3d00000, 0x00000000d3e00000|  0%| F|  |TAMS 0x00000000d3d00000| PB 0x00000000d3d00000| Untracked 
|1342|0x00000000d3e00000, 0x00000000d3e00000, 0x00000000d3f00000|  0%| F|  |TAMS 0x00000000d3e00000| PB 0x00000000d3e00000| Untracked 
|1343|0x00000000d3f00000, 0x00000000d3f00000, 0x00000000d4000000|  0%| F|  |TAMS 0x00000000d3f00000| PB 0x00000000d3f00000| Untracked 
|1344|0x00000000d4000000, 0x00000000d4000000, 0x00000000d4100000|  0%| F|  |TAMS 0x00000000d4000000| PB 0x00000000d4000000| Untracked 
|1345|0x00000000d4100000, 0x00000000d4100000, 0x00000000d4200000|  0%| F|  |TAMS 0x00000000d4100000| PB 0x00000000d4100000| Untracked 
|1346|0x00000000d4200000, 0x00000000d4200000, 0x00000000d4300000|  0%| F|  |TAMS 0x00000000d4200000| PB 0x00000000d4200000| Untracked 
|1347|0x00000000d4300000, 0x00000000d4300000, 0x00000000d4400000|  0%| F|  |TAMS 0x00000000d4300000| PB 0x00000000d4300000| Untracked 
|1348|0x00000000d4400000, 0x00000000d4400000, 0x00000000d4500000|  0%| F|  |TAMS 0x00000000d4400000| PB 0x00000000d4400000| Untracked 
|1349|0x00000000d4500000, 0x00000000d4500000, 0x00000000d4600000|  0%| F|  |TAMS 0x00000000d4500000| PB 0x00000000d4500000| Untracked 
|1350|0x00000000d4600000, 0x00000000d4600000, 0x00000000d4700000|  0%| F|  |TAMS 0x00000000d4600000| PB 0x00000000d4600000| Untracked 
|1351|0x00000000d4700000, 0x00000000d4700000, 0x00000000d4800000|  0%| F|  |TAMS 0x00000000d4700000| PB 0x00000000d4700000| Untracked 
|1352|0x00000000d4800000, 0x00000000d4800000, 0x00000000d4900000|  0%| F|  |TAMS 0x00000000d4800000| PB 0x00000000d4800000| Untracked 
|1353|0x00000000d4900000, 0x00000000d4900000, 0x00000000d4a00000|  0%| F|  |TAMS 0x00000000d4900000| PB 0x00000000d4900000| Untracked 
|1354|0x00000000d4a00000, 0x00000000d4a00000, 0x00000000d4b00000|  0%| F|  |TAMS 0x00000000d4a00000| PB 0x00000000d4a00000| Untracked 
|1355|0x00000000d4b00000, 0x00000000d4b00000, 0x00000000d4c00000|  0%| F|  |TAMS 0x00000000d4b00000| PB 0x00000000d4b00000| Untracked 
|1356|0x00000000d4c00000, 0x00000000d4c00000, 0x00000000d4d00000|  0%| F|  |TAMS 0x00000000d4c00000| PB 0x00000000d4c00000| Untracked 
|1357|0x00000000d4d00000, 0x00000000d4d00000, 0x00000000d4e00000|  0%| F|  |TAMS 0x00000000d4d00000| PB 0x00000000d4d00000| Untracked 
|1358|0x00000000d4e00000, 0x00000000d4e00000, 0x00000000d4f00000|  0%| F|  |TAMS 0x00000000d4e00000| PB 0x00000000d4e00000| Untracked 
|1359|0x00000000d4f00000, 0x00000000d4f00000, 0x00000000d5000000|  0%| F|  |TAMS 0x00000000d4f00000| PB 0x00000000d4f00000| Untracked 
|1360|0x00000000d5000000, 0x00000000d5000000, 0x00000000d5100000|  0%| F|  |TAMS 0x00000000d5000000| PB 0x00000000d5000000| Untracked 
|1361|0x00000000d5100000, 0x00000000d5100000, 0x00000000d5200000|  0%| F|  |TAMS 0x00000000d5100000| PB 0x00000000d5100000| Untracked 
|1362|0x00000000d5200000, 0x00000000d5200000, 0x00000000d5300000|  0%| F|  |TAMS 0x00000000d5200000| PB 0x00000000d5200000| Untracked 
|1363|0x00000000d5300000, 0x00000000d5300000, 0x00000000d5400000|  0%| F|  |TAMS 0x00000000d5300000| PB 0x00000000d5300000| Untracked 
|1364|0x00000000d5400000, 0x00000000d5400000, 0x00000000d5500000|  0%| F|  |TAMS 0x00000000d5400000| PB 0x00000000d5400000| Untracked 
|1365|0x00000000d5500000, 0x00000000d5500000, 0x00000000d5600000|  0%| F|  |TAMS 0x00000000d5500000| PB 0x00000000d5500000| Untracked 
|1366|0x00000000d5600000, 0x00000000d5600000, 0x00000000d5700000|  0%| F|  |TAMS 0x00000000d5600000| PB 0x00000000d5600000| Untracked 
|1367|0x00000000d5700000, 0x00000000d5700000, 0x00000000d5800000|  0%| F|  |TAMS 0x00000000d5700000| PB 0x00000000d5700000| Untracked 
|1368|0x00000000d5800000, 0x00000000d5800000, 0x00000000d5900000|  0%| F|  |TAMS 0x00000000d5800000| PB 0x00000000d5800000| Untracked 
|1369|0x00000000d5900000, 0x00000000d5900000, 0x00000000d5a00000|  0%| F|  |TAMS 0x00000000d5900000| PB 0x00000000d5900000| Untracked 
|1370|0x00000000d5a00000, 0x00000000d5a00000, 0x00000000d5b00000|  0%| F|  |TAMS 0x00000000d5a00000| PB 0x00000000d5a00000| Untracked 
|1371|0x00000000d5b00000, 0x00000000d5b00000, 0x00000000d5c00000|  0%| F|  |TAMS 0x00000000d5b00000| PB 0x00000000d5b00000| Untracked 
|1372|0x00000000d5c00000, 0x00000000d5c00000, 0x00000000d5d00000|  0%| F|  |TAMS 0x00000000d5c00000| PB 0x00000000d5c00000| Untracked 
|1373|0x00000000d5d00000, 0x00000000d5d00000, 0x00000000d5e00000|  0%| F|  |TAMS 0x00000000d5d00000| PB 0x00000000d5d00000| Untracked 
|1374|0x00000000d5e00000, 0x00000000d5e00000, 0x00000000d5f00000|  0%| F|  |TAMS 0x00000000d5e00000| PB 0x00000000d5e00000| Untracked 
|1375|0x00000000d5f00000, 0x00000000d5f00000, 0x00000000d6000000|  0%| F|  |TAMS 0x00000000d5f00000| PB 0x00000000d5f00000| Untracked 
|1376|0x00000000d6000000, 0x00000000d6000000, 0x00000000d6100000|  0%| F|  |TAMS 0x00000000d6000000| PB 0x00000000d6000000| Untracked 
|1377|0x00000000d6100000, 0x00000000d6100000, 0x00000000d6200000|  0%| F|  |TAMS 0x00000000d6100000| PB 0x00000000d6100000| Untracked 
|1378|0x00000000d6200000, 0x00000000d6200000, 0x00000000d6300000|  0%| F|  |TAMS 0x00000000d6200000| PB 0x00000000d6200000| Untracked 
|1379|0x00000000d6300000, 0x00000000d6300000, 0x00000000d6400000|  0%| F|  |TAMS 0x00000000d6300000| PB 0x00000000d6300000| Untracked 
|1380|0x00000000d6400000, 0x00000000d6400000, 0x00000000d6500000|  0%| F|  |TAMS 0x00000000d6400000| PB 0x00000000d6400000| Untracked 
|1381|0x00000000d6500000, 0x00000000d6500000, 0x00000000d6600000|  0%| F|  |TAMS 0x00000000d6500000| PB 0x00000000d6500000| Untracked 
|1382|0x00000000d6600000, 0x00000000d6600000, 0x00000000d6700000|  0%| F|  |TAMS 0x00000000d6600000| PB 0x00000000d6600000| Untracked 
|1383|0x00000000d6700000, 0x00000000d6700000, 0x00000000d6800000|  0%| F|  |TAMS 0x00000000d6700000| PB 0x00000000d6700000| Untracked 
|1384|0x00000000d6800000, 0x00000000d6800000, 0x00000000d6900000|  0%| F|  |TAMS 0x00000000d6800000| PB 0x00000000d6800000| Untracked 
|1385|0x00000000d6900000, 0x00000000d6900000, 0x00000000d6a00000|  0%| F|  |TAMS 0x00000000d6900000| PB 0x00000000d6900000| Untracked 
|1386|0x00000000d6a00000, 0x00000000d6a00000, 0x00000000d6b00000|  0%| F|  |TAMS 0x00000000d6a00000| PB 0x00000000d6a00000| Untracked 
|1387|0x00000000d6b00000, 0x00000000d6b00000, 0x00000000d6c00000|  0%| F|  |TAMS 0x00000000d6b00000| PB 0x00000000d6b00000| Untracked 
|1388|0x00000000d6c00000, 0x00000000d6c00000, 0x00000000d6d00000|  0%| F|  |TAMS 0x00000000d6c00000| PB 0x00000000d6c00000| Untracked 
|1389|0x00000000d6d00000, 0x00000000d6d00000, 0x00000000d6e00000|  0%| F|  |TAMS 0x00000000d6d00000| PB 0x00000000d6d00000| Untracked 
|1390|0x00000000d6e00000, 0x00000000d6e00000, 0x00000000d6f00000|  0%| F|  |TAMS 0x00000000d6e00000| PB 0x00000000d6e00000| Untracked 
|1391|0x00000000d6f00000, 0x00000000d6f00000, 0x00000000d7000000|  0%| F|  |TAMS 0x00000000d6f00000| PB 0x00000000d6f00000| Untracked 
|1392|0x00000000d7000000, 0x00000000d7000000, 0x00000000d7100000|  0%| F|  |TAMS 0x00000000d7000000| PB 0x00000000d7000000| Untracked 
|1393|0x00000000d7100000, 0x00000000d7100000, 0x00000000d7200000|  0%| F|  |TAMS 0x00000000d7100000| PB 0x00000000d7100000| Untracked 
|1394|0x00000000d7200000, 0x00000000d7200000, 0x00000000d7300000|  0%| F|  |TAMS 0x00000000d7200000| PB 0x00000000d7200000| Untracked 
|1395|0x00000000d7300000, 0x00000000d7300000, 0x00000000d7400000|  0%| F|  |TAMS 0x00000000d7300000| PB 0x00000000d7300000| Untracked 
|1396|0x00000000d7400000, 0x00000000d7400000, 0x00000000d7500000|  0%| F|  |TAMS 0x00000000d7400000| PB 0x00000000d7400000| Untracked 
|1397|0x00000000d7500000, 0x00000000d7500000, 0x00000000d7600000|  0%| F|  |TAMS 0x00000000d7500000| PB 0x00000000d7500000| Untracked 
|1398|0x00000000d7600000, 0x00000000d7600000, 0x00000000d7700000|  0%| F|  |TAMS 0x00000000d7600000| PB 0x00000000d7600000| Untracked 
|1399|0x00000000d7700000, 0x00000000d7700000, 0x00000000d7800000|  0%| F|  |TAMS 0x00000000d7700000| PB 0x00000000d7700000| Untracked 
|1400|0x00000000d7800000, 0x00000000d7800000, 0x00000000d7900000|  0%| F|  |TAMS 0x00000000d7800000| PB 0x00000000d7800000| Untracked 
|1401|0x00000000d7900000, 0x00000000d7900000, 0x00000000d7a00000|  0%| F|  |TAMS 0x00000000d7900000| PB 0x00000000d7900000| Untracked 
|1402|0x00000000d7a00000, 0x00000000d7a00000, 0x00000000d7b00000|  0%| F|  |TAMS 0x00000000d7a00000| PB 0x00000000d7a00000| Untracked 
|1403|0x00000000d7b00000, 0x00000000d7b00000, 0x00000000d7c00000|  0%| F|  |TAMS 0x00000000d7b00000| PB 0x00000000d7b00000| Untracked 
|1404|0x00000000d7c00000, 0x00000000d7c00000, 0x00000000d7d00000|  0%| F|  |TAMS 0x00000000d7c00000| PB 0x00000000d7c00000| Untracked 
|1405|0x00000000d7d00000, 0x00000000d7d00000, 0x00000000d7e00000|  0%| F|  |TAMS 0x00000000d7d00000| PB 0x00000000d7d00000| Untracked 
|1406|0x00000000d7e00000, 0x00000000d7e00000, 0x00000000d7f00000|  0%| F|  |TAMS 0x00000000d7e00000| PB 0x00000000d7e00000| Untracked 
|1407|0x00000000d7f00000, 0x00000000d7f00000, 0x00000000d8000000|  0%| F|  |TAMS 0x00000000d7f00000| PB 0x00000000d7f00000| Untracked 
|1408|0x00000000d8000000, 0x00000000d8000000, 0x00000000d8100000|  0%| F|  |TAMS 0x00000000d8000000| PB 0x00000000d8000000| Untracked 
|1409|0x00000000d8100000, 0x00000000d8100000, 0x00000000d8200000|  0%| F|  |TAMS 0x00000000d8100000| PB 0x00000000d8100000| Untracked 
|1410|0x00000000d8200000, 0x00000000d8200000, 0x00000000d8300000|  0%| F|  |TAMS 0x00000000d8200000| PB 0x00000000d8200000| Untracked 
|1411|0x00000000d8300000, 0x00000000d8300000, 0x00000000d8400000|  0%| F|  |TAMS 0x00000000d8300000| PB 0x00000000d8300000| Untracked 
|1412|0x00000000d8400000, 0x00000000d8400000, 0x00000000d8500000|  0%| F|  |TAMS 0x00000000d8400000| PB 0x00000000d8400000| Untracked 
|1413|0x00000000d8500000, 0x00000000d8500000, 0x00000000d8600000|  0%| F|  |TAMS 0x00000000d8500000| PB 0x00000000d8500000| Untracked 
|1414|0x00000000d8600000, 0x00000000d8600000, 0x00000000d8700000|  0%| F|  |TAMS 0x00000000d8600000| PB 0x00000000d8600000| Untracked 
|1415|0x00000000d8700000, 0x00000000d8700000, 0x00000000d8800000|  0%| F|  |TAMS 0x00000000d8700000| PB 0x00000000d8700000| Untracked 
|1416|0x00000000d8800000, 0x00000000d8800000, 0x00000000d8900000|  0%| F|  |TAMS 0x00000000d8800000| PB 0x00000000d8800000| Untracked 
|1417|0x00000000d8900000, 0x00000000d8900000, 0x00000000d8a00000|  0%| F|  |TAMS 0x00000000d8900000| PB 0x00000000d8900000| Untracked 
|1418|0x00000000d8a00000, 0x00000000d8a00000, 0x00000000d8b00000|  0%| F|  |TAMS 0x00000000d8a00000| PB 0x00000000d8a00000| Untracked 
|1419|0x00000000d8b00000, 0x00000000d8b00000, 0x00000000d8c00000|  0%| F|  |TAMS 0x00000000d8b00000| PB 0x00000000d8b00000| Untracked 
|1420|0x00000000d8c00000, 0x00000000d8c00000, 0x00000000d8d00000|  0%| F|  |TAMS 0x00000000d8c00000| PB 0x00000000d8c00000| Untracked 
|1421|0x00000000d8d00000, 0x00000000d8d00000, 0x00000000d8e00000|  0%| F|  |TAMS 0x00000000d8d00000| PB 0x00000000d8d00000| Untracked 
|1422|0x00000000d8e00000, 0x00000000d8e00000, 0x00000000d8f00000|  0%| F|  |TAMS 0x00000000d8e00000| PB 0x00000000d8e00000| Untracked 
|1423|0x00000000d8f00000, 0x00000000d8f00000, 0x00000000d9000000|  0%| F|  |TAMS 0x00000000d8f00000| PB 0x00000000d8f00000| Untracked 
|1424|0x00000000d9000000, 0x00000000d9000000, 0x00000000d9100000|  0%| F|  |TAMS 0x00000000d9000000| PB 0x00000000d9000000| Untracked 
|1425|0x00000000d9100000, 0x00000000d9100000, 0x00000000d9200000|  0%| F|  |TAMS 0x00000000d9100000| PB 0x00000000d9100000| Untracked 
|1426|0x00000000d9200000, 0x00000000d9200000, 0x00000000d9300000|  0%| F|  |TAMS 0x00000000d9200000| PB 0x00000000d9200000| Untracked 
|1427|0x00000000d9300000, 0x00000000d9300000, 0x00000000d9400000|  0%| F|  |TAMS 0x00000000d9300000| PB 0x00000000d9300000| Untracked 
|1428|0x00000000d9400000, 0x00000000d9400000, 0x00000000d9500000|  0%| F|  |TAMS 0x00000000d9400000| PB 0x00000000d9400000| Untracked 
|1429|0x00000000d9500000, 0x00000000d9500000, 0x00000000d9600000|  0%| F|  |TAMS 0x00000000d9500000| PB 0x00000000d9500000| Untracked 
|1430|0x00000000d9600000, 0x00000000d9600000, 0x00000000d9700000|  0%| F|  |TAMS 0x00000000d9600000| PB 0x00000000d9600000| Untracked 
|1431|0x00000000d9700000, 0x00000000d9700000, 0x00000000d9800000|  0%| F|  |TAMS 0x00000000d9700000| PB 0x00000000d9700000| Untracked 
|1432|0x00000000d9800000, 0x00000000d9800000, 0x00000000d9900000|  0%| F|  |TAMS 0x00000000d9800000| PB 0x00000000d9800000| Untracked 
|1433|0x00000000d9900000, 0x00000000d9900000, 0x00000000d9a00000|  0%| F|  |TAMS 0x00000000d9900000| PB 0x00000000d9900000| Untracked 
|1434|0x00000000d9a00000, 0x00000000d9a00000, 0x00000000d9b00000|  0%| F|  |TAMS 0x00000000d9a00000| PB 0x00000000d9a00000| Untracked 
|1435|0x00000000d9b00000, 0x00000000d9b00000, 0x00000000d9c00000|  0%| F|  |TAMS 0x00000000d9b00000| PB 0x00000000d9b00000| Untracked 
|1436|0x00000000d9c00000, 0x00000000d9c00000, 0x00000000d9d00000|  0%| F|  |TAMS 0x00000000d9c00000| PB 0x00000000d9c00000| Untracked 
|1437|0x00000000d9d00000, 0x00000000d9d00000, 0x00000000d9e00000|  0%| F|  |TAMS 0x00000000d9d00000| PB 0x00000000d9d00000| Untracked 
|1438|0x00000000d9e00000, 0x00000000d9e00000, 0x00000000d9f00000|  0%| F|  |TAMS 0x00000000d9e00000| PB 0x00000000d9e00000| Untracked 
|1439|0x00000000d9f00000, 0x00000000d9f00000, 0x00000000da000000|  0%| F|  |TAMS 0x00000000d9f00000| PB 0x00000000d9f00000| Untracked 
|1440|0x00000000da000000, 0x00000000da000000, 0x00000000da100000|  0%| F|  |TAMS 0x00000000da000000| PB 0x00000000da000000| Untracked 
|1441|0x00000000da100000, 0x00000000da100000, 0x00000000da200000|  0%| F|  |TAMS 0x00000000da100000| PB 0x00000000da100000| Untracked 
|1442|0x00000000da200000, 0x00000000da200000, 0x00000000da300000|  0%| F|  |TAMS 0x00000000da200000| PB 0x00000000da200000| Untracked 
|1443|0x00000000da300000, 0x00000000da300000, 0x00000000da400000|  0%| F|  |TAMS 0x00000000da300000| PB 0x00000000da300000| Untracked 
|1444|0x00000000da400000, 0x00000000da400000, 0x00000000da500000|  0%| F|  |TAMS 0x00000000da400000| PB 0x00000000da400000| Untracked 
|1445|0x00000000da500000, 0x00000000da500000, 0x00000000da600000|  0%| F|  |TAMS 0x00000000da500000| PB 0x00000000da500000| Untracked 
|1446|0x00000000da600000, 0x00000000da600000, 0x00000000da700000|  0%| F|  |TAMS 0x00000000da600000| PB 0x00000000da600000| Untracked 
|1447|0x00000000da700000, 0x00000000da700000, 0x00000000da800000|  0%| F|  |TAMS 0x00000000da700000| PB 0x00000000da700000| Untracked 
|1448|0x00000000da800000, 0x00000000da800000, 0x00000000da900000|  0%| F|  |TAMS 0x00000000da800000| PB 0x00000000da800000| Untracked 
|1449|0x00000000da900000, 0x00000000da900000, 0x00000000daa00000|  0%| F|  |TAMS 0x00000000da900000| PB 0x00000000da900000| Untracked 
|1450|0x00000000daa00000, 0x00000000daa00000, 0x00000000dab00000|  0%| F|  |TAMS 0x00000000daa00000| PB 0x00000000daa00000| Untracked 
|1451|0x00000000dab00000, 0x00000000dab00000, 0x00000000dac00000|  0%| F|  |TAMS 0x00000000dab00000| PB 0x00000000dab00000| Untracked 
|1452|0x00000000dac00000, 0x00000000dac00000, 0x00000000dad00000|  0%| F|  |TAMS 0x00000000dac00000| PB 0x00000000dac00000| Untracked 
|1453|0x00000000dad00000, 0x00000000dad00000, 0x00000000dae00000|  0%| F|  |TAMS 0x00000000dad00000| PB 0x00000000dad00000| Untracked 
|1454|0x00000000dae00000, 0x00000000dae00000, 0x00000000daf00000|  0%| F|  |TAMS 0x00000000dae00000| PB 0x00000000dae00000| Untracked 
|1455|0x00000000daf00000, 0x00000000daf00000, 0x00000000db000000|  0%| F|  |TAMS 0x00000000daf00000| PB 0x00000000daf00000| Untracked 
|1456|0x00000000db000000, 0x00000000db000000, 0x00000000db100000|  0%| F|  |TAMS 0x00000000db000000| PB 0x00000000db000000| Untracked 
|1457|0x00000000db100000, 0x00000000db100000, 0x00000000db200000|  0%| F|  |TAMS 0x00000000db100000| PB 0x00000000db100000| Untracked 
|1458|0x00000000db200000, 0x00000000db200000, 0x00000000db300000|  0%| F|  |TAMS 0x00000000db200000| PB 0x00000000db200000| Untracked 
|1459|0x00000000db300000, 0x00000000db300000, 0x00000000db400000|  0%| F|  |TAMS 0x00000000db300000| PB 0x00000000db300000| Untracked 
|1460|0x00000000db400000, 0x00000000db400000, 0x00000000db500000|  0%| F|  |TAMS 0x00000000db400000| PB 0x00000000db400000| Untracked 
|1461|0x00000000db500000, 0x00000000db500000, 0x00000000db600000|  0%| F|  |TAMS 0x00000000db500000| PB 0x00000000db500000| Untracked 
|1462|0x00000000db600000, 0x00000000db600000, 0x00000000db700000|  0%| F|  |TAMS 0x00000000db600000| PB 0x00000000db600000| Untracked 
|1463|0x00000000db700000, 0x00000000db700000, 0x00000000db800000|  0%| F|  |TAMS 0x00000000db700000| PB 0x00000000db700000| Untracked 
|1464|0x00000000db800000, 0x00000000db800000, 0x00000000db900000|  0%| F|  |TAMS 0x00000000db800000| PB 0x00000000db800000| Untracked 
|1465|0x00000000db900000, 0x00000000db900000, 0x00000000dba00000|  0%| F|  |TAMS 0x00000000db900000| PB 0x00000000db900000| Untracked 
|1466|0x00000000dba00000, 0x00000000dba00000, 0x00000000dbb00000|  0%| F|  |TAMS 0x00000000dba00000| PB 0x00000000dba00000| Untracked 
|1467|0x00000000dbb00000, 0x00000000dbb00000, 0x00000000dbc00000|  0%| F|  |TAMS 0x00000000dbb00000| PB 0x00000000dbb00000| Untracked 
|1468|0x00000000dbc00000, 0x00000000dbc00000, 0x00000000dbd00000|  0%| F|  |TAMS 0x00000000dbc00000| PB 0x00000000dbc00000| Untracked 
|1469|0x00000000dbd00000, 0x00000000dbd00000, 0x00000000dbe00000|  0%| F|  |TAMS 0x00000000dbd00000| PB 0x00000000dbd00000| Untracked 
|1470|0x00000000dbe00000, 0x00000000dbe00000, 0x00000000dbf00000|  0%| F|  |TAMS 0x00000000dbe00000| PB 0x00000000dbe00000| Untracked 
|1471|0x00000000dbf00000, 0x00000000dbf00000, 0x00000000dc000000|  0%| F|  |TAMS 0x00000000dbf00000| PB 0x00000000dbf00000| Untracked 
|1472|0x00000000dc000000, 0x00000000dc000000, 0x00000000dc100000|  0%| F|  |TAMS 0x00000000dc000000| PB 0x00000000dc000000| Untracked 
|1473|0x00000000dc100000, 0x00000000dc100000, 0x00000000dc200000|  0%| F|  |TAMS 0x00000000dc100000| PB 0x00000000dc100000| Untracked 
|1474|0x00000000dc200000, 0x00000000dc200000, 0x00000000dc300000|  0%| F|  |TAMS 0x00000000dc200000| PB 0x00000000dc200000| Untracked 
|1475|0x00000000dc300000, 0x00000000dc300000, 0x00000000dc400000|  0%| F|  |TAMS 0x00000000dc300000| PB 0x00000000dc300000| Untracked 
|1476|0x00000000dc400000, 0x00000000dc400000, 0x00000000dc500000|  0%| F|  |TAMS 0x00000000dc400000| PB 0x00000000dc400000| Untracked 
|1477|0x00000000dc500000, 0x00000000dc500000, 0x00000000dc600000|  0%| F|  |TAMS 0x00000000dc500000| PB 0x00000000dc500000| Untracked 
|1478|0x00000000dc600000, 0x00000000dc600000, 0x00000000dc700000|  0%| F|  |TAMS 0x00000000dc600000| PB 0x00000000dc600000| Untracked 
|1479|0x00000000dc700000, 0x00000000dc700000, 0x00000000dc800000|  0%| F|  |TAMS 0x00000000dc700000| PB 0x00000000dc700000| Untracked 
|1480|0x00000000dc800000, 0x00000000dc800000, 0x00000000dc900000|  0%| F|  |TAMS 0x00000000dc800000| PB 0x00000000dc800000| Untracked 
|1481|0x00000000dc900000, 0x00000000dc900000, 0x00000000dca00000|  0%| F|  |TAMS 0x00000000dc900000| PB 0x00000000dc900000| Untracked 
|1482|0x00000000dca00000, 0x00000000dca00000, 0x00000000dcb00000|  0%| F|  |TAMS 0x00000000dca00000| PB 0x00000000dca00000| Untracked 
|1483|0x00000000dcb00000, 0x00000000dcb80000, 0x00000000dcc00000| 50%| S|CS|TAMS 0x00000000dcb00000| PB 0x00000000dcb00000| Complete 
|1484|0x00000000dcc00000, 0x00000000dcd00000, 0x00000000dcd00000|100%| S|CS|TAMS 0x00000000dcc00000| PB 0x00000000dcc00000| Complete 
|1485|0x00000000dcd00000, 0x00000000dce00000, 0x00000000dce00000|100%| S|CS|TAMS 0x00000000dcd00000| PB 0x00000000dcd00000| Complete 
|1486|0x00000000dce00000, 0x00000000dcf00000, 0x00000000dcf00000|100%| S|CS|TAMS 0x00000000dce00000| PB 0x00000000dce00000| Complete 
|1487|0x00000000dcf00000, 0x00000000dd000000, 0x00000000dd000000|100%| S|CS|TAMS 0x00000000dcf00000| PB 0x00000000dcf00000| Complete 
|1488|0x00000000dd000000, 0x00000000dd100000, 0x00000000dd100000|100%| S|CS|TAMS 0x00000000dd000000| PB 0x00000000dd000000| Complete 
|1489|0x00000000dd100000, 0x00000000dd200000, 0x00000000dd200000|100%| S|CS|TAMS 0x00000000dd100000| PB 0x00000000dd100000| Complete 
|1490|0x00000000dd200000, 0x00000000dd300000, 0x00000000dd300000|100%| S|CS|TAMS 0x00000000dd200000| PB 0x00000000dd200000| Complete 
|1491|0x00000000dd300000, 0x00000000dd400000, 0x00000000dd400000|100%| S|CS|TAMS 0x00000000dd300000| PB 0x00000000dd300000| Complete 
|1492|0x00000000dd400000, 0x00000000dd500000, 0x00000000dd500000|100%| S|CS|TAMS 0x00000000dd400000| PB 0x00000000dd400000| Complete 
|1493|0x00000000dd500000, 0x00000000dd500000, 0x00000000dd600000|  0%| F|  |TAMS 0x00000000dd500000| PB 0x00000000dd500000| Untracked 
|1494|0x00000000dd600000, 0x00000000dd600000, 0x00000000dd700000|  0%| F|  |TAMS 0x00000000dd600000| PB 0x00000000dd600000| Untracked 
|1495|0x00000000dd700000, 0x00000000dd700000, 0x00000000dd800000|  0%| F|  |TAMS 0x00000000dd700000| PB 0x00000000dd700000| Untracked 
|1496|0x00000000dd800000, 0x00000000dd800000, 0x00000000dd900000|  0%| F|  |TAMS 0x00000000dd800000| PB 0x00000000dd800000| Untracked 
|1497|0x00000000dd900000, 0x00000000dd900000, 0x00000000dda00000|  0%| F|  |TAMS 0x00000000dd900000| PB 0x00000000dd900000| Untracked 
|1498|0x00000000dda00000, 0x00000000dda00000, 0x00000000ddb00000|  0%| F|  |TAMS 0x00000000dda00000| PB 0x00000000dda00000| Untracked 
|1499|0x00000000ddb00000, 0x00000000ddb00000, 0x00000000ddc00000|  0%| F|  |TAMS 0x00000000ddb00000| PB 0x00000000ddb00000| Untracked 
|1500|0x00000000ddc00000, 0x00000000ddc00000, 0x00000000ddd00000|  0%| F|  |TAMS 0x00000000ddc00000| PB 0x00000000ddc00000| Untracked 
|1501|0x00000000ddd00000, 0x00000000ddd00000, 0x00000000dde00000|  0%| F|  |TAMS 0x00000000ddd00000| PB 0x00000000ddd00000| Untracked 
|1502|0x00000000dde00000, 0x00000000dde00000, 0x00000000ddf00000|  0%| F|  |TAMS 0x00000000dde00000| PB 0x00000000dde00000| Untracked 
|1503|0x00000000ddf00000, 0x00000000ddf00000, 0x00000000de000000|  0%| F|  |TAMS 0x00000000ddf00000| PB 0x00000000ddf00000| Untracked 
|1504|0x00000000de000000, 0x00000000de000000, 0x00000000de100000|  0%| F|  |TAMS 0x00000000de000000| PB 0x00000000de000000| Untracked 
|1505|0x00000000de100000, 0x00000000de100000, 0x00000000de200000|  0%| F|  |TAMS 0x00000000de100000| PB 0x00000000de100000| Untracked 
|1506|0x00000000de200000, 0x00000000de200000, 0x00000000de300000|  0%| F|  |TAMS 0x00000000de200000| PB 0x00000000de200000| Untracked 
|1507|0x00000000de300000, 0x00000000de300000, 0x00000000de400000|  0%| F|  |TAMS 0x00000000de300000| PB 0x00000000de300000| Untracked 
|1508|0x00000000de400000, 0x00000000de400000, 0x00000000de500000|  0%| F|  |TAMS 0x00000000de400000| PB 0x00000000de400000| Untracked 
|1509|0x00000000de500000, 0x00000000de500000, 0x00000000de600000|  0%| F|  |TAMS 0x00000000de500000| PB 0x00000000de500000| Untracked 
|1510|0x00000000de600000, 0x00000000de600000, 0x00000000de700000|  0%| F|  |TAMS 0x00000000de600000| PB 0x00000000de600000| Untracked 
|1511|0x00000000de700000, 0x00000000de700000, 0x00000000de800000|  0%| F|  |TAMS 0x00000000de700000| PB 0x00000000de700000| Untracked 
|1512|0x00000000de800000, 0x00000000de800000, 0x00000000de900000|  0%| F|  |TAMS 0x00000000de800000| PB 0x00000000de800000| Untracked 
|1513|0x00000000de900000, 0x00000000de900000, 0x00000000dea00000|  0%| F|  |TAMS 0x00000000de900000| PB 0x00000000de900000| Untracked 
|1514|0x00000000dea00000, 0x00000000dea00000, 0x00000000deb00000|  0%| F|  |TAMS 0x00000000dea00000| PB 0x00000000dea00000| Untracked 
|1515|0x00000000deb00000, 0x00000000deb00000, 0x00000000dec00000|  0%| F|  |TAMS 0x00000000deb00000| PB 0x00000000deb00000| Untracked 
|1516|0x00000000dec00000, 0x00000000dec00000, 0x00000000ded00000|  0%| F|  |TAMS 0x00000000dec00000| PB 0x00000000dec00000| Untracked 
|1517|0x00000000ded00000, 0x00000000ded00000, 0x00000000dee00000|  0%| F|  |TAMS 0x00000000ded00000| PB 0x00000000ded00000| Untracked 
|1518|0x00000000dee00000, 0x00000000dee00000, 0x00000000def00000|  0%| F|  |TAMS 0x00000000dee00000| PB 0x00000000dee00000| Untracked 
|1519|0x00000000def00000, 0x00000000def00000, 0x00000000df000000|  0%| F|  |TAMS 0x00000000def00000| PB 0x00000000def00000| Untracked 
|1520|0x00000000df000000, 0x00000000df000000, 0x00000000df100000|  0%| F|  |TAMS 0x00000000df000000| PB 0x00000000df000000| Untracked 
|1521|0x00000000df100000, 0x00000000df100000, 0x00000000df200000|  0%| F|  |TAMS 0x00000000df100000| PB 0x00000000df100000| Untracked 
|1522|0x00000000df200000, 0x00000000df200000, 0x00000000df300000|  0%| F|  |TAMS 0x00000000df200000| PB 0x00000000df200000| Untracked 
|1523|0x00000000df300000, 0x00000000df300000, 0x00000000df400000|  0%| F|  |TAMS 0x00000000df300000| PB 0x00000000df300000| Untracked 
|1524|0x00000000df400000, 0x00000000df400000, 0x00000000df500000|  0%| F|  |TAMS 0x00000000df400000| PB 0x00000000df400000| Untracked 
|1525|0x00000000df500000, 0x00000000df500000, 0x00000000df600000|  0%| F|  |TAMS 0x00000000df500000| PB 0x00000000df500000| Untracked 
|1526|0x00000000df600000, 0x00000000df600000, 0x00000000df700000|  0%| F|  |TAMS 0x00000000df600000| PB 0x00000000df600000| Untracked 
|1527|0x00000000df700000, 0x00000000df700000, 0x00000000df800000|  0%| F|  |TAMS 0x00000000df700000| PB 0x00000000df700000| Untracked 
|1528|0x00000000df800000, 0x00000000df800000, 0x00000000df900000|  0%| F|  |TAMS 0x00000000df800000| PB 0x00000000df800000| Untracked 
|1529|0x00000000df900000, 0x00000000df900000, 0x00000000dfa00000|  0%| F|  |TAMS 0x00000000df900000| PB 0x00000000df900000| Untracked 
|1904|0x00000000f7000000, 0x00000000f7100000, 0x00000000f7100000|100%| O|  |TAMS 0x00000000f7100000| PB 0x00000000f7000000| Untracked 
|1905|0x00000000f7100000, 0x00000000f7100000, 0x00000000f7200000|  0%| F|  |TAMS 0x00000000f7100000| PB 0x00000000f7100000| Untracked 
|1906|0x00000000f7200000, 0x00000000f7200000, 0x00000000f7300000|  0%| F|  |TAMS 0x00000000f7200000| PB 0x00000000f7200000| Untracked 
|1907|0x00000000f7300000, 0x00000000f7300000, 0x00000000f7400000|  0%| F|  |TAMS 0x00000000f7300000| PB 0x00000000f7300000| Untracked 
|1908|0x00000000f7400000, 0x00000000f7400000, 0x00000000f7500000|  0%| F|  |TAMS 0x00000000f7400000| PB 0x00000000f7400000| Untracked 
|1909|0x00000000f7500000, 0x00000000f7500000, 0x00000000f7600000|  0%| F|  |TAMS 0x00000000f7500000| PB 0x00000000f7500000| Untracked 
|1910|0x00000000f7600000, 0x00000000f7600000, 0x00000000f7700000|  0%| F|  |TAMS 0x00000000f7600000| PB 0x00000000f7600000| Untracked 
|1911|0x00000000f7700000, 0x00000000f7700000, 0x00000000f7800000|  0%| F|  |TAMS 0x00000000f7700000| PB 0x00000000f7700000| Untracked 
|1912|0x00000000f7800000, 0x00000000f7800000, 0x00000000f7900000|  0%| F|  |TAMS 0x00000000f7800000| PB 0x00000000f7800000| Untracked 
|1913|0x00000000f7900000, 0x00000000f7900000, 0x00000000f7a00000|  0%| F|  |TAMS 0x00000000f7900000| PB 0x00000000f7900000| Untracked 
|1914|0x00000000f7a00000, 0x00000000f7b00000, 0x00000000f7b00000|100%| O|  |TAMS 0x00000000f7b00000| PB 0x00000000f7a00000| Untracked 
|1915|0x00000000f7b00000, 0x00000000f7c00000, 0x00000000f7c00000|100%| O|  |TAMS 0x00000000f7c00000| PB 0x00000000f7b00000| Untracked 
|1916|0x00000000f7c00000, 0x00000000f7c00000, 0x00000000f7d00000|  0%| F|  |TAMS 0x00000000f7c00000| PB 0x00000000f7c00000| Untracked 
|1917|0x00000000f7d00000, 0x00000000f7d00000, 0x00000000f7e00000|  0%| F|  |TAMS 0x00000000f7d00000| PB 0x00000000f7d00000| Untracked 
|1918|0x00000000f7e00000, 0x00000000f7e00000, 0x00000000f7f00000|  0%| F|  |TAMS 0x00000000f7e00000| PB 0x00000000f7e00000| Untracked 
|1919|0x00000000f7f00000, 0x00000000f7f00000, 0x00000000f8000000|  0%| F|  |TAMS 0x00000000f7f00000| PB 0x00000000f7f00000| Untracked 
|1920|0x00000000f8000000, 0x00000000f8000000, 0x00000000f8100000|  0%| F|  |TAMS 0x00000000f8000000| PB 0x00000000f8000000| Untracked 
|1921|0x00000000f8100000, 0x00000000f8100000, 0x00000000f8200000|  0%| F|  |TAMS 0x00000000f8100000| PB 0x00000000f8100000| Untracked 
|1922|0x00000000f8200000, 0x00000000f8200000, 0x00000000f8300000|  0%| F|  |TAMS 0x00000000f8200000| PB 0x00000000f8200000| Untracked 
|1923|0x00000000f8300000, 0x00000000f8300000, 0x00000000f8400000|  0%| F|  |TAMS 0x00000000f8300000| PB 0x00000000f8300000| Untracked 
|1924|0x00000000f8400000, 0x00000000f8400000, 0x00000000f8500000|  0%| F|  |TAMS 0x00000000f8400000| PB 0x00000000f8400000| Untracked 
|1925|0x00000000f8500000, 0x00000000f8500000, 0x00000000f8600000|  0%| F|  |TAMS 0x00000000f8500000| PB 0x00000000f8500000| Untracked 
|1926|0x00000000f8600000, 0x00000000f8600000, 0x00000000f8700000|  0%| F|  |TAMS 0x00000000f8600000| PB 0x00000000f8600000| Untracked 
|1927|0x00000000f8700000, 0x00000000f8700000, 0x00000000f8800000|  0%| F|  |TAMS 0x00000000f8700000| PB 0x00000000f8700000| Untracked 
|1928|0x00000000f8800000, 0x00000000f8800000, 0x00000000f8900000|  0%| F|  |TAMS 0x00000000f8800000| PB 0x00000000f8800000| Untracked 
|1929|0x00000000f8900000, 0x00000000f8900000, 0x00000000f8a00000|  0%| F|  |TAMS 0x00000000f8900000| PB 0x00000000f8900000| Untracked 
|1930|0x00000000f8a00000, 0x00000000f8a00000, 0x00000000f8b00000|  0%| F|  |TAMS 0x00000000f8a00000| PB 0x00000000f8a00000| Untracked 
|1931|0x00000000f8b00000, 0x00000000f8b00000, 0x00000000f8c00000|  0%| F|  |TAMS 0x00000000f8b00000| PB 0x00000000f8b00000| Untracked 
|1932|0x00000000f8c00000, 0x00000000f8c00000, 0x00000000f8d00000|  0%| F|  |TAMS 0x00000000f8c00000| PB 0x00000000f8c00000| Untracked 
|1933|0x00000000f8d00000, 0x00000000f8d00000, 0x00000000f8e00000|  0%| F|  |TAMS 0x00000000f8d00000| PB 0x00000000f8d00000| Untracked 
|1934|0x00000000f8e00000, 0x00000000f8e00000, 0x00000000f8f00000|  0%| F|  |TAMS 0x00000000f8e00000| PB 0x00000000f8e00000| Untracked 
|1935|0x00000000f8f00000, 0x00000000f8f00000, 0x00000000f9000000|  0%| F|  |TAMS 0x00000000f8f00000| PB 0x00000000f8f00000| Untracked 
|1936|0x00000000f9000000, 0x00000000f9000000, 0x00000000f9100000|  0%| F|  |TAMS 0x00000000f9000000| PB 0x00000000f9000000| Untracked 
|1937|0x00000000f9100000, 0x00000000f9100000, 0x00000000f9200000|  0%| F|  |TAMS 0x00000000f9100000| PB 0x00000000f9100000| Untracked 
|1938|0x00000000f9200000, 0x00000000f9200000, 0x00000000f9300000|  0%| F|  |TAMS 0x00000000f9200000| PB 0x00000000f9200000| Untracked 
|1939|0x00000000f9300000, 0x00000000f9300000, 0x00000000f9400000|  0%| F|  |TAMS 0x00000000f9300000| PB 0x00000000f9300000| Untracked 
|1940|0x00000000f9400000, 0x00000000f9400000, 0x00000000f9500000|  0%| F|  |TAMS 0x00000000f9400000| PB 0x00000000f9400000| Untracked 
|1941|0x00000000f9500000, 0x00000000f9500000, 0x00000000f9600000|  0%| F|  |TAMS 0x00000000f9500000| PB 0x00000000f9500000| Untracked 
|1942|0x00000000f9600000, 0x00000000f9600000, 0x00000000f9700000|  0%| F|  |TAMS 0x00000000f9600000| PB 0x00000000f9600000| Untracked 
|1943|0x00000000f9700000, 0x00000000f9700000, 0x00000000f9800000|  0%| F|  |TAMS 0x00000000f9700000| PB 0x00000000f9700000| Untracked 
|1944|0x00000000f9800000, 0x00000000f9800000, 0x00000000f9900000|  0%| F|  |TAMS 0x00000000f9800000| PB 0x00000000f9800000| Untracked 
|1945|0x00000000f9900000, 0x00000000f9900000, 0x00000000f9a00000|  0%| F|  |TAMS 0x00000000f9900000| PB 0x00000000f9900000| Untracked 
|1946|0x00000000f9a00000, 0x00000000f9a00000, 0x00000000f9b00000|  0%| F|  |TAMS 0x00000000f9a00000| PB 0x00000000f9a00000| Untracked 
|1947|0x00000000f9b00000, 0x00000000f9b00000, 0x00000000f9c00000|  0%| F|  |TAMS 0x00000000f9b00000| PB 0x00000000f9b00000| Untracked 
|1948|0x00000000f9c00000, 0x00000000f9c00000, 0x00000000f9d00000|  0%| F|  |TAMS 0x00000000f9c00000| PB 0x00000000f9c00000| Untracked 
|1949|0x00000000f9d00000, 0x00000000f9d00000, 0x00000000f9e00000|  0%| F|  |TAMS 0x00000000f9d00000| PB 0x00000000f9d00000| Untracked 
|1950|0x00000000f9e00000, 0x00000000f9e00000, 0x00000000f9f00000|  0%| F|  |TAMS 0x00000000f9e00000| PB 0x00000000f9e00000| Untracked 
|1951|0x00000000f9f00000, 0x00000000f9f00000, 0x00000000fa000000|  0%| F|  |TAMS 0x00000000f9f00000| PB 0x00000000f9f00000| Untracked 
|1952|0x00000000fa000000, 0x00000000fa000000, 0x00000000fa100000|  0%| F|  |TAMS 0x00000000fa000000| PB 0x00000000fa000000| Untracked 
|1953|0x00000000fa100000, 0x00000000fa100000, 0x00000000fa200000|  0%| F|  |TAMS 0x00000000fa100000| PB 0x00000000fa100000| Untracked 
|1954|0x00000000fa200000, 0x00000000fa200000, 0x00000000fa300000|  0%| F|  |TAMS 0x00000000fa200000| PB 0x00000000fa200000| Untracked 
|1955|0x00000000fa300000, 0x00000000fa300000, 0x00000000fa400000|  0%| F|  |TAMS 0x00000000fa300000| PB 0x00000000fa300000| Untracked 
|1956|0x00000000fa400000, 0x00000000fa400000, 0x00000000fa500000|  0%| F|  |TAMS 0x00000000fa400000| PB 0x00000000fa400000| Untracked 
|1957|0x00000000fa500000, 0x00000000fa500000, 0x00000000fa600000|  0%| F|  |TAMS 0x00000000fa500000| PB 0x00000000fa500000| Untracked 
|1958|0x00000000fa600000, 0x00000000fa600000, 0x00000000fa700000|  0%| F|  |TAMS 0x00000000fa600000| PB 0x00000000fa600000| Untracked 
|1959|0x00000000fa700000, 0x00000000fa700000, 0x00000000fa800000|  0%| F|  |TAMS 0x00000000fa700000| PB 0x00000000fa700000| Untracked 
|1960|0x00000000fa800000, 0x00000000fa800000, 0x00000000fa900000|  0%| F|  |TAMS 0x00000000fa800000| PB 0x00000000fa800000| Untracked 
|1961|0x00000000fa900000, 0x00000000fa9b1370, 0x00000000faa00000| 69%| E|  |TAMS 0x00000000fa900000| PB 0x00000000fa900000| Complete 
|1962|0x00000000faa00000, 0x00000000fab00000, 0x00000000fab00000|100%| E|CS|TAMS 0x00000000faa00000| PB 0x00000000faa00000| Complete 
|1963|0x00000000fab00000, 0x00000000fac00000, 0x00000000fac00000|100%| E|CS|TAMS 0x00000000fab00000| PB 0x00000000fab00000| Complete 
|1964|0x00000000fac00000, 0x00000000fad00000, 0x00000000fad00000|100%| E|CS|TAMS 0x00000000fac00000| PB 0x00000000fac00000| Complete 
|1965|0x00000000fad00000, 0x00000000fae00000, 0x00000000fae00000|100%| E|CS|TAMS 0x00000000fad00000| PB 0x00000000fad00000| Complete 
|1966|0x00000000fae00000, 0x00000000faf00000, 0x00000000faf00000|100%| E|CS|TAMS 0x00000000fae00000| PB 0x00000000fae00000| Complete 
|1967|0x00000000faf00000, 0x00000000fb000000, 0x00000000fb000000|100%| E|CS|TAMS 0x00000000faf00000| PB 0x00000000faf00000| Complete 
|1968|0x00000000fb000000, 0x00000000fb100000, 0x00000000fb100000|100%| E|CS|TAMS 0x00000000fb000000| PB 0x00000000fb000000| Complete 
|1969|0x00000000fb100000, 0x00000000fb200000, 0x00000000fb200000|100%| O|  |TAMS 0x00000000fb200000| PB 0x00000000fb100000| Untracked 
|1970|0x00000000fb200000, 0x00000000fb300000, 0x00000000fb300000|100%| O|  |TAMS 0x00000000fb300000| PB 0x00000000fb200000| Untracked 
|1971|0x00000000fb300000, 0x00000000fb400000, 0x00000000fb400000|100%| O|  |TAMS 0x00000000fb400000| PB 0x00000000fb300000| Untracked 
|1972|0x00000000fb400000, 0x00000000fb500000, 0x00000000fb500000|100%| O|  |TAMS 0x00000000fb500000| PB 0x00000000fb400000| Untracked 
|1973|0x00000000fb500000, 0x00000000fb600000, 0x00000000fb600000|100%| O|  |TAMS 0x00000000fb600000| PB 0x00000000fb500000| Untracked 
|1974|0x00000000fb600000, 0x00000000fb700000, 0x00000000fb700000|100%| O|  |TAMS 0x00000000fb700000| PB 0x00000000fb600000| Untracked 
|1975|0x00000000fb700000, 0x00000000fb800000, 0x00000000fb800000|100%| O|  |TAMS 0x00000000fb800000| PB 0x00000000fb700000| Untracked 
|1976|0x00000000fb800000, 0x00000000fb900000, 0x00000000fb900000|100%| O|  |TAMS 0x00000000fb900000| PB 0x00000000fb800000| Untracked 
|1977|0x00000000fb900000, 0x00000000fba00000, 0x00000000fba00000|100%| O|  |TAMS 0x00000000fba00000| PB 0x00000000fb900000| Untracked 
|1978|0x00000000fba00000, 0x00000000fbb00000, 0x00000000fbb00000|100%| O|  |TAMS 0x00000000fbb00000| PB 0x00000000fba00000| Untracked 
|1979|0x00000000fbb00000, 0x00000000fbc00000, 0x00000000fbc00000|100%| O|  |TAMS 0x00000000fbc00000| PB 0x00000000fbb00000| Untracked 
|1980|0x00000000fbc00000, 0x00000000fbd00000, 0x00000000fbd00000|100%| O|  |TAMS 0x00000000fbd00000| PB 0x00000000fbc00000| Untracked 
|1981|0x00000000fbd00000, 0x00000000fbe00000, 0x00000000fbe00000|100%| O|  |TAMS 0x00000000fbe00000| PB 0x00000000fbd00000| Untracked 
|1982|0x00000000fbe00000, 0x00000000fbf00000, 0x00000000fbf00000|100%| O|  |TAMS 0x00000000fbf00000| PB 0x00000000fbe00000| Untracked 
|1983|0x00000000fbf00000, 0x00000000fc000000, 0x00000000fc000000|100%| O|  |TAMS 0x00000000fc000000| PB 0x00000000fbf00000| Untracked 
|1984|0x00000000fc000000, 0x00000000fc100000, 0x00000000fc100000|100%| O|  |TAMS 0x00000000fc100000| PB 0x00000000fc000000| Untracked 
|1985|0x00000000fc100000, 0x00000000fc200000, 0x00000000fc200000|100%| O|  |TAMS 0x00000000fc200000| PB 0x00000000fc100000| Untracked 
|1986|0x00000000fc200000, 0x00000000fc300000, 0x00000000fc300000|100%| O|  |TAMS 0x00000000fc300000| PB 0x00000000fc200000| Untracked 
|1987|0x00000000fc300000, 0x00000000fc400000, 0x00000000fc400000|100%| O|  |TAMS 0x00000000fc400000| PB 0x00000000fc300000| Untracked 
|1988|0x00000000fc400000, 0x00000000fc500000, 0x00000000fc500000|100%| O|  |TAMS 0x00000000fc500000| PB 0x00000000fc400000| Untracked 
|1989|0x00000000fc500000, 0x00000000fc600000, 0x00000000fc600000|100%| O|  |TAMS 0x00000000fc600000| PB 0x00000000fc500000| Untracked 
|1990|0x00000000fc600000, 0x00000000fc700000, 0x00000000fc700000|100%| O|  |TAMS 0x00000000fc700000| PB 0x00000000fc600000| Untracked 
|1991|0x00000000fc700000, 0x00000000fc800000, 0x00000000fc800000|100%| O|  |TAMS 0x00000000fc800000| PB 0x00000000fc700000| Untracked 
|1992|0x00000000fc800000, 0x00000000fc900000, 0x00000000fc900000|100%| O|  |TAMS 0x00000000fc900000| PB 0x00000000fc800000| Untracked 
|1993|0x00000000fc900000, 0x00000000fca00000, 0x00000000fca00000|100%| O|  |TAMS 0x00000000fca00000| PB 0x00000000fc900000| Untracked 
|1994|0x00000000fca00000, 0x00000000fcb00000, 0x00000000fcb00000|100%| O|  |TAMS 0x00000000fcb00000| PB 0x00000000fca00000| Untracked 
|1995|0x00000000fcb00000, 0x00000000fcc00000, 0x00000000fcc00000|100%| O|  |TAMS 0x00000000fcc00000| PB 0x00000000fcb00000| Untracked 
|1996|0x00000000fcc00000, 0x00000000fcd00000, 0x00000000fcd00000|100%| O|  |TAMS 0x00000000fcd00000| PB 0x00000000fcc00000| Untracked 
|1997|0x00000000fcd00000, 0x00000000fce00000, 0x00000000fce00000|100%| O|  |TAMS 0x00000000fce00000| PB 0x00000000fcd00000| Untracked 
|1998|0x00000000fce00000, 0x00000000fcf00000, 0x00000000fcf00000|100%| O|  |TAMS 0x00000000fcf00000| PB 0x00000000fce00000| Untracked 
|1999|0x00000000fcf00000, 0x00000000fd000000, 0x00000000fd000000|100%| O|  |TAMS 0x00000000fd000000| PB 0x00000000fcf00000| Untracked 
|2000|0x00000000fd000000, 0x00000000fd100000, 0x00000000fd100000|100%| O|  |TAMS 0x00000000fd100000| PB 0x00000000fd000000| Untracked 
|2001|0x00000000fd100000, 0x00000000fd200000, 0x00000000fd200000|100%| O|  |TAMS 0x00000000fd200000| PB 0x00000000fd100000| Untracked 
|2002|0x00000000fd200000, 0x00000000fd300000, 0x00000000fd300000|100%| O|  |TAMS 0x00000000fd300000| PB 0x00000000fd200000| Untracked 
|2003|0x00000000fd300000, 0x00000000fd400000, 0x00000000fd400000|100%| O|  |TAMS 0x00000000fd400000| PB 0x00000000fd300000| Untracked 
|2004|0x00000000fd400000, 0x00000000fd500000, 0x00000000fd500000|100%| O|  |TAMS 0x00000000fd500000| PB 0x00000000fd400000| Untracked 
|2005|0x00000000fd500000, 0x00000000fd600000, 0x00000000fd600000|100%| O|  |TAMS 0x00000000fd600000| PB 0x00000000fd500000| Untracked 
|2006|0x00000000fd600000, 0x00000000fd700000, 0x00000000fd700000|100%| O|  |TAMS 0x00000000fd700000| PB 0x00000000fd600000| Untracked 
|2007|0x00000000fd700000, 0x00000000fd800000, 0x00000000fd800000|100%| O|  |TAMS 0x00000000fd800000| PB 0x00000000fd700000| Untracked 
|2008|0x00000000fd800000, 0x00000000fd900000, 0x00000000fd900000|100%| O|  |TAMS 0x00000000fd900000| PB 0x00000000fd800000| Untracked 
|2009|0x00000000fd900000, 0x00000000fda00000, 0x00000000fda00000|100%| O|  |TAMS 0x00000000fda00000| PB 0x00000000fd900000| Untracked 
|2010|0x00000000fda00000, 0x00000000fdb00000, 0x00000000fdb00000|100%| O|  |TAMS 0x00000000fdb00000| PB 0x00000000fda00000| Untracked 
|2011|0x00000000fdb00000, 0x00000000fdc00000, 0x00000000fdc00000|100%| O|  |TAMS 0x00000000fdc00000| PB 0x00000000fdb00000| Untracked 
|2012|0x00000000fdc00000, 0x00000000fdd00000, 0x00000000fdd00000|100%| O|  |TAMS 0x00000000fdd00000| PB 0x00000000fdc00000| Untracked 
|2013|0x00000000fdd00000, 0x00000000fde00000, 0x00000000fde00000|100%| O|  |TAMS 0x00000000fde00000| PB 0x00000000fdd00000| Untracked 
|2014|0x00000000fde00000, 0x00000000fdf00000, 0x00000000fdf00000|100%| O|  |TAMS 0x00000000fdf00000| PB 0x00000000fde00000| Untracked 
|2015|0x00000000fdf00000, 0x00000000fe000000, 0x00000000fe000000|100%| O|  |TAMS 0x00000000fe000000| PB 0x00000000fdf00000| Untracked 
|2016|0x00000000fe000000, 0x00000000fe100000, 0x00000000fe100000|100%| O|  |TAMS 0x00000000fe100000| PB 0x00000000fe000000| Untracked 
|2017|0x00000000fe100000, 0x00000000fe200000, 0x00000000fe200000|100%| O|  |TAMS 0x00000000fe200000| PB 0x00000000fe100000| Untracked 
|2018|0x00000000fe200000, 0x00000000fe300000, 0x00000000fe300000|100%| O|  |TAMS 0x00000000fe300000| PB 0x00000000fe200000| Untracked 
|2019|0x00000000fe300000, 0x00000000fe400000, 0x00000000fe400000|100%| O|  |TAMS 0x00000000fe400000| PB 0x00000000fe300000| Untracked 
|2020|0x00000000fe400000, 0x00000000fe500000, 0x00000000fe500000|100%| O|  |TAMS 0x00000000fe500000| PB 0x00000000fe400000| Untracked 
|2021|0x00000000fe500000, 0x00000000fe600000, 0x00000000fe600000|100%| O|  |TAMS 0x00000000fe600000| PB 0x00000000fe500000| Untracked 
|2022|0x00000000fe600000, 0x00000000fe700000, 0x00000000fe700000|100%| E|CS|TAMS 0x00000000fe600000| PB 0x00000000fe600000| Complete 
|2023|0x00000000fe700000, 0x00000000fe800000, 0x00000000fe800000|100%| E|CS|TAMS 0x00000000fe700000| PB 0x00000000fe700000| Complete 
|2024|0x00000000fe800000, 0x00000000fe900000, 0x00000000fe900000|100%| E|CS|TAMS 0x00000000fe800000| PB 0x00000000fe800000| Complete 
|2025|0x00000000fe900000, 0x00000000fea00000, 0x00000000fea00000|100%| E|CS|TAMS 0x00000000fe900000| PB 0x00000000fe900000| Complete 
|2026|0x00000000fea00000, 0x00000000feb00000, 0x00000000feb00000|100%| E|CS|TAMS 0x00000000fea00000| PB 0x00000000fea00000| Complete 
|2027|0x00000000feb00000, 0x00000000fec00000, 0x00000000fec00000|100%| E|CS|TAMS 0x00000000feb00000| PB 0x00000000feb00000| Complete 
|2028|0x00000000fec00000, 0x00000000fed00000, 0x00000000fed00000|100%| E|CS|TAMS 0x00000000fec00000| PB 0x00000000fec00000| Complete 
|2029|0x00000000fed00000, 0x00000000fee00000, 0x00000000fee00000|100%| E|CS|TAMS 0x00000000fed00000| PB 0x00000000fed00000| Complete 
|2030|0x00000000fee00000, 0x00000000fef00000, 0x00000000fef00000|100%| E|CS|TAMS 0x00000000fee00000| PB 0x00000000fee00000| Complete 
|2031|0x00000000fef00000, 0x00000000ff000000, 0x00000000ff000000|100%| E|CS|TAMS 0x00000000fef00000| PB 0x00000000fef00000| Complete 
|2032|0x00000000ff000000, 0x00000000ff100000, 0x00000000ff100000|100%| E|CS|TAMS 0x00000000ff000000| PB 0x00000000ff000000| Complete 
|2033|0x00000000ff100000, 0x00000000ff200000, 0x00000000ff200000|100%| E|CS|TAMS 0x00000000ff100000| PB 0x00000000ff100000| Complete 
|2034|0x00000000ff200000, 0x00000000ff300000, 0x00000000ff300000|100%| E|CS|TAMS 0x00000000ff200000| PB 0x00000000ff200000| Complete 
|2035|0x00000000ff300000, 0x00000000ff400000, 0x00000000ff400000|100%| E|CS|TAMS 0x00000000ff300000| PB 0x00000000ff300000| Complete 
|2036|0x00000000ff400000, 0x00000000ff500000, 0x00000000ff500000|100%| O|  |TAMS 0x00000000ff500000| PB 0x00000000ff400000| Untracked 
|2037|0x00000000ff500000, 0x00000000ff600000, 0x00000000ff600000|100%| O|  |TAMS 0x00000000ff600000| PB 0x00000000ff500000| Untracked 
|2038|0x00000000ff600000, 0x00000000ff700000, 0x00000000ff700000|100%| O|  |TAMS 0x00000000ff700000| PB 0x00000000ff600000| Untracked 
|2039|0x00000000ff700000, 0x00000000ff800000, 0x00000000ff800000|100%| O|  |TAMS 0x00000000ff800000| PB 0x00000000ff700000| Untracked 
|2040|0x00000000ff800000, 0x00000000ff900000, 0x00000000ff900000|100%| O|  |TAMS 0x00000000ff900000| PB 0x00000000ff800000| Untracked 
|2041|0x00000000ff900000, 0x00000000ffa00000, 0x00000000ffa00000|100%| O|  |TAMS 0x00000000ffa00000| PB 0x00000000ff900000| Untracked 
|2042|0x00000000ffa00000, 0x00000000ffb00000, 0x00000000ffb00000|100%| O|  |TAMS 0x00000000ffb00000| PB 0x00000000ffa00000| Untracked 
|2043|0x00000000ffb00000, 0x00000000ffc00000, 0x00000000ffc00000|100%| O|  |TAMS 0x00000000ffc00000| PB 0x00000000ffb00000| Untracked 
|2044|0x00000000ffc00000, 0x00000000ffd00000, 0x00000000ffd00000|100%| O|  |TAMS 0x00000000ffd00000| PB 0x00000000ffc00000| Untracked 
|2045|0x00000000ffd00000, 0x00000000ffe00000, 0x00000000ffe00000|100%| O|  |TAMS 0x00000000ffe00000| PB 0x00000000ffd00000| Untracked 
|2046|0x00000000ffe00000, 0x00000000fff00000, 0x00000000fff00000|100%| O|  |TAMS 0x00000000fff00000| PB 0x00000000ffe00000| Untracked 
|2047|0x00000000fff00000, 0x0000000100000000, 0x0000000100000000|100%| E|CS|TAMS 0x00000000fff00000| PB 0x00000000fff00000| Complete 

Card table byte_map: [0x00007f0cba000000,0x00007f0cba400000] _byte_map_base: 0x00007f0cb9c00000

Marking Bits: (CMBitMap*) 0x00007f0cb4088100
 Bits: [0x00007f0c9a800000, 0x00007f0c9c800000)

Polling page: 0x00007f0cbcbd7000

Metaspace:

Usage:
  Non-class:    286.48 MB used.
      Class:     40.15 MB used.
       Both:    326.63 MB used.

Virtual space:
  Non-class space:      320.00 MB reserved,     288.44 MB ( 90%) committed,  5 nodes.
      Class space:        1.00 GB reserved,      42.06 MB (  4%) committed,  1 nodes.
             Both:        1.31 GB reserved,     330.50 MB ( 25%) committed. 

Chunk freelists:
   Non-Class:  14.86 MB
       Class:  5.82 MB
        Both:  20.68 MB

MaxMetaspaceSize: unlimited
CompressedClassSpaceSize: 1.00 GB
Initial GC threshold: 21.00 MB
Current GC threshold: 546.19 MB
CDS: on
 - commit_granule_bytes: 65536.
 - commit_granule_words: 8192.
 - virtual_space_node_default_size: 8388608.
 - enlarge_chunks_in_place: 1.
 - use_allocation_guard: 0.


Internal statistics:

num_allocs_failed_limit: 6.
num_arena_births: 7052.
num_arena_deaths: 52.
num_vsnodes_births: 6.
num_vsnodes_deaths: 0.
num_space_committed: 5286.
num_space_uncommitted: 8.
num_chunks_returned_to_freelist: 155.
num_chunks_taken_from_freelist: 21499.
num_chunk_merges: 35.
num_chunk_splits: 15070.
num_chunks_enlarged: 10750.
num_inconsistent_stats: 0.

CodeHeap 'non-profiled nmethods': size=120028Kb used=14753Kb max_used=25766Kb free=105274Kb
 bounds [0x00007f0ca42c9000, 0x00007f0ca5c09000, 0x00007f0cab800000]
CodeHeap 'profiled nmethods': size=120028Kb used=75588Kb max_used=75588Kb free=44439Kb
 bounds [0x00007f0c9c800000, 0x00007f0ca11e0000, 0x00007f0ca3d37000]
CodeHeap 'non-nmethods': size=5704Kb used=2803Kb max_used=2864Kb free=2900Kb
 bounds [0x00007f0ca3d37000, 0x00007f0ca4027000, 0x00007f0ca42c9000]
 total_blobs=25214 nmethods=23850 adapters=1263
 compilation: enabled
              stopped_count=0, restarted_count=0
 full_count=0

Compilation events (20 events):
Event: 835.447 Thread 0x00007f0cb41e78e0 85823       2       org.jetbrains.kotlin.fir.scopes.impl.FirFakeOverrideGenerator::configureAnnotationsAndSignature (1063 bytes)
Event: 835.451 Thread 0x00007f0cb41e78e0 nmethod 85823 0x00007f0ca117e210 code [0x00007f0ca117f080, 0x00007f0ca11846f0]
Event: 835.451 Thread 0x00007f0cb41e6220 nmethod 85767 0x00007f0ca4775d10 code [0x00007f0ca47762e0, 0x00007f0ca4779898]
Event: 835.451 Thread 0x00007f0cb41e78e0 85821       2       org.jetbrains.kotlin.fir.scopes.impl.FirFakeOverrideGenerator::createCopyForFirFunction (398 bytes)
Event: 835.451 Thread 0x00007f0cb41e6220 85815       4       kotlin.collections.AbstractList$IteratorImpl::hasNext (20 bytes)
Event: 835.451 Thread 0x00007f0cb41e6220 nmethod 85815 0x00007f0ca507ee90 code [0x00007f0ca507f000, 0x00007f0ca507f0e0]
Event: 835.451 Thread 0x00007f0cb41e6220 85795       4       org.jetbrains.kotlin.fir.scopes.impl.FirAbstractSimpleImportingScope::processPropertiesByName (40 bytes)
Event: 835.453 Thread 0x00007f0cb41e78e0 nmethod 85821 0x00007f0ca1188510 code [0x00007f0ca1188d60, 0x00007f0ca118bbf0]
Event: 835.453 Thread 0x00007f0cb41e78e0 85822       2       org.jetbrains.kotlin.fir.scopes.impl.FirFakeOverrideGenerator::configureAnnotationsTypeParametersAndSignature (402 bytes)
Event: 835.454 Thread 0x00007f0cb41e78e0 nmethod 85822 0x00007f0ca118dd90 code [0x00007f0ca118e180, 0x00007f0ca118f480]
Event: 835.454 Thread 0x00007f0cb41e78e0 85824       2       org.jetbrains.kotlin.name.StandardClassIds::getEnum (4 bytes)
Event: 835.454 Thread 0x00007f0cb41e78e0 nmethod 85824 0x00007f0ca1190390 code [0x00007f0ca1190520, 0x00007f0ca1190628]
Event: 835.454 Thread 0x00007f0cb41e78e0 85820       2       org.jetbrains.kotlin.fir.scopes.impl.FirFakeOverrideGenerator::createCopyForFirFunction$default (198 bytes)
Event: 835.455 Thread 0x00007f0cb41e78e0 nmethod 85820 0x00007f0ca1190690 code [0x00007f0ca11908a0, 0x00007f0ca1190ee0]
Event: 835.476 Thread 0x00007f0cb41e6220 nmethod 85795 0x00007f0ca4774f10 code [0x00007f0ca4775140, 0x00007f0ca4775830]
Event: 835.476 Thread 0x00007f0cb41e6220 85777       4       org.jetbrains.uast.kotlin.KotlinAbstractUExpression::<init> (6 bytes)
Event: 835.477 Thread 0x00007f0cb41e6220 nmethod 85777 0x00007f0ca4774b90 code [0x00007f0ca4774d00, 0x00007f0ca4774e68]
Event: 835.477 Thread 0x00007f0cb41e6220 85769       4       org.jetbrains.kotlin.fir.types.ConeTypeUtilsKt::upperBoundIfFlexible (62 bytes)
Event: 835.478 Thread 0x00007f0cb41e6220 nmethod 85769 0x00007f0ca4774810 code [0x00007f0ca47749a0, 0x00007f0ca4774aa0]
Event: 835.478 Thread 0x00007f0cb41e6220 85775       4       org.jetbrains.kotlin.name.FqNameUnsafe::compute (87 bytes)

GC Heap History (20 events):
Event: 819.910 GC heap before
{Heap before GC invocations=114 (full 0):
 garbage-first heap   total 1433600K, used 1241303K [0x0000000080000000, 0x0000000100000000)
  region size 1024K, 350 young (358400K), 24 survivors (24576K)
 Metaspace       used 289916K, committed 293888K, reserved 1310720K
  class space    used 36787K, committed 38784K, reserved 1048576K
}
Event: 819.932 GC heap after
{Heap after GC invocations=115 (full 0):
 garbage-first heap   total 1699840K, used 877343K [0x0000000080000000, 0x0000000100000000)
  region size 1024K, 30 young (30720K), 30 survivors (30720K)
 Metaspace       used 289916K, committed 293888K, reserved 1310720K
  class space    used 36787K, committed 38784K, reserved 1048576K
}
Event: 819.933 GC heap before
{Heap before GC invocations=115 (full 0):
 garbage-first heap   total 1699840K, used 878367K [0x0000000080000000, 0x0000000100000000)
  region size 1024K, 32 young (32768K), 30 survivors (30720K)
 Metaspace       used 289916K, committed 293888K, reserved 1310720K
  class space    used 36787K, committed 38784K, reserved 1048576K
}
Event: 819.947 GC heap after
{Heap after GC invocations=116 (full 0):
 garbage-first heap   total 1699840K, used 878606K [0x0000000080000000, 0x0000000100000000)
  region size 1024K, 31 young (31744K), 31 survivors (31744K)
 Metaspace       used 289916K, committed 293888K, reserved 1310720K
  class space    used 36787K, committed 38784K, reserved 1048576K
}
Event: 821.276 GC heap before
{Heap before GC invocations=117 (full 0):
 garbage-first heap   total 1699840K, used 1455118K [0x0000000080000000, 0x0000000100000000)
  region size 1024K, 526 young (538624K), 31 survivors (31744K)
 Metaspace       used 305133K, committed 309056K, reserved 1376256K
  class space    used 38503K, committed 40448K, reserved 1048576K
}
Event: 821.306 GC heap after
{Heap after GC invocations=118 (full 0):
 garbage-first heap   total 1699840K, used 993188K [0x0000000080000000, 0x0000000100000000)
  region size 1024K, 66 young (67584K), 66 survivors (67584K)
 Metaspace       used 305133K, committed 309056K, reserved 1376256K
  class space    used 38503K, committed 40448K, reserved 1048576K
}
Event: 822.175 GC heap before
{Heap before GC invocations=118 (full 0):
 garbage-first heap   total 1699840K, used 1606564K [0x0000000080000000, 0x0000000100000000)
  region size 1024K, 511 young (523264K), 66 survivors (67584K)
 Metaspace       used 311115K, committed 315072K, reserved 1376256K
  class space    used 39279K, committed 41216K, reserved 1048576K
}
Event: 822.210 GC heap after
{Heap after GC invocations=119 (full 0):
 garbage-first heap   total 1714176K, used 981668K [0x0000000080000000, 0x0000000100000000)
  region size 1024K, 39 young (39936K), 39 survivors (39936K)
 Metaspace       used 311115K, committed 315072K, reserved 1376256K
  class space    used 39279K, committed 41216K, reserved 1048576K
}
Event: 822.355 GC heap before
{Heap before GC invocations=119 (full 0):
 garbage-first heap   total 1714176K, used 999076K [0x0000000080000000, 0x0000000100000000)
  region size 1024K, 57 young (58368K), 39 survivors (39936K)
 Metaspace       used 313665K, committed 317632K, reserved 1376256K
  class space    used 39587K, committed 41536K, reserved 1048576K
}
Event: 822.363 GC heap after
{Heap after GC invocations=120 (full 0):
 garbage-first heap   total 1714176K, used 987044K [0x0000000080000000, 0x0000000100000000)
  region size 1024K, 5 young (5120K), 5 survivors (5120K)
 Metaspace       used 313665K, committed 317632K, reserved 1376256K
  class space    used 39587K, committed 41536K, reserved 1048576K
}
Event: 823.803 GC heap before
{Heap before GC invocations=121 (full 0):
 garbage-first heap   total 1714176K, used 1477540K [0x0000000080000000, 0x0000000100000000)
  region size 1024K, 509 young (521216K), 5 survivors (5120K)
 Metaspace       used 322455K, committed 326400K, reserved 1376256K
  class space    used 40519K, committed 42496K, reserved 1048576K
}
Event: 823.812 GC heap after
{Heap after GC invocations=122 (full 0):
 garbage-first heap   total 1714176K, used 874356K [0x0000000080000000, 0x0000000100000000)
  region size 1024K, 41 young (41984K), 41 survivors (41984K)
 Metaspace       used 322455K, committed 326400K, reserved 1376256K
  class space    used 40519K, committed 42496K, reserved 1048576K
}
Event: 825.519 GC heap before
{Heap before GC invocations=122 (full 0):
 garbage-first heap   total 1714176K, used 1022836K [0x0000000080000000, 0x0000000100000000)
  region size 1024K, 185 young (189440K), 41 survivors (41984K)
 Metaspace       used 327144K, committed 331072K, reserved 1376256K
  class space    used 40705K, committed 42688K, reserved 1048576K
}
Event: 825.531 GC heap after
{Heap after GC invocations=123 (full 0):
 garbage-first heap   total 1714176K, used 895396K [0x0000000080000000, 0x0000000100000000)
  region size 1024K, 61 young (62464K), 61 survivors (62464K)
 Metaspace       used 327144K, committed 331072K, reserved 1376256K
  class space    used 40705K, committed 42688K, reserved 1048576K
}
Event: 828.725 GC heap before
{Heap before GC invocations=124 (full 0):
 garbage-first heap   total 1714176K, used 938404K [0x0000000080000000, 0x0000000100000000)
  region size 1024K, 335 young (343040K), 61 survivors (62464K)
 Metaspace       used 331569K, committed 335552K, reserved 1376256K
  class space    used 40960K, committed 42944K, reserved 1048576K
}
Event: 828.744 GC heap after
{Heap after GC invocations=125 (full 0):
 garbage-first heap   total 1714176K, used 682470K [0x0000000080000000, 0x0000000100000000)
  region size 1024K, 54 young (55296K), 54 survivors (55296K)
 Metaspace       used 331569K, committed 335552K, reserved 1376256K
  class space    used 40960K, committed 42944K, reserved 1048576K
}
Event: 834.771 GC heap before
{Heap before GC invocations=126 (full 0):
 garbage-first heap   total 1714176K, used 1423846K [0x0000000080000000, 0x0000000100000000)
  region size 1024K, 776 young (794624K), 54 survivors (55296K)
 Metaspace       used 334302K, committed 338240K, reserved 1376256K
  class space    used 41107K, committed 43072K, reserved 1048576K
}
Event: 834.803 GC heap after
{Heap after GC invocations=127 (full 0):
 garbage-first heap   total 1714176K, used 773028K [0x0000000080000000, 0x0000000100000000)
  region size 1024K, 97 young (99328K), 97 survivors (99328K)
 Metaspace       used 334302K, committed 338240K, reserved 1376256K
  class space    used 41107K, committed 43072K, reserved 1048576K
}
Event: 835.455 GC heap before
{Heap before GC invocations=127 (full 0):
 garbage-first heap   total 1714176K, used 888740K [0x0000000080000000, 0x0000000100000000)
  region size 1024K, 211 young (216064K), 97 survivors (99328K)
 Metaspace       used 334442K, committed 338368K, reserved 1376256K
  class space    used 41111K, committed 43072K, reserved 1048576K
}
Event: 835.476 GC heap after
{Heap after GC invocations=128 (full 0):
 garbage-first heap   total 1714176K, used 785828K [0x0000000080000000, 0x0000000100000000)
  region size 1024K, 10 young (10240K), 10 survivors (10240K)
 Metaspace       used 334442K, committed 338368K, reserved 1376256K
  class space    used 41111K, committed 43072K, reserved 1048576K
}

Dll operation events (20 events):
Event: 0.038 Loaded shared library /home/notch/.sdkman/candidates/java/21.0.4-tem/lib/libinstrument.so
Event: 0.039 Loaded shared library /home/notch/.sdkman/candidates/java/21.0.4-tem/lib/libnio.so
Event: 0.040 Loaded shared library /home/notch/.sdkman/candidates/java/21.0.4-tem/lib/libzip.so
Event: 0.106 Loaded shared library /home/notch/.sdkman/candidates/java/21.0.4-tem/lib/libjimage.so
Event: 0.190 Loaded shared library /home/notch/.sdkman/candidates/java/21.0.4-tem/lib/libverify.so
Event: 0.204 Loaded shared library /home/notch/.sdkman/candidates/java/21.0.4-tem/lib/libnet.so
Event: 0.204 Loaded shared library /home/notch/.gradle/native/1def1411415f61bf3af743bc5b6707747c0891f09f0c88961ee8f79bc544acac/linux-amd64/libnative-platform.so
Event: 0.211 Loaded shared library /home/notch/.gradle/native/0.2.8/x86_64-linux-gnu/libgradle-fileevents.so
Event: 0.504 Loaded shared library /home/notch/.sdkman/candidates/java/21.0.4-tem/lib/libmanagement.so
Event: 0.506 Loaded shared library /home/notch/.sdkman/candidates/java/21.0.4-tem/lib/libmanagement_ext.so
Event: 0.553 Loaded shared library /home/notch/.sdkman/candidates/java/21.0.4-tem/lib/libextnet.so
Event: 50.187 Loaded shared library /home/notch/.sdkman/candidates/java/21.0.4-tem/lib/libawt.so
Event: 50.187 Loaded shared library /home/notch/.sdkman/candidates/java/21.0.4-tem/lib/libawt_headless.so
Event: 50.481 Loaded shared library /tmp/sqlite-3.41.2.2-7d121462-53f0-4bd0-83f1-b6d863cca2a4-libsqlitejdbc.so
Event: 51.026 Loaded shared library /home/notch/.sdkman/candidates/java/21.0.4-tem/lib/librmi.so
Event: 153.581 Unloaded shared library "/tmp/sqlite-3.41.2.2-7d121462-53f0-4bd0-83f1-b6d863cca2a4-libsqlitejdbc.so" [0x00007f0b4161eb50]
Event: 796.704 Loaded shared library /tmp/sqlite-3.41.2.2-4a2632cb-59c0-41e4-9dec-6adb94b76b89-libsqlitejdbc.so
Event: 813.161 Unloaded shared library "/tmp/sqlite-3.41.2.2-4a2632cb-59c0-41e4-9dec-6adb94b76b89-libsqlitejdbc.so" [0x00007f0bf09e6180]
Event: 813.570 Loaded shared library /tmp/sqlite-3.41.2.2-e6849051-b697-4ede-931f-de450d6f4d3e-libsqlitejdbc.so
Event: 816.166 Unloaded shared library "/tmp/sqlite-3.41.2.2-e6849051-b697-4ede-931f-de450d6f4d3e-libsqlitejdbc.so" [0x00007f0c8416c380]

Deoptimization events (20 events):
Event: 835.362 Thread 0x00007f0b941be630 DEOPT PACKING pc=0x00007f0ca52e87a0 sp=0x00007f0aab4312a0
Event: 835.362 Thread 0x00007f0b941be630 DEOPT UNPACKING pc=0x00007f0ca3d8af99 sp=0x00007f0aab431290 mode 2
Event: 835.362 Thread 0x00007f0b941be630 Uncommon trap: trap_request=0xffffffde fr.pc=0x00007f0ca4bb0c44 relative=0x00000000000003a4
Event: 835.362 Thread 0x00007f0b941be630 Uncommon trap: reason=class_check action=maybe_recompile pc=0x00007f0ca4bb0c44 method=org.jetbrains.kotlin.resolve.calls.inference.components.ConstraintSystemCompletionContext.findPostponedArgumentWithFixedInputTypes(Ljava/util/List;)Lorg/jetbrains/kotlin
Event: 835.362 Thread 0x00007f0b941be630 DEOPT PACKING pc=0x00007f0ca4bb0c44 sp=0x00007f0aab4315d0
Event: 835.362 Thread 0x00007f0b941be630 DEOPT UNPACKING pc=0x00007f0ca3d8af99 sp=0x00007f0aab431540 mode 2
Event: 835.363 Thread 0x00007f0b941be630 Uncommon trap: trap_request=0xffffffde fr.pc=0x00007f0ca4bb0c44 relative=0x00000000000003a4
Event: 835.363 Thread 0x00007f0b941be630 Uncommon trap: reason=class_check action=maybe_recompile pc=0x00007f0ca4bb0c44 method=org.jetbrains.kotlin.resolve.calls.inference.components.ConstraintSystemCompletionContext.findPostponedArgumentWithFixedInputTypes(Ljava/util/List;)Lorg/jetbrains/kotlin
Event: 835.363 Thread 0x00007f0b941be630 DEOPT PACKING pc=0x00007f0ca4bb0c44 sp=0x00007f0aab4315d0
Event: 835.363 Thread 0x00007f0b941be630 DEOPT UNPACKING pc=0x00007f0ca3d8af99 sp=0x00007f0aab431540 mode 2
Event: 835.454 Thread 0x00007f0b941be630 Uncommon trap: trap_request=0xffffffde fr.pc=0x00007f0ca4e3a7b8 relative=0x00000000000015d8
Event: 835.454 Thread 0x00007f0b941be630 Uncommon trap: reason=class_check action=maybe_recompile pc=0x00007f0ca4e3a7b8 method=org.jetbrains.kotlin.analysis.api.fir.KaSymbolByFirBuilder$FunctionSymbolBuilder.buildFunctionSymbol(Lorg/jetbrains/kotlin/fir/symbols/impl/FirFunctionSymbol;)Lorg/jetbr
Event: 835.454 Thread 0x00007f0b941be630 DEOPT PACKING pc=0x00007f0ca4e3a7b8 sp=0x00007f0aab435ef0
Event: 835.454 Thread 0x00007f0b941be630 DEOPT UNPACKING pc=0x00007f0ca3d8af99 sp=0x00007f0aab435e58 mode 2
Event: 835.454 Thread 0x00007f0b941be630 DEOPT PACKING pc=0x00007f0ca037061c sp=0x00007f0aab436850
Event: 835.454 Thread 0x00007f0b941be630 DEOPT UNPACKING pc=0x00007f0ca3d8b72f sp=0x00007f0aab435f80 mode 0
Event: 835.454 Thread 0x00007f0b941be630 Uncommon trap: trap_request=0xffffffde fr.pc=0x00007f0ca4e3a7b8 relative=0x00000000000015d8
Event: 835.454 Thread 0x00007f0b941be630 Uncommon trap: reason=class_check action=maybe_recompile pc=0x00007f0ca4e3a7b8 method=org.jetbrains.kotlin.analysis.api.fir.KaSymbolByFirBuilder$FunctionSymbolBuilder.buildFunctionSymbol(Lorg/jetbrains/kotlin/fir/symbols/impl/FirFunctionSymbol;)Lorg/jetbr
Event: 835.454 Thread 0x00007f0b941be630 DEOPT PACKING pc=0x00007f0ca4e3a7b8 sp=0x00007f0aab436860
Event: 835.454 Thread 0x00007f0b941be630 DEOPT UNPACKING pc=0x00007f0ca3d8af99 sp=0x00007f0aab4367c8 mode 2

Classes loaded (20 events):
Event: 815.771 Loading class java/util/regex/PatternSyntaxException
Event: 815.772 Loading class java/util/regex/PatternSyntaxException done
Event: 815.849 Loading class java/util/regex/Pattern$Caret
Event: 815.849 Loading class java/util/regex/Pattern$Caret done
Event: 815.944 Loading class java/time/format/DateTimeParseException
Event: 815.945 Loading class java/time/DateTimeException
Event: 815.945 Loading class java/time/DateTimeException done
Event: 815.945 Loading class java/time/format/DateTimeParseException done
Event: 816.562 Loading class java/nio/file/SimpleFileVisitor
Event: 816.562 Loading class java/nio/file/SimpleFileVisitor done
Event: 816.641 Loading class java/nio/file/attribute/UserPrincipalLookupService
Event: 816.641 Loading class java/nio/file/attribute/UserPrincipalLookupService done
Event: 817.111 Loading class java/nio/file/FileSystemLoopException
Event: 817.112 Loading class java/nio/file/FileSystemLoopException done
Event: 818.639 Loading class java/util/jar/JarInputStream
Event: 818.639 Loading class java/util/jar/JarInputStream done
Event: 822.496 Loading class java/nio/HeapByteBufferR
Event: 822.497 Loading class java/nio/HeapByteBufferR done
Event: 826.110 Loading class java/lang/StringIndexOutOfBoundsException
Event: 826.110 Loading class java/lang/StringIndexOutOfBoundsException done

Classes unloaded (20 events):
Event: 816.145 Thread 0x00007f0cb41d1690 Unloading class 0x00007f0c45cf5248 'androidx/room/compiler/processing/javac/XTypeElementStore'
Event: 816.145 Thread 0x00007f0cb41d1690 Unloading class 0x00007f0c45cf5008 'androidx/room/compiler/processing/ksp/KspProcessingEnv$ksTypeVarianceResolver$2'
Event: 816.145 Thread 0x00007f0cb41d1690 Unloading class 0x00007f0c45cf4dc8 'androidx/room/compiler/processing/ksp/KspProcessingEnv$jvmVersion$2'
Event: 816.145 Thread 0x00007f0cb41d1690 Unloading class 0x00007f0c45cf4b88 'androidx/room/compiler/processing/ksp/KspProcessingEnv$jvmPlatformInfo$2'
Event: 816.145 Thread 0x00007f0cb41d1690 Unloading class 0x00007f0c45cf4758 'androidx/room/compiler/processing/XProcessingEnv$Backend'
Event: 816.145 Thread 0x00007f0cb41d1690 Unloading class 0x00007f0c45cf4558 'androidx/room/compiler/processing/XProcessingEnv$Companion'
Event: 816.145 Thread 0x00007f0cb41d1690 Unloading class 0x00007f0c45cf41f8 'androidx/room/compiler/processing/ksp/KspProcessingEnv'
Event: 816.145 Thread 0x00007f0cb41d1690 Unloading class 0x00007f0c45cf4000 'androidx/room/compiler/processing/XProcessingEnv'
Event: 816.145 Thread 0x00007f0cb41d1690 Unloading class 0x00007f0c45ce1c40 'androidx/room/compiler/processing/ksp/KspBasicAnnotationProcessor$DelegateLogger'
Event: 816.145 Thread 0x00007f0cb41d1690 Unloading class 0x00007f0c45ce1808 'androidx/room/processor/Context$BooleanProcessorOptions'
Event: 816.145 Thread 0x00007f0cb41d1690 Unloading class 0x00007f0c45ce1600 'androidx/room/compiler/processing/XProcessingEnvConfig$Builder'
Event: 816.145 Thread 0x00007f0cb41d1690 Unloading class 0x00007f0c45ce1400 'androidx/room/compiler/processing/XProcessingEnvConfig$Companion'
Event: 816.145 Thread 0x00007f0cb41d1690 Unloading class 0x00007f0c45ce1200 'androidx/room/compiler/processing/XProcessingEnvConfig'
Event: 816.145 Thread 0x00007f0cb41d1690 Unloading class 0x00007f0c45ce1000 'androidx/room/DatabaseProcessingStep$Companion'
Event: 816.145 Thread 0x00007f0cb41d1690 Unloading class 0x00007f0c45ce0c80 'androidx/room/DatabaseProcessingStep'
Event: 816.145 Thread 0x00007f0cb41d1690 Unloading class 0x00007f0c45ce0a88 'androidx/room/compiler/processing/XProcessingStep'
Event: 816.145 Thread 0x00007f0cb41d1690 Unloading class 0x00007f0c45ce0800 'androidx/room/RoomKspProcessor'
Event: 816.145 Thread 0x00007f0cb41d1690 Unloading class 0x00007f0c46048c10 'androidx/room/compiler/processing/ksp/KspBasicAnnotationProcessor'
Event: 816.145 Thread 0x00007f0cb41d1690 Unloading class 0x00007f0c46048a18 'androidx/room/compiler/processing/XBasicAnnotationProcessor'
Event: 816.145 Thread 0x00007f0cb41d1690 Unloading class 0x00007f0c46048800 'androidx/room/RoomKspProcessor$Provider'

Classes redefined (0 events):
No events

Internal exceptions (20 events):
Event: 822.244 Thread 0x00007f0b941be630 Exception <a 'java/lang/NoSuchMethodError'{0x00000000fef5c408}: 'java.lang.Object java.lang.invoke.DirectMethodHandle$Holder.invokeStatic(java.lang.Object, java.lang.Object, java.lang.Object, java.lang.Object, int, java.lang.Object, java.lang.Object)'> (0x00000000fef5c408) 
thrown [src/hotspot/share/interpreter/linkResolver.cpp, line 772]
Event: 822.245 Thread 0x00007f0b941be630 Exception <a 'java/lang/NoSuchMethodError'{0x00000000fef657f0}: 'java.lang.Object java.lang.invoke.DirectMethodHandle$Holder.newInvokeSpecial(java.lang.Object, java.lang.Object, java.lang.Object, java.lang.Object, int, java.lang.Object, java.lang.Object)'> (0x00000000fef657f0) 
thrown [src/hotspot/share/interpreter/linkResolver.cpp, line 772]
Event: 822.245 Thread 0x00007f0b941be630 Exception <a 'java/lang/NoSuchMethodError'{0x00000000fef6a1d8}: 'java.lang.Object java.lang.invoke.Invokers$Holder.linkToTargetMethod(java.lang.Object, java.lang.Object, java.lang.Object, int, java.lang.Object, java.lang.Object, java.lang.Object)'> (0x00000000fef6a1d8) 
thrown [src/hotspot/share/interpreter/linkResolver.cpp, line 772]
Event: 822.353 Thread 0x00007f0b941a8650 Exception <a 'sun/nio/fs/UnixException'{0x00000000fae58ff8}> (0x00000000fae58ff8) 
thrown [src/hotspot/share/prims/jni.cpp, line 520]
Event: 822.433 Thread 0x00007f0b941be630 Exception <a 'java/lang/NoSuchMethodError'{0x00000000fe816010}: 'void java.lang.invoke.DirectMethodHandle$Holder.invokeStatic(java.lang.Object, java.lang.Object, java.lang.Object, java.lang.Object, int)'> (0x00000000fe816010) 
thrown [src/hotspot/share/interpreter/linkResolver.cpp, line 772]
Event: 822.451 Thread 0x00007f0b941be630 Exception <a 'java/lang/NoSuchMethodError'{0x00000000faed3e28}: 'java.lang.Object java.lang.invoke.DirectMethodHandle$Holder.invokeStatic(java.lang.Object, int, java.lang.Object, java.lang.Object, java.lang.Object)'> (0x00000000faed3e28) 
thrown [src/hotspot/share/interpreter/linkResolver.cpp, line 772]
Event: 822.464 Thread 0x00007f0b941be630 Exception <a 'java/lang/NoSuchMethodError'{0x00000000df8dccc8}: 'java.lang.Object java.lang.invoke.DirectMethodHandle$Holder.invokeStatic(java.lang.Object, java.lang.Object, java.lang.Object, int, java.lang.Object, java.lang.Object)'> (0x00000000df8dccc8) 
thrown [src/hotspot/share/interpreter/linkResolver.cpp, line 772]
Event: 823.202 Thread 0x00007f0b941be630 Exception <a 'java/lang/NoSuchMethodError'{0x00000000c6e640b0}: 'java.lang.Object java.lang.invoke.DirectMethodHandle$Holder.newInvokeSpecial(java.lang.Object, java.lang.Object, java.lang.Object, java.lang.Object, java.lang.Object, int)'> (0x00000000c6e640b0) 
thrown [src/hotspot/share/interpreter/linkResolver.cpp, line 772]
Event: 823.202 Thread 0x00007f0b941be630 Exception <a 'java/lang/NoSuchMethodError'{0x00000000c6e690d8}: 'java.lang.Object java.lang.invoke.DirectMethodHandle$Holder.invokeSpecial(java.lang.Object, java.lang.Object, java.lang.Object, java.lang.Object, java.lang.Object, java.lang.Object, int)'> (0x00000000c6e690d8) 
thrown [src/hotspot/share/interpreter/linkResolver.cpp, line 772]
Event: 823.202 Thread 0x00007f0b941be630 Exception <a 'java/lang/NoSuchMethodError'{0x00000000c6e6d6e8}: 'java.lang.Object java.lang.invoke.Invokers$Holder.linkToTargetMethod(java.lang.Object, java.lang.Object, java.lang.Object, java.lang.Object, int, java.lang.Object)'> (0x00000000c6e6d6e8) 
thrown [src/hotspot/share/interpreter/linkResolver.cpp, line 772]
Event: 823.769 Thread 0x00007f0b941be630 Exception <a 'java/lang/NoSuchMethodError'{0x00000000bf315c98}: 'java.lang.Object java.lang.invoke.DirectMethodHandle$Holder.invokeStatic(java.lang.Object, java.lang.Object, java.lang.Object, int, java.lang.Object, java.lang.Object, java.lang.Object, java.lang.Object)'> (0x00000000bf315c98) 
thrown [src/hotspot/share/interpreter/linkResolver.cpp, line 772]
Event: 824.136 Thread 0x00007f0bd28d2180 Exception <a 'java/io/IOException'{0x00000000df780bf0}> (0x00000000df780bf0) 
thrown [src/hotspot/share/prims/jni.cpp, line 520]
Event: 824.157 Thread 0x00007f0b941be630 Exception <a 'java/lang/NoSuchMethodError'{0x00000000df69a430}: 'java.lang.Object java.lang.invoke.DirectMethodHandle$Holder.invokeStatic(java.lang.Object, int, java.lang.Object, java.lang.Object, java.lang.Object, java.lang.Object, java.lang.Object)'> (0x00000000df69a430) 
thrown [src/hotspot/share/interpreter/linkResolver.cpp, line 772]
Event: 826.496 Thread 0x00007f0b941be630 Implicit null exception at 0x00007f0ca46627c6 to 0x00007f0ca4663dd4
Event: 828.664 Thread 0x00007f0b941be630 Implicit null exception at 0x00007f0ca5b0f452 to 0x00007f0ca5b0fdb1
Event: 829.136 Thread 0x00007f0bd28d2180 Exception <a 'java/io/IOException'{0x00000000f9e003f0}> (0x00000000f9e003f0) 
thrown [src/hotspot/share/prims/jni.cpp, line 520]
Event: 829.848 Thread 0x00007f0b941be630 Implicit null exception at 0x00007f0ca4983c3a to 0x00007f0ca4983c8c
Event: 832.803 Thread 0x00007f0b941be630 Implicit null exception at 0x00007f0ca46fd077 to 0x00007f0ca46fdcf4
Event: 832.850 Thread 0x00007f0b941be630 Implicit null exception at 0x00007f0ca58c1ebd to 0x00007f0ca58c1f81
Event: 834.137 Thread 0x00007f0bd28d2180 Exception <a 'java/io/IOException'{0x00000000f9e07540}> (0x00000000f9e07540) 
thrown [src/hotspot/share/prims/jni.cpp, line 520]

ZGC Phase Switch (0 events):
No events

VM Operations (20 events):
Event: 832.841 Executing VM operation: ICBufferFull
Event: 832.841 Executing VM operation: ICBufferFull done
Event: 833.146 Executing VM operation: ICBufferFull
Event: 833.146 Executing VM operation: ICBufferFull done
Event: 833.157 Executing VM operation: HandshakeAllThreads (Deoptimize)
Event: 833.157 Executing VM operation: HandshakeAllThreads (Deoptimize) done
Event: 833.721 Executing VM operation: ICBufferFull
Event: 833.721 Executing VM operation: ICBufferFull done
Event: 834.282 Executing VM operation: ICBufferFull
Event: 834.282 Executing VM operation: ICBufferFull done
Event: 834.771 Executing VM operation: G1CollectForAllocation (G1 Evacuation Pause)
Event: 834.803 Executing VM operation: G1CollectForAllocation (G1 Evacuation Pause) done
Event: 835.205 Executing VM operation: ICBufferFull
Event: 835.205 Executing VM operation: ICBufferFull done
Event: 835.439 Executing VM operation: ICBufferFull
Event: 835.439 Executing VM operation: ICBufferFull done
Event: 835.454 Executing VM operation: HandshakeAllThreads (Deoptimize)
Event: 835.454 Executing VM operation: HandshakeAllThreads (Deoptimize) done
Event: 835.455 Executing VM operation: G1TryInitiateConcMark (CodeCache GC Threshold)
Event: 835.476 Executing VM operation: G1TryInitiateConcMark (CodeCache GC Threshold) done

Memory protections (20 events):
Event: 815.199 Protecting memory [0x00007f0aaa0e7000,0x00007f0aaa0eb000] with protection modes 0
Event: 815.202 Protecting memory [0x00007f0aa5f00000,0x00007f0aa5f04000] with protection modes 0
Event: 815.203 Protecting memory [0x00007f0aa5e00000,0x00007f0aa5e04000] with protection modes 0
Event: 816.415 Protecting memory [0x00007f0abcf00000,0x00007f0abcf04000] with protection modes 0
Event: 816.415 Protecting memory [0x00007f0abd600000,0x00007f0abd604000] with protection modes 0
Event: 816.415 Protecting memory [0x00007f0abd500000,0x00007f0abd504000] with protection modes 0
Event: 816.415 Protecting memory [0x00007f0abd400000,0x00007f0abd404000] with protection modes 0
Event: 816.415 Protecting memory [0x00007f0aa5d00000,0x00007f0aa5d04000] with protection modes 0
Event: 816.415 Protecting memory [0x00007f0aa5c00000,0x00007f0aa5c04000] with protection modes 0
Event: 816.415 Protecting memory [0x00007f0aa5b00000,0x00007f0aa5b04000] with protection modes 0
Event: 816.415 Protecting memory [0x00007f0aa5a00000,0x00007f0aa5a04000] with protection modes 0
Event: 816.415 Protecting memory [0x00007f0aa5900000,0x00007f0aa5904000] with protection modes 0
Event: 816.415 Protecting memory [0x00007f0aa5800000,0x00007f0aa5804000] with protection modes 0
Event: 816.416 Protecting memory [0x00007f0aa5700000,0x00007f0aa5704000] with protection modes 0
Event: 816.418 Protecting memory [0x00007f0aa5600000,0x00007f0aa5604000] with protection modes 0
Event: 816.460 Protecting memory [0x00007f0aa5500000,0x00007f0aa5504000] with protection modes 0
Event: 816.460 Protecting memory [0x00007f0aa5400000,0x00007f0aa5404000] with protection modes 0
Event: 816.471 Protecting memory [0x00007f0aa5300000,0x00007f0aa5304000] with protection modes 0
Event: 819.426 Protecting memory [0x00007f0aa5e00000,0x00007f0aa5e04000] with protection modes 0
Event: 819.436 Protecting memory [0x00007f0aa50ff000,0x00007f0aa5103000] with protection modes 0

Nmethod flushes (20 events):
Event: 828.882 Thread 0x00007f0cb41d1690 flushing  nmethod 0x00007f0c9f41f710
Event: 828.882 Thread 0x00007f0cb41d1690 flushing  nmethod 0x00007f0c9f4b3910
Event: 828.882 Thread 0x00007f0cb41d1690 flushing  nmethod 0x00007f0c9f586c90
Event: 828.882 Thread 0x00007f0cb41d1690 flushing  nmethod 0x00007f0c9f589510
Event: 828.882 Thread 0x00007f0cb41d1690 flushing  nmethod 0x00007f0c9f900290
Event: 828.882 Thread 0x00007f0cb41d1690 flushing  nmethod 0x00007f0c9f906010
Event: 828.882 Thread 0x00007f0cb41d1690 flushing  nmethod 0x00007f0c9fa14f10
Event: 828.882 Thread 0x00007f0cb41d1690 flushing  nmethod 0x00007f0c9fa1ee90
Event: 828.882 Thread 0x00007f0cb41d1690 flushing  nmethod 0x00007f0c9fb32910
Event: 828.882 Thread 0x00007f0cb41d1690 flushing  nmethod 0x00007f0c9fb32f10
Event: 828.882 Thread 0x00007f0cb41d1690 flushing  nmethod 0x00007f0c9fb33310
Event: 828.882 Thread 0x00007f0cb41d1690 flushing  nmethod 0x00007f0c9fb34810
Event: 828.882 Thread 0x00007f0cb41d1690 flushing  nmethod 0x00007f0c9fbb4f90
Event: 828.882 Thread 0x00007f0cb41d1690 flushing  nmethod 0x00007f0c9fbb5390
Event: 828.882 Thread 0x00007f0cb41d1690 flushing  nmethod 0x00007f0c9fbb6790
Event: 828.882 Thread 0x00007f0cb41d1690 flushing  nmethod 0x00007f0c9fbb6c90
Event: 828.882 Thread 0x00007f0cb41d1690 flushing  nmethod 0x00007f0c9fbb7110
Event: 828.882 Thread 0x00007f0cb41d1690 flushing  nmethod 0x00007f0c9fbb7590
Event: 828.882 Thread 0x00007f0cb41d1690 flushing  nmethod 0x00007f0c9fbb7b10
Event: 828.882 Thread 0x00007f0cb41d1690 flushing  nmethod 0x00007f0c9fbb9a10

Events (20 events):
Event: 815.202 Thread 0x00007f0b700b51d0 Thread added: 0x00007f0b941a8d80
Event: 815.412 Thread 0x00007f0c84022bb0 Thread exited: 0x00007f0c84022bb0
Event: 816.415 Thread 0x00007f0b941ad840 Thread added: 0x00007f0bac0151a0
Event: 816.415 Thread 0x00007f0bac0151a0 Thread added: 0x00007f0bc0016dc0
Event: 816.415 Thread 0x00007f0b941ad840 Thread added: 0x00007f0bac013760
Event: 816.415 Thread 0x00007f0bc0016dc0 Thread added: 0x00007f0bbc0563d0
Event: 816.415 Thread 0x00007f0bac013760 Thread added: 0x00007f0bc804e1d0
Event: 816.415 Thread 0x00007f0bbc0563d0 Thread added: 0x00007f0bc401b5c0
Event: 816.415 Thread 0x00007f0b941ad840 Thread added: 0x00007f0bac023dd0
Event: 816.415 Thread 0x00007f0bc804e1d0 Thread added: 0x00007f0bd17bee50
Event: 816.415 Thread 0x00007f0bc401b5c0 Thread added: 0x00007f0bcc15f440
Event: 816.415 Thread 0x00007f0bac023dd0 Thread added: 0x00007f0bd80449e0
Event: 816.416 Thread 0x00007f0bd17bee50 Thread added: 0x00007f0bd4000980
Event: 816.416 Thread 0x00007f0bcc15f440 Thread added: 0x00007f0be001a6a0
Event: 816.460 Thread 0x00007f0b941be630 Thread added: 0x00007f0bb0a36ce0
Event: 816.460 Thread 0x00007f0b941be630 Thread added: 0x00007f0bb0a37dd0
Event: 816.471 Thread 0x00007f0bb0a37dd0 Thread added: 0x00007f0bec0637f0
Event: 817.203 Thread 0x00007f0b941a8d80 Thread exited: 0x00007f0b941a8d80
Event: 819.426 Thread 0x00007f0b941be630 Thread added: 0x00007f0bb14a6ac0
Event: 819.436 Thread 0x00007f0b941be630 Thread added: 0x00007f0bb0f76d00


Dynamic libraries:
80000000-dfa00000 rw-p 00000000 00:00 0 
dfa00000-f7000000 ---p 00000000 00:00 0 
f7000000-ffe00000 rw-p 00000000 00:00 0 
ffe00000-fff08000 rw-p 00ced000 00:23 1911981                            /home/notch/.sdkman/candidates/java/21.0.4-tem/lib/server/classes.jsa
fff08000-100000000 rw-p 00000000 00:00 0 
55b51a0da000-55b51a0db000 r-xp 00000000 00:23 1911946                    /home/notch/.sdkman/candidates/java/21.0.4-tem/bin/java
55b51a0dc000-55b51a0dd000 r--p 00001000 00:23 1911946                    /home/notch/.sdkman/candidates/java/21.0.4-tem/bin/java
55b51a0dd000-55b51a0de000 rw-p 00002000 00:23 1911946                    /home/notch/.sdkman/candidates/java/21.0.4-tem/bin/java
55b52567f000-55b525742000 rw-p 00000000 00:00 0                          [heap]
7f0a9c000000-7f0a9e130000 rw-p 00000000 00:00 0 
7f0a9e130000-7f0aa0000000 ---p 00000000 00:00 0 
7f0aa0000000-7f0aa1302000 rw-p 00000000 00:00 0 
7f0aa1302000-7f0aa4000000 ---p 00000000 00:00 0 
7f0aa50ff000-7f0aa5103000 ---p 00000000 00:00 0 
7f0aa5103000-7f0aa5300000 rw-p 00000000 00:00 0 
7f0aa5300000-7f0aa5304000 ---p 00000000 00:00 0 
7f0aa5304000-7f0aa5400000 rw-p 00000000 00:00 0 
7f0aa5400000-7f0aa5404000 ---p 00000000 00:00 0 
7f0aa5404000-7f0aa5500000 rw-p 00000000 00:00 0 
7f0aa5500000-7f0aa5504000 ---p 00000000 00:00 0 
7f0aa5504000-7f0aa5600000 rw-p 00000000 00:00 0 
7f0aa5600000-7f0aa5604000 ---p 00000000 00:00 0 
7f0aa5604000-7f0aa5700000 rw-p 00000000 00:00 0 
7f0aa5700000-7f0aa5704000 ---p 00000000 00:00 0 
7f0aa5704000-7f0aa5800000 rw-p 00000000 00:00 0 
7f0aa5800000-7f0aa5804000 ---p 00000000 00:00 0 
7f0aa5804000-7f0aa5900000 rw-p 00000000 00:00 0 
7f0aa5900000-7f0aa5904000 ---p 00000000 00:00 0 
7f0aa5904000-7f0aa5a00000 rw-p 00000000 00:00 0 
7f0aa5a00000-7f0aa5a04000 ---p 00000000 00:00 0 
7f0aa5a04000-7f0aa5b00000 rw-p 00000000 00:00 0 
7f0aa5b00000-7f0aa5b04000 ---p 00000000 00:00 0 
7f0aa5b04000-7f0aa5c00000 rw-p 00000000 00:00 0 
7f0aa5c00000-7f0aa5c04000 ---p 00000000 00:00 0 
7f0aa5c04000-7f0aa5d00000 rw-p 00000000 00:00 0 
7f0aa5d00000-7f0aa5d04000 ---p 00000000 00:00 0 
7f0aa5d04000-7f0aa5e00000 rw-p 00000000 00:00 0 
7f0aa5e00000-7f0aa5e04000 ---p 00000000 00:00 0 
7f0aa5e04000-7f0aa5f00000 rw-p 00000000 00:00 0 
7f0aa5f00000-7f0aa5f04000 ---p 00000000 00:00 0 
7f0aa5f04000-7f0aa6000000 rw-p 00000000 00:00 0 
7f0aa6000000-7f0aa7100000 rw-p 00000000 00:00 0 
7f0aa7100000-7f0aa7140000 rw-p 00000000 00:00 0 
7f0aa7140000-7f0aa7200000 ---p 00000000 00:00 0 
7f0aa7200000-7f0aa8820000 rw-p 00000000 00:00 0 
7f0aa8820000-7f0aaa000000 rw-p 00000000 00:00 0 
7f0aaa0e7000-7f0aaa0eb000 ---p 00000000 00:00 0 
7f0aaa0eb000-7f0aaa1e7000 rw-p 00000000 00:00 0 
7f0aaa1e7000-7f0aaa1eb000 ---p 00000000 00:00 0 
7f0aaa1eb000-7f0aaa2e7000 rw-p 00000000 00:00 0 
7f0aaa2e7000-7f0aaa2eb000 ---p 00000000 00:00 0 
7f0aaa2eb000-7f0aaa3e7000 rw-p 00000000 00:00 0 
7f0aaa3e7000-7f0aab33b000 rw-p 00000000 00:00 0 
7f0aab33b000-7f0aab33f000 ---p 00000000 00:00 0 
7f0aab33f000-7f0aab43b000 rw-p 00000000 00:00 0 
7f0aab43b000-7f0aab43f000 ---p 00000000 00:00 0 
7f0aab43f000-7f0aab53b000 rw-p 00000000 00:00 0 
7f0aab53b000-7f0aab53f000 ---p 00000000 00:00 0 
7f0aab53f000-7f0aab63b000 rw-p 00000000 00:00 0 
7f0aab63b000-7f0aab63f000 ---p 00000000 00:00 0 
7f0aab63f000-7f0aab73b000 rw-p 00000000 00:00 0 
7f0aab73b000-7f0aab73f000 ---p 00000000 00:00 0 
7f0aab73f000-7f0aab83b000 rw-p 00000000 00:00 0 
7f0aab83b000-7f0aab83f000 ---p 00000000 00:00 0 
7f0aab83f000-7f0aab93b000 rw-p 00000000 00:00 0 
7f0aab93b000-7f0aab93f000 ---p 00000000 00:00 0 
7f0aab93f000-7f0aaba3b000 rw-p 00000000 00:00 0 
7f0aaba3b000-7f0aaf325000 rw-p 00000000 00:00 0 
7f0aaf400000-7f0aaf404000 ---p 00000000 00:00 0 
7f0aaf404000-7f0aaf500000 rw-p 00000000 00:00 0 
7f0aaf500000-7f0aaf504000 ---p 00000000 00:00 0 
7f0aaf504000-7f0aaf600000 rw-p 00000000 00:00 0 
7f0aaf600000-7f0aaf604000 ---p 00000000 00:00 0 
7f0aaf604000-7f0aaf700000 rw-p 00000000 00:00 0 
7f0aaf700000-7f0aaf704000 ---p 00000000 00:00 0 
7f0aaf704000-7f0aaf800000 rw-p 00000000 00:00 0 
7f0aaf800000-7f0aaf804000 ---p 00000000 00:00 0 
7f0aaf804000-7f0aaf900000 rw-p 00000000 00:00 0 
7f0aaf900000-7f0aaf904000 ---p 00000000 00:00 0 
7f0aaf904000-7f0aafa00000 rw-p 00000000 00:00 0 
7f0aafa00000-7f0aafa04000 ---p 00000000 00:00 0 
7f0aafa04000-7f0aafb00000 rw-p 00000000 00:00 0 
7f0aafb00000-7f0aafb04000 ---p 00000000 00:00 0 
7f0aafb04000-7f0aafc00000 rw-p 00000000 00:00 0 
7f0aafc00000-7f0aafc04000 ---p 00000000 00:00 0 
7f0aafc04000-7f0aafd00000 rw-p 00000000 00:00 0 
7f0aafd00000-7f0aafd04000 ---p 00000000 00:00 0 
7f0aafd04000-7f0aafe00000 rw-p 00000000 00:00 0 
7f0aafe00000-7f0aafe04000 ---p 00000000 00:00 0 
7f0aafe04000-7f0aaff00000 rw-p 00000000 00:00 0 
7f0aaff00000-7f0aaff04000 ---p 00000000 00:00 0 
7f0aaff04000-7f0ab0000000 rw-p 00000000 00:00 0 
7f0ab0000000-7f0ab0b00000 rw-p 00000000 00:00 0 
7f0ab0b00000-7f0ab0c00000 rw-p 00000000 00:00 0 
7f0ab0c00000-7f0ab1380000 rw-p 00000000 00:00 0 
7f0ab1380000-7f0ab1400000 rw-p 00000000 00:00 0 
7f0ab1400000-7f0ab15c0000 rw-p 00000000 00:00 0 
7f0ab15c0000-7f0ab1600000 rw-p 00000000 00:00 0 
7f0ab1600000-7f0ab2380000 rw-p 00000000 00:00 0 
7f0ab2380000-7f0ab2400000 rw-p 00000000 00:00 0 
7f0ab2400000-7f0ab2d00000 rw-p 00000000 00:00 0 
7f0ab2d00000-7f0ab4000000 rw-p 00000000 00:00 0 
7f0ab4000000-7f0ab4004000 ---p 00000000 00:00 0 
7f0ab4004000-7f0ab4100000 rw-p 00000000 00:00 0 
7f0ab4100000-7f0ab4104000 ---p 00000000 00:00 0 
7f0ab4104000-7f0ab4200000 rw-p 00000000 00:00 0 
7f0ab4200000-7f0ab4204000 ---p 00000000 00:00 0 
7f0ab4204000-7f0ab4300000 rw-p 00000000 00:00 0 
7f0ab4300000-7f0ab4304000 ---p 00000000 00:00 0 
7f0ab4304000-7f0ab4400000 rw-p 00000000 00:00 0 
7f0ab4400000-7f0ab4404000 ---p 00000000 00:00 0 
7f0ab4404000-7f0ab4500000 rw-p 00000000 00:00 0 
7f0ab4500000-7f0ab4504000 ---p 00000000 00:00 0 
7f0ab4504000-7f0ab4600000 rw-p 00000000 00:00 0 
7f0ab4600000-7f0abcd59000 r--s 00000000 00:23 1912005                    /home/notch/.sdkman/candidates/java/21.0.4-tem/lib/modules
7f0abce00000-7f0abce04000 ---p 00000000 00:00 0 
7f0abce04000-7f0abcf00000 rw-p 00000000 00:00 0 
7f0abcf00000-7f0abcf04000 ---p 00000000 00:00 0 
7f0abcf04000-7f0abd000000 rw-p 00000000 00:00 0 
7f0abd000000-7f0abd004000 ---p 00000000 00:00 0 
7f0abd004000-7f0abd100000 rw-p 00000000 00:00 0 
7f0abd100000-7f0abd104000 ---p 00000000 00:00 0 
7f0abd104000-7f0abd200000 rw-p 00000000 00:00 0 
7f0abd200000-7f0abd204000 ---p 00000000 00:00 0 
7f0abd204000-7f0abd300000 rw-p 00000000 00:00 0 
7f0abd300000-7f0abd304000 ---p 00000000 00:00 0 
7f0abd304000-7f0abd400000 rw-p 00000000 00:00 0 
7f0abd400000-7f0abd404000 ---p 00000000 00:00 0 
7f0abd404000-7f0abd500000 rw-p 00000000 00:00 0 
7f0abd500000-7f0abd504000 ---p 00000000 00:00 0 
7f0abd504000-7f0abd600000 rw-p 00000000 00:00 0 
7f0abd600000-7f0abd604000 ---p 00000000 00:00 0 
7f0abd604000-7f0abd700000 rw-p 00000000 00:00 0 
7f0abd700000-7f0abd704000 ---p 00000000 00:00 0 
7f0abd704000-7f0abd800000 rw-p 00000000 00:00 0 
7f0abd800000-7f0abd804000 ---p 00000000 00:00 0 
7f0abd804000-7f0abd900000 rw-p 00000000 00:00 0 
7f0abd900000-7f0abd904000 ---p 00000000 00:00 0 
7f0abd904000-7f0abda00000 rw-p 00000000 00:00 0 
7f0abda00000-7f0abda04000 ---p 00000000 00:00 0 
7f0abda04000-7f0abdb00000 rw-p 00000000 00:00 0 
7f0abdb00000-7f0abdb04000 ---p 00000000 00:00 0 
7f0abdb04000-7f0abdc00000 rw-p 00000000 00:00 0 
7f0abdc00000-7f0abdc04000 ---p 00000000 00:00 0 
7f0abdc04000-7f0abdd00000 rw-p 00000000 00:00 0 
7f0abdd00000-7f0abdd04000 ---p 00000000 00:00 0 
7f0abdd04000-7f0abde00000 rw-p 00000000 00:00 0 
7f0abde00000-7f0abde04000 ---p 00000000 00:00 0 
7f0abde04000-7f0abdf00000 rw-p 00000000 00:00 0 
7f0abdf00000-7f0abdf04000 ---p 00000000 00:00 0 
7f0abdf04000-7f0abe000000 rw-p 00000000 00:00 0 
7f0abe000000-7f0abe004000 ---p 00000000 00:00 0 
7f0abe004000-7f0abe100000 rw-p 00000000 00:00 0 
7f0abe100000-7f0abe104000 ---p 00000000 00:00 0 
7f0abe104000-7f0abe200000 rw-p 00000000 00:00 0 
7f0abe200000-7f0abe204000 ---p 00000000 00:00 0 
7f0abe204000-7f0abe300000 rw-p 00000000 00:00 0 
7f0abe300000-7f0abe304000 ---p 00000000 00:00 0 
7f0abe304000-7f0abe400000 rw-p 00000000 00:00 0 
7f0abe400000-7f0abe404000 ---p 00000000 00:00 0 
7f0abe404000-7f0abe500000 rw-p 00000000 00:00 0 
7f0abe500000-7f0abe504000 ---p 00000000 00:00 0 
7f0abe504000-7f0abe600000 rw-p 00000000 00:00 0 
7f0abe600000-7f0abe604000 ---p 00000000 00:00 0 
7f0abe604000-7f0abe700000 rw-p 00000000 00:00 0 
7f0abe700000-7f0abe704000 ---p 00000000 00:00 0 
7f0abe704000-7f0abe800000 rw-p 00000000 00:00 0 
7f0abe800000-7f0abe804000 ---p 00000000 00:00 0 
7f0abe804000-7f0abe900000 rw-p 00000000 00:00 0 
7f0abe900000-7f0abe904000 ---p 00000000 00:00 0 
7f0abe904000-7f0abea00000 rw-p 00000000 00:00 0 
7f0abea00000-7f0abea04000 ---p 00000000 00:00 0 
7f0abea04000-7f0abeb00000 rw-p 00000000 00:00 0 
7f0abeb00000-7f0abeb04000 ---p 00000000 00:00 0 
7f0abeb04000-7f0abec00000 rw-p 00000000 00:00 0 
7f0abec00000-7f0abec04000 ---p 00000000 00:00 0 
7f0abec04000-7f0abed00000 rw-p 00000000 00:00 0 
7f0abed00000-7f0abed04000 ---p 00000000 00:00 0 
7f0abed04000-7f0abee00000 rw-p 00000000 00:00 0 
7f0abee00000-7f0abee04000 ---p 00000000 00:00 0 
7f0abee04000-7f0abef00000 rw-p 00000000 00:00 0 
7f0abef00000-7f0abef04000 ---p 00000000 00:00 0 
7f0abef04000-7f0abf000000 rw-p 00000000 00:00 0 
7f0abf000000-7f0abf004000 ---p 00000000 00:00 0 
7f0abf004000-7f0abf100000 rw-p 00000000 00:00 0 
7f0abf100000-7f0abf104000 ---p 00000000 00:00 0 
7f0abf104000-7f0abf200000 rw-p 00000000 00:00 0 
7f0abf200000-7f0abf204000 ---p 00000000 00:00 0 
7f0abf204000-7f0abf300000 rw-p 00000000 00:00 0 
7f0abf300000-7f0abf304000 ---p 00000000 00:00 0 
7f0abf304000-7f0abf400000 rw-p 00000000 00:00 0 
7f0abf400000-7f0abf404000 ---p 00000000 00:00 0 
7f0abf404000-7f0abf500000 rw-p 00000000 00:00 0 
7f0abf500000-7f0abf504000 ---p 00000000 00:00 0 
7f0abf504000-7f0abf600000 rw-p 00000000 00:00 0 
7f0abf600000-7f0abf604000 ---p 00000000 00:00 0 
7f0abf604000-7f0abf700000 rw-p 00000000 00:00 0 
7f0abf700000-7f0abf704000 ---p 00000000 00:00 0 
7f0abf704000-7f0abf800000 rw-p 00000000 00:00 0 
7f0abf800000-7f0abf804000 ---p 00000000 00:00 0 
7f0abf804000-7f0abf900000 rw-p 00000000 00:00 0 
7f0abf900000-7f0abf904000 ---p 00000000 00:00 0 
7f0abf904000-7f0abfa00000 rw-p 00000000 00:00 0 
7f0abfa00000-7f0abfa04000 ---p 00000000 00:00 0 
7f0abfa04000-7f0abfb00000 rw-p 00000000 00:00 0 
7f0abfb00000-7f0abfb04000 ---p 00000000 00:00 0 
7f0abfb04000-7f0abfc00000 rw-p 00000000 00:00 0 
7f0abfc00000-7f0abfc04000 ---p 00000000 00:00 0 
7f0abfc04000-7f0abfd00000 rw-p 00000000 00:00 0 
7f0abfd00000-7f0abfd04000 ---p 00000000 00:00 0 
7f0abfd04000-7f0abfe00000 rw-p 00000000 00:00 0 
7f0abfe00000-7f0abfe04000 ---p 00000000 00:00 0 
7f0abfe04000-7f0abff00000 rw-p 00000000 00:00 0 
7f0abff00000-7f0abff04000 ---p 00000000 00:00 0 
7f0abff04000-7f0ac0000000 rw-p 00000000 00:00 0 
7f0ac0000000-7f0ac1300000 rw-p 00000000 00:00 0 
7f0ac1300000-7f0ac1400000 rw-p 00000000 00:00 0 
7f0ac1400000-7f0ac1500000 rw-p 00000000 00:00 0 
7f0ac1500000-7f0ac1600000 rw-p 00000000 00:00 0 
7f0ac1600000-7f0ac23e0000 rw-p 00000000 00:00 0 
7f0ac23e0000-7f0ac2500000 rw-p 00000000 00:00 0 
7f0ac2500000-7f0ac2800000 rw-p 00000000 00:00 0 
7f0ac2800000-7f0ac3300000 rw-p 00000000 00:00 0 
7f0ac3300000-7f0ac3400000 rw-p 00000000 00:00 0 
7f0ac3400000-7f0ac4000000 rw-p 00000000 00:00 0 
7f0ac4000000-7f0ac402c000 rw-p 00000000 00:00 0 
7f0ac402c000-7f0ac8004000 ---p 00000000 00:00 0 
7f0ac8004000-7f0ac8100000 rw-p 00000000 00:00 0 
7f0ac8100000-7f0ac8104000 ---p 00000000 00:00 0 
7f0ac8104000-7f0ac8200000 rw-p 00000000 00:00 0 
7f0ac8200000-7f0ac8204000 ---p 00000000 00:00 0 
7f0ac8204000-7f0ac8300000 rw-p 00000000 00:00 0 
7f0ac8300000-7f0ac8304000 ---p 00000000 00:00 0 
7f0ac8304000-7f0ac8400000 rw-p 00000000 00:00 0 
7f0ac8400000-7f0ac8404000 ---p 00000000 00:00 0 
7f0ac8404000-7f0ac8500000 rw-p 00000000 00:00 0 
7f0ac8500000-7f0ac8504000 ---p 00000000 00:00 0 
7f0ac8504000-7f0ac8600000 rw-p 00000000 00:00 0 
7f0ac8600000-7f0ac8604000 ---p 00000000 00:00 0 
7f0ac8604000-7f0ac8700000 rw-p 00000000 00:00 0 
7f0ac8700000-7f0ac8704000 ---p 00000000 00:00 0 
7f0ac8704000-7f0ac8800000 rw-p 00000000 00:00 0 
7f0ac8800000-7f0ac8804000 ---p 00000000 00:00 0 
7f0ac8804000-7f0ac8900000 rw-p 00000000 00:00 0 
7f0ac8900000-7f0ac8904000 ---p 00000000 00:00 0 
7f0ac8904000-7f0ac8a00000 rw-p 00000000 00:00 0 
7f0ac8a00000-7f0ac8a04000 ---p 00000000 00:00 0 
7f0ac8a04000-7f0ac8b00000 rw-p 00000000 00:00 0 
7f0ac8b00000-7f0ac8b04000 ---p 00000000 00:00 0 
7f0ac8b04000-7f0ac8c00000 rw-p 00000000 00:00 0 
7f0ac8c00000-7f0ac8c04000 ---p 00000000 00:00 0 
7f0ac8c04000-7f0ac8d00000 rw-p 00000000 00:00 0 
7f0ac8d00000-7f0ac8d04000 ---p 00000000 00:00 0 
7f0ac8d04000-7f0ac8e00000 rw-p 00000000 00:00 0 
7f0ac8e00000-7f0ac8e04000 ---p 00000000 00:00 0 
7f0ac8e04000-7f0ac8f00000 rw-p 00000000 00:00 0 
7f0ac8f00000-7f0ac8f04000 ---p 00000000 00:00 0 
7f0ac8f04000-7f0ac9000000 rw-p 00000000 00:00 0 
7f0ac9000000-7f0ac9004000 ---p 00000000 00:00 0 
7f0ac9004000-7f0ac9100000 rw-p 00000000 00:00 0 
7f0ac9100000-7f0ac9104000 ---p 00000000 00:00 0 
7f0ac9104000-7f0ac9200000 rw-p 00000000 00:00 0 
7f0ac9200000-7f0ac9204000 ---p 00000000 00:00 0 
7f0ac9204000-7f0ac9300000 rw-p 00000000 00:00 0 
7f0ac9300000-7f0ac9304000 ---p 00000000 00:00 0 
7f0ac9304000-7f0ac9400000 rw-p 00000000 00:00 0 
7f0ac9400000-7f0ac9404000 ---p 00000000 00:00 0 
7f0ac9404000-7f0ac9500000 rw-p 00000000 00:00 0 
7f0ac9500000-7f0ac9504000 ---p 00000000 00:00 0 
7f0ac9504000-7f0ac9600000 rw-p 00000000 00:00 0 
7f0ac9600000-7f0ac9604000 ---p 00000000 00:00 0 
7f0ac9604000-7f0ac9700000 rw-p 00000000 00:00 0 
7f0ac9700000-7f0ac9704000 ---p 00000000 00:00 0 
7f0ac9704000-7f0ac9800000 rw-p 00000000 00:00 0 
7f0ac9800000-7f0ac9804000 ---p 00000000 00:00 0 
7f0ac9804000-7f0ac9900000 rw-p 00000000 00:00 0 
7f0ac9900000-7f0ac9904000 ---p 00000000 00:00 0 
7f0ac9904000-7f0ac9a00000 rw-p 00000000 00:00 0 
7f0ac9a00000-7f0ac9a04000 ---p 00000000 00:00 0 
7f0ac9a04000-7f0ac9b00000 rw-p 00000000 00:00 0 
7f0ac9b00000-7f0ac9b04000 ---p 00000000 00:00 0 
7f0ac9b04000-7f0ac9c00000 rw-p 00000000 00:00 0 
7f0ac9c00000-7f0ac9c04000 ---p 00000000 00:00 0 
7f0ac9c04000-7f0ac9d00000 rw-p 00000000 00:00 0 
7f0ac9d00000-7f0ac9d04000 ---p 00000000 00:00 0 
7f0ac9d04000-7f0ac9e00000 rw-p 00000000 00:00 0 
7f0ac9e00000-7f0ac9e04000 ---p 00000000 00:00 0 
7f0ac9e04000-7f0ac9f00000 rw-p 00000000 00:00 0 
7f0ac9f00000-7f0ac9f04000 ---p 00000000 00:00 0 
7f0ac9f04000-7f0aca000000 rw-p 00000000 00:00 0 
7f0aca000000-7f0aca004000 ---p 00000000 00:00 0 
7f0aca004000-7f0aca100000 rw-p 00000000 00:00 0 
7f0aca100000-7f0aca104000 ---p 00000000 00:00 0 
7f0aca104000-7f0aca200000 rw-p 00000000 00:00 0 
7f0aca200000-7f0aca204000 ---p 00000000 00:00 0 
7f0aca204000-7f0aca300000 rw-p 00000000 00:00 0 
7f0aca300000-7f0aca304000 ---p 00000000 00:00 0 
7f0aca304000-7f0aca400000 rw-p 00000000 00:00 0 
7f0aca400000-7f0aca404000 ---p 00000000 00:00 0 
7f0aca404000-7f0aca500000 rw-p 00000000 00:00 0 
7f0aca500000-7f0aca504000 ---p 00000000 00:00 0 
7f0aca504000-7f0aca600000 rw-p 00000000 00:00 0 
7f0aca600000-7f0aca604000 ---p 00000000 00:00 0 
7f0aca604000-7f0aca700000 rw-p 00000000 00:00 0 
7f0aca700000-7f0aca704000 ---p 00000000 00:00 0 
7f0aca704000-7f0aca800000 rw-p 00000000 00:00 0 
7f0aca800000-7f0aca804000 ---p 00000000 00:00 0 
7f0aca804000-7f0aca900000 rw-p 00000000 00:00 0 
7f0aca900000-7f0aca904000 ---p 00000000 00:00 0 
7f0aca904000-7f0acaa00000 rw-p 00000000 00:00 0 
7f0acaa00000-7f0acaa04000 ---p 00000000 00:00 0 
7f0acaa04000-7f0acab00000 rw-p 00000000 00:00 0 
7f0acab00000-7f0acab04000 ---p 00000000 00:00 0 
7f0acab04000-7f0acac00000 rw-p 00000000 00:00 0 
7f0acac00000-7f0acac04000 ---p 00000000 00:00 0 
7f0acac04000-7f0acad00000 rw-p 00000000 00:00 0 
7f0acad00000-7f0acad04000 ---p 00000000 00:00 0 
7f0acad04000-7f0acae00000 rw-p 00000000 00:00 0 
7f0acae00000-7f0acae04000 ---p 00000000 00:00 0 
7f0acae04000-7f0acaf00000 rw-p 00000000 00:00 0 
7f0acaf00000-7f0acaf04000 ---p 00000000 00:00 0 
7f0acaf04000-7f0acb000000 rw-p 00000000 00:00 0 
7f0acb000000-7f0acb004000 ---p 00000000 00:00 0 
7f0acb004000-7f0acb100000 rw-p 00000000 00:00 0 
7f0acb100000-7f0acb104000 ---p 00000000 00:00 0 
7f0acb104000-7f0acb200000 rw-p 00000000 00:00 0 
7f0acb200000-7f0acb204000 ---p 00000000 00:00 0 
7f0acb204000-7f0acb300000 rw-p 00000000 00:00 0 
7f0acb300000-7f0acb304000 ---p 00000000 00:00 0 
7f0acb304000-7f0acb400000 rw-p 00000000 00:00 0 
7f0acb400000-7f0acb404000 ---p 00000000 00:00 0 
7f0acb404000-7f0acb500000 rw-p 00000000 00:00 0 
7f0acb500000-7f0acb504000 ---p 00000000 00:00 0 
7f0acb504000-7f0acb600000 rw-p 00000000 00:00 0 
7f0acb600000-7f0acb604000 ---p 00000000 00:00 0 
7f0acb604000-7f0acb700000 rw-p 00000000 00:00 0 
7f0acb700000-7f0acb704000 ---p 00000000 00:00 0 
7f0acb704000-7f0acb800000 rw-p 00000000 00:00 0 
7f0acb800000-7f0acb804000 ---p 00000000 00:00 0 
7f0acb804000-7f0acb900000 rw-p 00000000 00:00 0 
7f0acb900000-7f0acb904000 ---p 00000000 00:00 0 
7f0acb904000-7f0acba00000 rw-p 00000000 00:00 0 
7f0acba00000-7f0acba04000 ---p 00000000 00:00 0 
7f0acba04000-7f0acbb00000 rw-p 00000000 00:00 0 
7f0acbb00000-7f0acbb04000 ---p 00000000 00:00 0 
7f0acbb04000-7f0acbc00000 rw-p 00000000 00:00 0 
7f0acbc00000-7f0acbc04000 ---p 00000000 00:00 0 
7f0acbc04000-7f0acbd00000 rw-p 00000000 00:00 0 
7f0acbd00000-7f0acbd04000 ---p 00000000 00:00 0 
7f0acbd04000-7f0acbe00000 rw-p 00000000 00:00 0 
7f0acbe00000-7f0acbe04000 ---p 00000000 00:00 0 
7f0acbe04000-7f0acbf00000 rw-p 00000000 00:00 0 
7f0acbf00000-7f0acbf04000 ---p 00000000 00:00 0 
7f0acbf04000-7f0acc000000 rw-p 00000000 00:00 0 
7f0acc000000-7f0acc9e3000 rw-p 00000000 00:00 0 
7f0acc9e3000-7f0ad0000000 ---p 00000000 00:00 0 
7f0ad0000000-7f0ad002e000 rw-p 00000000 00:00 0 
7f0ad002e000-7f0ad4000000 ---p 00000000 00:00 0 
7f0ad4000000-7f0ad4159000 rw-p 00000000 00:00 0 
7f0ad4159000-7f0ad8000000 ---p 00000000 00:00 0 
7f0ad8000000-7f0ad806e000 rw-p 00000000 00:00 0 
7f0ad806e000-7f0adc000000 ---p 00000000 00:00 0 
7f0adc000000-7f0adc02e000 rw-p 00000000 00:00 0 
7f0adc02e000-7f0ae0000000 ---p 00000000 00:00 0 
7f0ae0000000-7f0ae00f6000 rw-p 00000000 00:00 0 
7f0ae00f6000-7f0ae4000000 ---p 00000000 00:00 0 
7f0ae4000000-7f0ae5bc3000 rw-p 00000000 00:00 0 
7f0ae5bc3000-7f0ae8000000 ---p 00000000 00:00 0 
7f0ae8000000-7f0ae81ab000 rw-p 00000000 00:00 0 
7f0ae81ab000-7f0aec000000 ---p 00000000 00:00 0 
7f0aec000000-7f0aec17f000 rw-p 00000000 00:00 0 
7f0aec17f000-7f0af0000000 ---p 00000000 00:00 0 
7f0af0000000-7f0af0034000 rw-p 00000000 00:00 0 
7f0af0034000-7f0af4000000 ---p 00000000 00:00 0 
7f0af4000000-7f0af40b0000 rw-p 00000000 00:00 0 
7f0af40b0000-7f0af8000000 ---p 00000000 00:00 0 
7f0af8000000-7f0af804c000 rw-p 00000000 00:00 0 
7f0af804c000-7f0afc000000 ---p 00000000 00:00 0 
7f0afc000000-7f0afd2cf000 rw-p 00000000 00:00 0 
7f0afd2cf000-7f0b00000000 ---p 00000000 00:00 0 
7f0b00000000-7f0b018b7000 rw-p 00000000 00:00 0 
7f0b018b7000-7f0b04000000 ---p 00000000 00:00 0 
7f0b04000000-7f0b059c7000 rw-p 00000000 00:00 0 
7f0b059c7000-7f0b08000000 ---p 00000000 00:00 0 
7f0b08000000-7f0b0804d000 rw-p 00000000 00:00 0 
7f0b0804d000-7f0b0c000000 ---p 00000000 00:00 0 
7f0b0c000000-7f0b0c047000 rw-p 00000000 00:00 0 
7f0b0c047000-7f0b10000000 ---p 00000000 00:00 0 
7f0b10000000-7f0b100ae000 rw-p 00000000 00:00 0 
7f0b100ae000-7f0b14000000 ---p 00000000 00:00 0 
7f0b14000000-7f0b14dbf000 rw-p 00000000 00:00 0 
7f0b14dbf000-7f0b18000000 ---p 00000000 00:00 0 
7f0b18000000-7f0b1832d000 rw-p 00000000 00:00 0 
7f0b1832d000-7f0b1c000000 ---p 00000000 00:00 0 
7f0b1c000000-7f0b1dd60000 rw-p 00000000 00:00 0 
7f0b1dd60000-7f0b20000000 ---p 00000000 00:00 0 
7f0b20000000-7f0b20050000 rw-p 00000000 00:00 0 
7f0b20050000-7f0b24000000 ---p 00000000 00:00 0 
7f0b24000000-7f0b25e69000 rw-p 00000000 00:00 0 
7f0b25e69000-7f0b28000000 ---p 00000000 00:00 0 
7f0b28000000-7f0b29e1e000 rw-p 00000000 00:00 0 
7f0b29e1e000-7f0b2c000000 ---p 00000000 00:00 0 
7f0b2c000000-7f0b2ce12000 rw-p 00000000 00:00 0 
7f0b2ce12000-7f0b30000000 ---p 00000000 00:00 0 
7f0b30000000-7f0b30d54000 rw-p 00000000 00:00 0 
7f0b30d54000-7f0b34000000 ---p 00000000 00:00 0 
7f0b34000000-7f0b343ea000 rw-p 00000000 00:00 0 
7f0b343ea000-7f0b38000000 ---p 00000000 00:00 0 
7f0b38000000-7f0b380da000 rw-p 00000000 00:00 0 
7f0b380da000-7f0b3c000000 ---p 00000000 00:00 0 
7f0b3c000000-7f0b3c0d6000 rw-p 00000000 00:00 0 
7f0b3c0d6000-7f0b40000000 ---p 00000000 00:00 0 
7f0b40000000-7f0b41846000 rw-p 00000000 00:00 0 
7f0b41846000-7f0b44000000 ---p 00000000 00:00 0 
7f0b44000000-7f0b4413e000 rw-p 00000000 00:00 0 
7f0b4413e000-7f0b48000000 ---p 00000000 00:00 0 
7f0b48000000-7f0b496a2000 rw-p 00000000 00:00 0 
7f0b496a2000-7f0b4c000000 ---p 00000000 00:00 0 
7f0b4c000000-7f0b4c026000 rw-p 00000000 00:00 0 
7f0b4c026000-7f0b50000000 ---p 00000000 00:00 0 
7f0b50000000-7f0b50146000 rw-p 00000000 00:00 0 
7f0b50146000-7f0b54000000 ---p 00000000 00:00 0 
7f0b54000000-7f0b54026000 rw-p 00000000 00:00 0 
7f0b54026000-7f0b58000000 ---p 00000000 00:00 0 
7f0b58000000-7f0b58068000 rw-p 00000000 00:00 0 
7f0b58068000-7f0b5c000000 ---p 00000000 00:00 0 
7f0b5c000000-7f0b5c089000 rw-p 00000000 00:00 0 
7f0b5c089000-7f0b60000000 ---p 00000000 00:00 0 
7f0b60000000-7f0b6002d000 rw-p 00000000 00:00 0 
7f0b6002d000-7f0b64000000 ---p 00000000 00:00 0 
7f0b64000000-7f0b64021000 rw-p 00000000 00:00 0 
7f0b64021000-7f0b68000000 ---p 00000000 00:00 0 
7f0b68000000-7f0b68314000 rw-p 00000000 00:00 0 
7f0b68314000-7f0b6c000000 ---p 00000000 00:00 0 
7f0b6c000000-7f0b6c07d000 rw-p 00000000 00:00 0 
7f0b6c07d000-7f0b70000000 ---p 00000000 00:00 0 
7f0b70000000-7f0b701af000 rw-p 00000000 00:00 0 
7f0b701af000-7f0b74000000 ---p 00000000 00:00 0 
7f0b74000000-7f0b74036000 rw-p 00000000 00:00 0 
7f0b74036000-7f0b78000000 ---p 00000000 00:00 0 
7f0b78000000-7f0b7805f000 rw-p 00000000 00:00 0 
7f0b7805f000-7f0b7c000000 ---p 00000000 00:00 0 
7f0b7c000000-7f0b7c061000 rw-p 00000000 00:00 0 
7f0b7c061000-7f0b80000000 ---p 00000000 00:00 0 
7f0b80000000-7f0b80210000 rw-p 00000000 00:00 0 
7f0b80210000-7f0b84000000 ---p 00000000 00:00 0 
7f0b84000000-7f0b84027000 rw-p 00000000 00:00 0 
7f0b84027000-7f0b88000000 ---p 00000000 00:00 0 
7f0b88000000-7f0b880aa000 rw-p 00000000 00:00 0 
7f0b880aa000-7f0b8c000000 ---p 00000000 00:00 0 
7f0b8c000000-7f0b8e162000 rw-p 00000000 00:00 0 
7f0b8e162000-7f0b90000000 ---p 00000000 00:00 0 
7f0b90000000-7f0b900a3000 rw-p 00000000 00:00 0 
7f0b900a3000-7f0b94000000 ---p 00000000 00:00 0 
7f0b94000000-7f0b94474000 rw-p 00000000 00:00 0 
7f0b94474000-7f0b98000000 ---p 00000000 00:00 0 
7f0b98000000-7f0b98086000 rw-p 00000000 00:00 0 
7f0b98086000-7f0b9c000000 ---p 00000000 00:00 0 
7f0b9c000000-7f0b9c0c6000 rw-p 00000000 00:00 0 
7f0b9c0c6000-7f0ba0000000 ---p 00000000 00:00 0 
7f0ba0000000-7f0ba03ab000 rw-p 00000000 00:00 0 
7f0ba03ab000-7f0ba4000000 ---p 00000000 00:00 0 
7f0ba4000000-7f0ba436f000 rw-p 00000000 00:00 0 
7f0ba436f000-7f0ba8000000 ---p 00000000 00:00 0 
7f0ba8000000-7f0ba821a000 rw-p 00000000 00:00 0 
7f0ba821a000-7f0bac000000 ---p 00000000 00:00 0 
7f0bac000000-7f0bacda7000 rw-p 00000000 00:00 0 
7f0bacda7000-7f0bb0000000 ---p 00000000 00:00 0 
7f0bb0000000-7f0bb262a000 rw-p 00000000 00:00 0 
7f0bb262a000-7f0bb4000000 ---p 00000000 00:00 0 
7f0bb4000000-7f0bb4944000 rw-p 00000000 00:00 0 
7f0bb4944000-7f0bb8000000 ---p 00000000 00:00 0 
7f0bb8000000-7f0bb822b000 rw-p 00000000 00:00 0 
7f0bb822b000-7f0bbc000000 ---p 00000000 00:00 0 
7f0bbc000000-7f0bbc419000 rw-p 00000000 00:00 0 
7f0bbc419000-7f0bc0000000 ---p 00000000 00:00 0 
7f0bc0000000-7f0bc0ab2000 rw-p 00000000 00:00 0 
7f0bc0ab2000-7f0bc4000000 ---p 00000000 00:00 0 
7f0bc4000000-7f0bc44d0000 rw-p 00000000 00:00 0 
7f0bc44d0000-7f0bc8000000 ---p 00000000 00:00 0 
7f0bc8000000-7f0bc8e0e000 rw-p 00000000 00:00 0 
7f0bc8e0e000-7f0bcc000000 ---p 00000000 00:00 0 
7f0bcc000000-7f0bcc19f000 rw-p 00000000 00:00 0 
7f0bcc19f000-7f0bd0000000 ---p 00000000 00:00 0 
7f0bd0000000-7f0bd3aee000 rw-p 00000000 00:00 0 
7f0bd3aee000-7f0bd4000000 ---p 00000000 00:00 0 
7f0bd4000000-7f0bd4227000 rw-p 00000000 00:00 0 
7f0bd4227000-7f0bd8000000 ---p 00000000 00:00 0 
7f0bd8000000-7f0bd81bc000 rw-p 00000000 00:00 0 
7f0bd81bc000-7f0bdc000000 ---p 00000000 00:00 0 
7f0bdc000000-7f0bde267000 rw-p 00000000 00:00 0 
7f0bde267000-7f0be0000000 ---p 00000000 00:00 0 
7f0be0000000-7f0be0c52000 rw-p 00000000 00:00 0 
7f0be0c52000-7f0be4000000 ---p 00000000 00:00 0 
7f0be4000000-7f0be40a0000 rw-p 00000000 00:00 0 
7f0be40a0000-7f0be8000000 ---p 00000000 00:00 0 
7f0be8000000-7f0be808e000 rw-p 00000000 00:00 0 
7f0be808e000-7f0bec000000 ---p 00000000 00:00 0 
7f0bec000000-7f0bec0d5000 rw-p 00000000 00:00 0 
7f0bec0d5000-7f0bf0000000 ---p 00000000 00:00 0 
7f0bf0000000-7f0bf0a96000 rw-p 00000000 00:00 0 
7f0bf0a96000-7f0bf4000000 ---p 00000000 00:00 0 
7f0bf4000000-7f0bf57c3000 rw-p 00000000 00:00 0 
7f0bf57c3000-7f0bf8000000 ---p 00000000 00:00 0 
7f0bf8000000-7f0bf815a000 rw-p 00000000 00:00 0 
7f0bf815a000-7f0bfc000000 ---p 00000000 00:00 0 
7f0bfc000000-7f0bfc100000 rw-p 00000000 00:00 0 
7f0bfc100000-7f0c00000000 ---p 00000000 00:00 0 
7f0c00000000-7f0c017a6000 rw-p 00000000 00:00 0 
7f0c017a6000-7f0c04000000 ---p 00000000 00:00 0 
7f0c04000000-7f0c0603c000 rw-p 00000000 00:00 0 
7f0c0603c000-7f0c08000000 ---p 00000000 00:00 0 
7f0c08000000-7f0c08051000 rw-p 00000000 00:00 0 
7f0c08051000-7f0c0c000000 ---p 00000000 00:00 0 
7f0c0c000000-7f0c0c1ec000 rw-p 00000000 00:00 0 
7f0c0c1ec000-7f0c10000000 ---p 00000000 00:00 0 
7f0c10000000-7f0c13ffc000 rw-p 00000000 00:00 0 
7f0c13ffc000-7f0c14000000 ---p 00000000 00:00 0 
7f0c14000000-7f0c14025000 rw-p 00000000 00:00 0 
7f0c14025000-7f0c18000000 ---p 00000000 00:00 0 
7f0c18000000-7f0c180d8000 rw-p 00000000 00:00 0 
7f0c180d8000-7f0c1c000000 ---p 00000000 00:00 0 
7f0c1c000000-7f0c1c026000 rw-p 00000000 00:00 0 
7f0c1c026000-7f0c20004000 ---p 00000000 00:00 0 
7f0c20004000-7f0c20100000 rw-p 00000000 00:00 0 
7f0c20100000-7f0c20104000 ---p 00000000 00:00 0 
7f0c20104000-7f0c20200000 rw-p 00000000 00:00 0 
7f0c20200000-7f0c20204000 ---p 00000000 00:00 0 
7f0c20204000-7f0c20300000 rw-p 00000000 00:00 0 
7f0c20300000-7f0c20304000 ---p 00000000 00:00 0 
7f0c20304000-7f0c20400000 rw-p 00000000 00:00 0 
7f0c20400000-7f0c20404000 ---p 00000000 00:00 0 
7f0c20404000-7f0c20500000 rw-p 00000000 00:00 0 
7f0c20500000-7f0c20504000 ---p 00000000 00:00 0 
7f0c20504000-7f0c20600000 rw-p 00000000 00:00 0 
7f0c20600000-7f0c20604000 ---p 00000000 00:00 0 
7f0c20604000-7f0c20700000 rw-p 00000000 00:00 0 
7f0c20700000-7f0c20704000 ---p 00000000 00:00 0 
7f0c20704000-7f0c20800000 rw-p 00000000 00:00 0 
7f0c20800000-7f0c20804000 ---p 00000000 00:00 0 
7f0c20804000-7f0c20900000 rw-p 00000000 00:00 0 
7f0c20900000-7f0c20904000 ---p 00000000 00:00 0 
7f0c20904000-7f0c20a00000 rw-p 00000000 00:00 0 
7f0c20a00000-7f0c20a04000 ---p 00000000 00:00 0 
7f0c20a04000-7f0c20b00000 rw-p 00000000 00:00 0 
7f0c20b00000-7f0c20b04000 ---p 00000000 00:00 0 
7f0c20b04000-7f0c20c00000 rw-p 00000000 00:00 0 
7f0c20c00000-7f0c20c04000 ---p 00000000 00:00 0 
7f0c20c04000-7f0c20d00000 rw-p 00000000 00:00 0 
7f0c20d00000-7f0c20d04000 ---p 00000000 00:00 0 
7f0c20d04000-7f0c20e00000 rw-p 00000000 00:00 0 
7f0c20e00000-7f0c20e04000 ---p 00000000 00:00 0 
7f0c20e04000-7f0c20f00000 rw-p 00000000 00:00 0 
7f0c20f00000-7f0c20f04000 ---p 00000000 00:00 0 
7f0c20f04000-7f0c21000000 rw-p 00000000 00:00 0 
7f0c21000000-7f0c21004000 ---p 00000000 00:00 0 
7f0c21004000-7f0c21100000 rw-p 00000000 00:00 0 
7f0c21100000-7f0c21104000 ---p 00000000 00:00 0 
7f0c21104000-7f0c21200000 rw-p 00000000 00:00 0 
7f0c21200000-7f0c21204000 ---p 00000000 00:00 0 
7f0c21204000-7f0c21300000 rw-p 00000000 00:00 0 
7f0c21300000-7f0c21304000 ---p 00000000 00:00 0 
7f0c21304000-7f0c21400000 rw-p 00000000 00:00 0 
7f0c21400000-7f0c21404000 ---p 00000000 00:00 0 
7f0c21404000-7f0c21500000 rw-p 00000000 00:00 0 
7f0c21500000-7f0c21504000 ---p 00000000 00:00 0 
7f0c21504000-7f0c21600000 rw-p 00000000 00:00 0 
7f0c21600000-7f0c21604000 ---p 00000000 00:00 0 
7f0c21604000-7f0c21700000 rw-p 00000000 00:00 0 
7f0c21700000-7f0c21704000 ---p 00000000 00:00 0 
7f0c21704000-7f0c21800000 rw-p 00000000 00:00 0 
7f0c21800000-7f0c21804000 ---p 00000000 00:00 0 
7f0c21804000-7f0c21900000 rw-p 00000000 00:00 0 
7f0c21900000-7f0c21904000 ---p 00000000 00:00 0 
7f0c21904000-7f0c21a00000 rw-p 00000000 00:00 0 
7f0c21a00000-7f0c21a04000 ---p 00000000 00:00 0 
7f0c21a04000-7f0c21b00000 rw-p 00000000 00:00 0 
7f0c21b00000-7f0c21b04000 ---p 00000000 00:00 0 
7f0c21b04000-7f0c21c00000 rw-p 00000000 00:00 0 
7f0c21c00000-7f0c21c04000 ---p 00000000 00:00 0 
7f0c21c04000-7f0c21d00000 rw-p 00000000 00:00 0 
7f0c21d00000-7f0c21d04000 ---p 00000000 00:00 0 
7f0c21d04000-7f0c21e00000 rw-p 00000000 00:00 0 
7f0c21e00000-7f0c21e04000 ---p 00000000 00:00 0 
7f0c21e04000-7f0c21f00000 rw-p 00000000 00:00 0 
7f0c21f00000-7f0c21f04000 ---p 00000000 00:00 0 
7f0c21f04000-7f0c22000000 rw-p 00000000 00:00 0 
7f0c22000000-7f0c2fe92000 r--p 00000000 00:23 234580                     /usr/lib/locale/locale-archive
7f0c2ff00000-7f0c2ff04000 ---p 00000000 00:00 0 
7f0c2ff04000-7f0c30000000 rw-p 00000000 00:00 0 
7f0c30000000-7f0c304b6000 rw-p 00000000 00:00 0 
7f0c304b6000-7f0c34000000 ---p 00000000 00:00 0 
7f0c34000000-7f0c3402b000 rw-p 00000000 00:00 0 
7f0c3402b000-7f0c38000000 ---p 00000000 00:00 0 
7f0c38000000-7f0c38400000 rw-p 00000000 00:00 0 
7f0c38400000-7f0c38800000 rw-p 00000000 00:00 0 
7f0c38800000-7f0c38900000 rw-p 00000000 00:00 0 
7f0c38900000-7f0c38a00000 rw-p 00000000 00:00 0 
7f0c38a00000-7f0c38d80000 rw-p 00000000 00:00 0 
7f0c38d80000-7f0c38e00000 rw-p 00000000 00:00 0 
7f0c38e00000-7f0c39700000 rw-p 00000000 00:00 0 
7f0c39700000-7f0c39800000 rw-p 00000000 00:00 0 
7f0c39800000-7f0c3a100000 rw-p 00000000 00:00 0 
7f0c3a100000-7f0c3a200000 rw-p 00000000 00:00 0 
7f0c3a200000-7f0c3b400000 rw-p 00000000 00:00 0 
7f0c3b400000-7f0c3bd00000 rw-p 00000000 00:00 0 
7f0c3bd00000-7f0c3be00000 rw-p 00000000 00:00 0 
7f0c3be00000-7f0c3c000000 rw-p 00000000 00:00 0 
7f0c3c000000-7f0c3c021000 rw-p 00000000 00:00 0 
7f0c3c021000-7f0c40000000 ---p 00000000 00:00 0 
7f0c400d7000-7f0c400db000 ---p 00000000 00:00 0 
7f0c400db000-7f0c400f9000 rw-p 00000000 00:00 0 
7f0c400f9000-7f0c400fd000 ---p 00000000 00:00 0 
7f0c400fd000-7f0c401f9000 rw-p 00000000 00:00 0 
7f0c401f9000-7f0c401fd000 ---p 00000000 00:00 0 
7f0c401fd000-7f0c402f9000 rw-p 00000000 00:00 0 
7f0c402f9000-7f0c402fd000 ---p 00000000 00:00 0 
7f0c402fd000-7f0c403f9000 rw-p 00000000 00:00 0 
7f0c403f9000-7f0c403fd000 ---p 00000000 00:00 0 
7f0c403fd000-7f0c404f9000 rw-p 00000000 00:00 0 
7f0c404f9000-7f0c404fd000 ---p 00000000 00:00 0 
7f0c404fd000-7f0c405f9000 rw-p 00000000 00:00 0 
7f0c405f9000-7f0c405fd000 ---p 00000000 00:00 0 
7f0c405fd000-7f0c406f9000 rw-p 00000000 00:00 0 
7f0c406f9000-7f0c406fd000 ---p 00000000 00:00 0 
7f0c406fd000-7f0c407f9000 rw-p 00000000 00:00 0 
7f0c407f9000-7f0c407fd000 ---p 00000000 00:00 0 
7f0c407fd000-7f0c408f9000 rw-p 00000000 00:00 0 
7f0c408f9000-7f0c408fd000 ---p 00000000 00:00 0 
7f0c408fd000-7f0c409f9000 rw-p 00000000 00:00 0 
7f0c409f9000-7f0c409fd000 ---p 00000000 00:00 0 
7f0c409fd000-7f0c40af9000 rw-p 00000000 00:00 0 
7f0c40af9000-7f0c40afd000 ---p 00000000 00:00 0 
7f0c40afd000-7f0c40bf9000 rw-p 00000000 00:00 0 
7f0c40bf9000-7f0c40bfd000 ---p 00000000 00:00 0 
7f0c40bfd000-7f0c40cf9000 rw-p 00000000 00:00 0 
7f0c40cf9000-7f0c40cfd000 ---p 00000000 00:00 0 
7f0c40cfd000-7f0c40df9000 rw-p 00000000 00:00 0 
7f0c40df9000-7f0c40dfd000 ---p 00000000 00:00 0 
7f0c40dfd000-7f0c40ef9000 rw-p 00000000 00:00 0 
7f0c40ef9000-7f0c40efd000 ---p 00000000 00:00 0 
7f0c40efd000-7f0c40ff9000 rw-p 00000000 00:00 0 
7f0c40ff9000-7f0c40ffd000 ---p 00000000 00:00 0 
7f0c40ffd000-7f0c410f9000 rw-p 00000000 00:00 0 
7f0c410f9000-7f0c410fd000 ---p 00000000 00:00 0 
7f0c410fd000-7f0c411f9000 rw-p 00000000 00:00 0 
7f0c411f9000-7f0c411fd000 ---p 00000000 00:00 0 
7f0c411fd000-7f0c412f9000 rw-p 00000000 00:00 0 
7f0c412f9000-7f0c412fd000 ---p 00000000 00:00 0 
7f0c412fd000-7f0c413f9000 rw-p 00000000 00:00 0 
7f0c413f9000-7f0c413fd000 ---p 00000000 00:00 0 
7f0c413fd000-7f0c414f9000 rw-p 00000000 00:00 0 
7f0c414f9000-7f0c414fd000 ---p 00000000 00:00 0 
7f0c414fd000-7f0c415f9000 rw-p 00000000 00:00 0 
7f0c415f9000-7f0c415fd000 ---p 00000000 00:00 0 
7f0c415fd000-7f0c416f9000 rw-p 00000000 00:00 0 
7f0c416f9000-7f0c416fd000 ---p 00000000 00:00 0 
7f0c416fd000-7f0c417f9000 rw-p 00000000 00:00 0 
7f0c417f9000-7f0c417fd000 ---p 00000000 00:00 0 
7f0c417fd000-7f0c418f9000 rw-p 00000000 00:00 0 
7f0c418f9000-7f0c418fd000 ---p 00000000 00:00 0 
7f0c418fd000-7f0c419f9000 rw-p 00000000 00:00 0 
7f0c419f9000-7f0c419fd000 ---p 00000000 00:00 0 
7f0c419fd000-7f0c41af9000 rw-p 00000000 00:00 0 
7f0c41af9000-7f0c41afd000 ---p 00000000 00:00 0 
7f0c41afd000-7f0c41bf9000 rw-p 00000000 00:00 0 
7f0c41bf9000-7f0c41bfd000 ---p 00000000 00:00 0 
7f0c41bfd000-7f0c41cf9000 rw-p 00000000 00:00 0 
7f0c41cf9000-7f0c41cfd000 ---p 00000000 00:00 0 
7f0c41cfd000-7f0c41df9000 rw-p 00000000 00:00 0 
7f0c41df9000-7f0c42500000 rw-p 00000000 00:00 0 
7f0c42500000-7f0c42504000 ---p 00000000 00:00 0 
7f0c42504000-7f0c42600000 rw-p 00000000 00:00 0 
7f0c42600000-7f0c42604000 ---p 00000000 00:00 0 
7f0c42604000-7f0c42700000 rw-p 00000000 00:00 0 
7f0c42700000-7f0c42704000 ---p 00000000 00:00 0 
7f0c42704000-7f0c42800000 rw-p 00000000 00:00 0 
7f0c42800000-7f0c42804000 ---p 00000000 00:00 0 
7f0c42804000-7f0c42900000 rw-p 00000000 00:00 0 
7f0c42900000-7f0c42904000 ---p 00000000 00:00 0 
7f0c42904000-7f0c42a00000 rw-p 00000000 00:00 0 
7f0c42a00000-7f0c42a04000 ---p 00000000 00:00 0 
7f0c42a04000-7f0c42b00000 rw-p 00000000 00:00 0 
7f0c42b00000-7f0c42b04000 ---p 00000000 00:00 0 
7f0c42b04000-7f0c42c00000 rw-p 00000000 00:00 0 
7f0c42c00000-7f0c42c04000 ---p 00000000 00:00 0 
7f0c42c04000-7f0c42d00000 rw-p 00000000 00:00 0 
7f0c42d00000-7f0c42d04000 ---p 00000000 00:00 0 
7f0c42d04000-7f0c42e00000 rw-p 00000000 00:00 0 
7f0c42e00000-7f0c42e04000 ---p 00000000 00:00 0 
7f0c42e04000-7f0c42f00000 rw-p 00000000 00:00 0 
7f0c42f00000-7f0c42f04000 ---p 00000000 00:00 0 
7f0c42f04000-7f0c43000000 rw-p 00000000 00:00 0 
7f0c43000000-7f0c43cae000 rw-p 00001000 00:23 1911981                    /home/notch/.sdkman/candidates/java/21.0.4-tem/lib/server/classes.jsa
7f0c43cae000-7f0c44000000 ---p 00000000 00:00 0 
7f0c44000000-7f0c44040000 rw-p 00000000 00:00 0 
7f0c44040000-7f0c44080000 rw-p 00000000 00:00 0 
7f0c44080000-7f0c44140000 rw-p 00000000 00:00 0 
7f0c44140000-7f0c44180000 rw-p 00000000 00:00 0 
7f0c44180000-7f0c44400000 rw-p 00000000 00:00 0 
7f0c44400000-7f0c44ae0000 rw-p 00000000 00:00 0 
7f0c44ae0000-7f0c44e80000 rw-p 00000000 00:00 0 
7f0c44e80000-7f0c44f40000 rw-p 00000000 00:00 0 
7f0c44f40000-7f0c454c0000 rw-p 00000000 00:00 0 
7f0c454c0000-7f0c45500000 rw-p 00000000 00:00 0 
7f0c45500000-7f0c45b40000 rw-p 00000000 00:00 0 
7f0c45b40000-7f0c45b60000 rw-p 00000000 00:00 0 
7f0c45b60000-7f0c45b80000 ---p 00000000 00:00 0 
7f0c45b80000-7f0c46a30000 rw-p 00000000 00:00 0 
7f0c46a30000-7f0c84000000 ---p 00000000 00:00 0 
7f0c84000000-7f0c841c3000 rw-p 00000000 00:00 0 
7f0c841c3000-7f0c88000000 ---p 00000000 00:00 0 
7f0c88000000-7f0c88201000 rw-p 00000000 00:00 0 
7f0c88201000-7f0c8c000000 ---p 00000000 00:00 0 
7f0c8c000000-7f0c8c021000 rw-p 00000000 00:00 0 
7f0c8c021000-7f0c90000000 ---p 00000000 00:00 0 
7f0c90000000-7f0c906f7000 rw-p 00000000 00:00 0 
7f0c906f7000-7f0c94000000 ---p 00000000 00:00 0 
7f0c94000000-7f0c95f56000 rw-p 00000000 00:00 0 
7f0c95f56000-7f0c98004000 ---p 00000000 00:00 0 
7f0c98004000-7f0c98100000 rw-p 00000000 00:00 0 
7f0c98100000-7f0c98104000 ---p 00000000 00:00 0 
7f0c98104000-7f0c98200000 rw-p 00000000 00:00 0 
7f0c98200000-7f0c98205000 r-xp 00000000 00:23 1761578                    /home/notch/.gradle/native/1def1411415f61bf3af743bc5b6707747c0891f09f0c88961ee8f79bc544acac/linux-amd64/libnative-platform.so
7f0c98205000-7f0c98405000 ---p 00005000 00:23 1761578                    /home/notch/.gradle/native/1def1411415f61bf3af743bc5b6707747c0891f09f0c88961ee8f79bc544acac/linux-amd64/libnative-platform.so
7f0c98405000-7f0c98406000 r--p 00005000 00:23 1761578                    /home/notch/.gradle/native/1def1411415f61bf3af743bc5b6707747c0891f09f0c88961ee8f79bc544acac/linux-amd64/libnative-platform.so
7f0c98406000-7f0c98407000 rw-p 00006000 00:23 1761578                    /home/notch/.gradle/native/1def1411415f61bf3af743bc5b6707747c0891f09f0c88961ee8f79bc544acac/linux-amd64/libnative-platform.so
7f0c9841e000-7f0c984cb000 r-xp 00000000 00:23 1911986                    /home/notch/.sdkman/candidates/java/21.0.4-tem/lib/libawt.so
7f0c984cb000-7f0c984cc000 ---p 000ad000 00:23 1911986                    /home/notch/.sdkman/candidates/java/21.0.4-tem/lib/libawt.so
7f0c984cc000-7f0c984cd000 r--p 000ad000 00:23 1911986                    /home/notch/.sdkman/candidates/java/21.0.4-tem/lib/libawt.so
7f0c984cd000-7f0c984d8000 rw-p 000ae000 00:23 1911986                    /home/notch/.sdkman/candidates/java/21.0.4-tem/lib/libawt.so
7f0c984d8000-7f0c984fd000 rw-p 00000000 00:00 0 
7f0c984fd000-7f0c98800000 rw-p 00000000 00:00 0 
7f0c98800000-7f0c9bfe8000 rw-p 00000000 00:00 0 
7f0c9bfe8000-7f0c9c5c0000 ---p 00000000 00:00 0 
7f0c9c5c0000-7f0c9c800000 rw-p 00000000 00:00 0 
7f0c9c800000-7f0ca11e0000 rwxp 00000000 00:00 0 
7f0ca11e0000-7f0ca3d37000 ---p 00000000 00:00 0 
7f0ca3d37000-7f0ca4027000 rwxp 00000000 00:00 0 
7f0ca4027000-7f0ca42c9000 ---p 00000000 00:00 0 
7f0ca42c9000-7f0ca5c09000 rwxp 00000000 00:00 0 
7f0ca5c09000-7f0cab800000 ---p 00000000 00:00 0 
7f0cab800000-7f0cb3f59000 r--s 00000000 00:23 1912005                    /home/notch/.sdkman/candidates/java/21.0.4-tem/lib/modules
7f0cb3f70000-7f0cb3fac000 r--p 00000000 00:23 1761598                    /home/notch/.gradle/native/0.2.8/x86_64-linux-gnu/libgradle-fileevents.so
7f0cb3fac000-7f0cb3ff4000 r-xp 0003b000 00:23 1761598                    /home/notch/.gradle/native/0.2.8/x86_64-linux-gnu/libgradle-fileevents.so
7f0cb3ff4000-7f0cb3ffd000 r--p 00082000 00:23 1761598                    /home/notch/.gradle/native/0.2.8/x86_64-linux-gnu/libgradle-fileevents.so
7f0cb3ffd000-7f0cb3ffe000 rw-p 0008a000 00:23 1761598                    /home/notch/.gradle/native/0.2.8/x86_64-linux-gnu/libgradle-fileevents.so
7f0cb3ffe000-7f0cb7d93000 rw-p 00000000 00:00 0 
7f0cb7d93000-7f0cb8000000 ---p 00000000 00:00 0 
7f0cb8008000-7f0cb8009000 r-xp 00000000 00:23 1912013                    /home/notch/.sdkman/candidates/java/21.0.4-tem/lib/librmi.so
7f0cb8009000-7f0cb800a000 r--p 00000000 00:23 1912013                    /home/notch/.sdkman/candidates/java/21.0.4-tem/lib/librmi.so
7f0cb800a000-7f0cb800b000 rw-p 00001000 00:23 1912013                    /home/notch/.sdkman/candidates/java/21.0.4-tem/lib/librmi.so
7f0cb800b000-7f0cb8012000 r-xp 00000000 00:23 1912027                    /home/notch/.sdkman/candidates/java/21.0.4-tem/lib/libawt_headless.so
7f0cb8012000-7f0cb8013000 r--p 00006000 00:23 1912027                    /home/notch/.sdkman/candidates/java/21.0.4-tem/lib/libawt_headless.so
7f0cb8013000-7f0cb8014000 rw-p 00007000 00:23 1912027                    /home/notch/.sdkman/candidates/java/21.0.4-tem/lib/libawt_headless.so
7f0cb8014000-7f0cb8018000 ---p 00000000 00:00 0 
7f0cb8018000-7f0cb8036000 rw-p 00000000 00:00 0 
7f0cb8036000-7f0cb803d000 r--s 00000000 00:23 411376                     /usr/lib64/gconv/gconv-modules.cache
7f0cb803d000-7f0cb803f000 r-xp 00000000 00:23 1912035                    /home/notch/.sdkman/candidates/java/21.0.4-tem/lib/libextnet.so
7f0cb803f000-7f0cb8040000 r--p 00001000 00:23 1912035                    /home/notch/.sdkman/candidates/java/21.0.4-tem/lib/libextnet.so
7f0cb8040000-7f0cb8041000 rw-p 00002000 00:23 1912035                    /home/notch/.sdkman/candidates/java/21.0.4-tem/lib/libextnet.so
7f0cb8041000-7f0cb804e000 r-xp 00000000 00:23 1912017                    /home/notch/.sdkman/candidates/java/21.0.4-tem/lib/libverify.so
7f0cb804e000-7f0cb8050000 r--p 0000c000 00:23 1912017                    /home/notch/.sdkman/candidates/java/21.0.4-tem/lib/libverify.so
7f0cb8050000-7f0cb8051000 rw-p 0000e000 00:23 1912017                    /home/notch/.sdkman/candidates/java/21.0.4-tem/lib/libverify.so
7f0cb8051000-7f0cb8152000 rw-p 00000000 00:00 0 
7f0cb8152000-7f0cb8156000 ---p 00000000 00:00 0 
7f0cb8156000-7f0cb8252000 rw-p 00000000 00:00 0 
7f0cb8252000-7f0cb8256000 ---p 00000000 00:00 0 
7f0cb8256000-7f0cb8352000 rw-p 00000000 00:00 0 
7f0cb8352000-7f0cb8356000 ---p 00000000 00:00 0 
7f0cb8356000-7f0cb8452000 rw-p 00000000 00:00 0 
7f0cb8452000-7f0cb845e000 r-xp 00000000 00:23 1911989                    /home/notch/.sdkman/candidates/java/21.0.4-tem/lib/libnet.so
7f0cb845e000-7f0cb845f000 r--p 0000b000 00:23 1911989                    /home/notch/.sdkman/candidates/java/21.0.4-tem/lib/libnet.so
7f0cb845f000-7f0cb8460000 rw-p 0000c000 00:23 1911989                    /home/notch/.sdkman/candidates/java/21.0.4-tem/lib/libnet.so
7f0cb8460000-7f0cb847b000 r-xp 00000000 00:23 1911978                    /home/notch/.sdkman/candidates/java/21.0.4-tem/lib/libzip.so
7f0cb847b000-7f0cb847c000 r--p 0001a000 00:23 1911978                    /home/notch/.sdkman/candidates/java/21.0.4-tem/lib/libzip.so
7f0cb847c000-7f0cb847d000 rw-p 0001b000 00:23 1911978                    /home/notch/.sdkman/candidates/java/21.0.4-tem/lib/libzip.so
7f0cb847d000-7f0cb8481000 ---p 00000000 00:00 0 
7f0cb8481000-7f0cb857d000 rw-p 00000000 00:00 0 
7f0cb857d000-7f0cb864b000 r-xp 00000000 00:23 1911988                    /home/notch/.sdkman/candidates/java/21.0.4-tem/lib/libjsvml.so
7f0cb864b000-7f0cb864c000 r--p 000cd000 00:23 1911988                    /home/notch/.sdkman/candidates/java/21.0.4-tem/lib/libjsvml.so
7f0cb864c000-7f0cb864d000 rw-p 000ce000 00:23 1911988                    /home/notch/.sdkman/candidates/java/21.0.4-tem/lib/libjsvml.so
7f0cb864d000-7f0cb8651000 ---p 00000000 00:00 0 
7f0cb8651000-7f0cb874d000 rw-p 00000000 00:00 0 
7f0cb874d000-7f0cb8751000 ---p 00000000 00:00 0 
7f0cb8751000-7f0cb884d000 rw-p 00000000 00:00 0 
7f0cb884d000-7f0cb8851000 ---p 00000000 00:00 0 
7f0cb8851000-7f0cb894d000 rw-p 00000000 00:00 0 
7f0cb894d000-7f0cb8951000 ---p 00000000 00:00 0 
7f0cb8951000-7f0cb8a4d000 rw-p 00000000 00:00 0 
7f0cb8a4d000-7f0cb8a51000 ---p 00000000 00:00 0 
7f0cb8a51000-7f0cb8b4d000 rw-p 00000000 00:00 0 
7f0cb8b4d000-7f0cb8b51000 ---p 00000000 00:00 0 
7f0cb8b51000-7f0cb8c4d000 rw-p 00000000 00:00 0 
7f0cb8c4d000-7f0cb8c51000 ---p 00000000 00:00 0 
7f0cb8c51000-7f0cb8f4f000 rw-p 00000000 00:00 0 
7f0cb8f4f000-7f0cb902b000 rw-p 00000000 00:00 0 
7f0cb904a000-7f0cb904e000 ---p 00000000 00:00 0 
7f0cb904e000-7f0cb926e000 rw-p 00000000 00:00 0 
7f0cb926e000-7f0cb9c78000 rw-p 00000000 00:00 0 
7f0cb9c78000-7f0cb9f7b000 rw-p 00000000 00:00 0 
7f0cb9f7b000-7f0cba2fd000 rw-p 00000000 00:00 0 
7f0cba2fd000-7f0cba3b8000 ---p 00000000 00:00 0 
7f0cba3b8000-7f0cba6fd000 rw-p 00000000 00:00 0 
7f0cba6fd000-7f0cba7b8000 ---p 00000000 00:00 0 
7f0cba7b8000-7f0cba800000 rw-p 00000000 00:00 0 
7f0cba801000-7f0cba806000 r-xp 00000000 00:23 1912016                    /home/notch/.sdkman/candidates/java/21.0.4-tem/lib/libmanagement_ext.so
7f0cba806000-7f0cba807000 ---p 00005000 00:23 1912016                    /home/notch/.sdkman/candidates/java/21.0.4-tem/lib/libmanagement_ext.so
7f0cba807000-7f0cba808000 r--p 00005000 00:23 1912016                    /home/notch/.sdkman/candidates/java/21.0.4-tem/lib/libmanagement_ext.so
7f0cba808000-7f0cba809000 rw-p 00006000 00:23 1912016                    /home/notch/.sdkman/candidates/java/21.0.4-tem/lib/libmanagement_ext.so
7f0cba809000-7f0cbb246000 rw-p 00000000 00:00 0 
7f0cbb246000-7f0cbb2fe000 ---p 00000000 00:00 0 
7f0cbb2fe000-7f0cbb392000 rw-p 00000000 00:00 0 
7f0cbb392000-7f0cbb3e9000 ---p 00000000 00:00 0 
7f0cbb3e9000-7f0cbb3ed000 ---p 00000000 00:00 0 
7f0cbb3ed000-7f0cbb4e9000 rw-p 00000000 00:00 0 
7f0cbb4e9000-7f0cbb578000 r-xp 00000000 00:23 233982                     /usr/lib64/libm.so.6
7f0cbb578000-7f0cbb5fe000 r--p 0008f000 00:23 233982                     /usr/lib64/libm.so.6
7f0cbb5fe000-7f0cbb5ff000 r--p 00114000 00:23 233982                     /usr/lib64/libm.so.6
7f0cbb5ff000-7f0cbb600000 rw-p 00115000 00:23 233982                     /usr/lib64/libm.so.6
7f0cbb600000-7f0cbca0f000 r-xp 00000000 00:23 1911982                    /home/notch/.sdkman/candidates/java/21.0.4-tem/lib/server/libjvm.so
7f0cbca0f000-7f0cbca10000 ---p 0140f000 00:23 1911982                    /home/notch/.sdkman/candidates/java/21.0.4-tem/lib/server/libjvm.so
7f0cbca10000-7f0cbcae0000 r--p 0140f000 00:23 1911982                    /home/notch/.sdkman/candidates/java/21.0.4-tem/lib/server/libjvm.so
7f0cbcae0000-7f0cbcb10000 rw-p 014df000 00:23 1911982                    /home/notch/.sdkman/candidates/java/21.0.4-tem/lib/server/libjvm.so
7f0cbcb10000-7f0cbcb76000 rw-p 00000000 00:00 0 
7f0cbcb76000-7f0cbcb7a000 r-xp 00000000 00:23 1911974                    /home/notch/.sdkman/candidates/java/21.0.4-tem/lib/libmanagement.so
7f0cbcb7a000-7f0cbcb7b000 r--p 00003000 00:23 1911974                    /home/notch/.sdkman/candidates/java/21.0.4-tem/lib/libmanagement.so
7f0cbcb7b000-7f0cbcb7c000 rw-p 00004000 00:23 1911974                    /home/notch/.sdkman/candidates/java/21.0.4-tem/lib/libmanagement.so
7f0cbcb7c000-7f0cbcb90000 r-xp 00000000 00:23 1912034                    /home/notch/.sdkman/candidates/java/21.0.4-tem/lib/libnio.so
7f0cbcb90000-7f0cbcb91000 r--p 00013000 00:23 1912034                    /home/notch/.sdkman/candidates/java/21.0.4-tem/lib/libnio.so
7f0cbcb91000-7f0cbcb92000 rw-p 00014000 00:23 1912034                    /home/notch/.sdkman/candidates/java/21.0.4-tem/lib/libnio.so
7f0cbcb92000-7f0cbcb98000 rw-p 00000000 00:00 0 
7f0cbcb98000-7f0cbcb9e000 ---p 00000000 00:00 0 
7f0cbcb9e000-7f0cbcba6000 rw-s 00000000 00:35 321                        /tmp/hsperfdata_notch/8547
7f0cbcba6000-7f0cbcbc6000 r-xp 00000000 00:23 1912029                    /home/notch/.sdkman/candidates/java/21.0.4-tem/lib/libjava.so
7f0cbcbc6000-7f0cbcbc7000 ---p 00020000 00:23 1912029                    /home/notch/.sdkman/candidates/java/21.0.4-tem/lib/libjava.so
7f0cbcbc7000-7f0cbcbc8000 r--p 00020000 00:23 1912029                    /home/notch/.sdkman/candidates/java/21.0.4-tem/lib/libjava.so
7f0cbcbc8000-7f0cbcbc9000 rw-p 00021000 00:23 1912029                    /home/notch/.sdkman/candidates/java/21.0.4-tem/lib/libjava.so
7f0cbcbc9000-7f0cbcbca000 rw-p 00000000 00:00 0 
7f0cbcbca000-7f0cbcbd4000 r-xp 00000000 00:23 1912019                    /home/notch/.sdkman/candidates/java/21.0.4-tem/lib/libinstrument.so
7f0cbcbd4000-7f0cbcbd5000 ---p 0000a000 00:23 1912019                    /home/notch/.sdkman/candidates/java/21.0.4-tem/lib/libinstrument.so
7f0cbcbd5000-7f0cbcbd6000 r--p 0000a000 00:23 1912019                    /home/notch/.sdkman/candidates/java/21.0.4-tem/lib/libinstrument.so
7f0cbcbd6000-7f0cbcbd7000 rw-p 0000b000 00:23 1912019                    /home/notch/.sdkman/candidates/java/21.0.4-tem/lib/libinstrument.so
7f0cbcbd7000-7f0cbcbd8000 ---p 00000000 00:00 0 
7f0cbcbd8000-7f0cbcbd9000 r--p 00000000 00:00 0 
7f0cbcbd9000-7f0cbcbda000 r-xp 00000000 00:23 233990                     /usr/lib64/librt.so.1
7f0cbcbda000-7f0cbcbdb000 r--p 00001000 00:23 233990                     /usr/lib64/librt.so.1
7f0cbcbdb000-7f0cbcbdc000 r--p 00001000 00:23 233990                     /usr/lib64/librt.so.1
7f0cbcbdc000-7f0cbcbdf000 rw-p 00000000 00:00 0 
7f0cbcbdf000-7f0cbcd51000 r-xp 00000000 00:23 233980                     /usr/lib64/libc.so.6
7f0cbcd51000-7f0cbcdca000 r--p 00172000 00:23 233980                     /usr/lib64/libc.so.6
7f0cbcdca000-7f0cbcdce000 r--p 001eb000 00:23 233980                     /usr/lib64/libc.so.6
7f0cbcdce000-7f0cbcdd0000 rw-p 001ef000 00:23 233980                     /usr/lib64/libc.so.6
7f0cbcdd0000-7f0cbcdd8000 rw-p 00000000 00:00 0 
7f0cbcdd8000-7f0cbcdd9000 r-xp 00000000 00:23 233981                     /usr/lib64/libdl.so.2
7f0cbcdd9000-7f0cbcdda000 r--p 00001000 00:23 233981                     /usr/lib64/libdl.so.2
7f0cbcdda000-7f0cbcddb000 r--p 00001000 00:23 233981                     /usr/lib64/libdl.so.2
7f0cbcddb000-7f0cbcddc000 rw-p 00000000 00:00 0 
7f0cbcddc000-7f0cbcddd000 r-xp 00000000 00:23 233988                     /usr/lib64/libpthread.so.0
7f0cbcddd000-7f0cbcdde000 r--p 00001000 00:23 233988                     /usr/lib64/libpthread.so.0
7f0cbcdde000-7f0cbcddf000 r--p 00001000 00:23 233988                     /usr/lib64/libpthread.so.0
7f0cbcddf000-7f0cbcde0000 rw-p 00000000 00:00 0 
7f0cbcde1000-7f0cbcde2000 ---p 00000000 00:00 0 
7f0cbcde2000-7f0cbcdfd000 r-xp 00000000 00:23 1911985                    /home/notch/.sdkman/candidates/java/21.0.4-tem/lib/libjimage.so
7f0cbcdfd000-7f0cbcdfe000 ---p 0001b000 00:23 1911985                    /home/notch/.sdkman/candidates/java/21.0.4-tem/lib/libjimage.so
7f0cbcdfe000-7f0cbce00000 r--p 0001b000 00:23 1911985                    /home/notch/.sdkman/candidates/java/21.0.4-tem/lib/libjimage.so
7f0cbce00000-7f0cbce01000 rw-p 0001d000 00:23 1911985                    /home/notch/.sdkman/candidates/java/21.0.4-tem/lib/libjimage.so
7f0cbce01000-7f0cbce1a000 r-xp 00000000 00:23 1912032                    /home/notch/.sdkman/candidates/java/21.0.4-tem/lib/libjli.so
7f0cbce1a000-7f0cbce1b000 r--p 00018000 00:23 1912032                    /home/notch/.sdkman/candidates/java/21.0.4-tem/lib/libjli.so
7f0cbce1b000-7f0cbce1c000 rw-p 00019000 00:23 1912032                    /home/notch/.sdkman/candidates/java/21.0.4-tem/lib/libjli.so
7f0cbce1c000-7f0cbce1e000 rw-p 00000000 00:00 0 
7f0cbce1e000-7f0cbce22000 r--p 00000000 00:00 0                          [vvar]
7f0cbce22000-7f0cbce24000 r--p 00000000 00:00 0                          [vvar_vclock]
7f0cbce24000-7f0cbce26000 r-xp 00000000 00:00 0                          [vdso]
7f0cbce26000-7f0cbce51000 r-xp 00000000 00:23 233977                     /usr/lib64/ld-linux-x86-64.so.2
7f0cbce51000-7f0cbce5d000 r--p 0002b000 00:23 233977                     /usr/lib64/ld-linux-x86-64.so.2
7f0cbce5d000-7f0cbce5f000 r--p 00037000 00:23 233977                     /usr/lib64/ld-linux-x86-64.so.2
7f0cbce5f000-7f0cbce60000 rw-p 00039000 00:23 233977                     /usr/lib64/ld-linux-x86-64.so.2
7f0cbce60000-7f0cbce61000 rw-p 00000000 00:00 0 
7ffd2c883000-7ffd2c8a5000 rw-p 00000000 00:00 0                          [stack]
ffffffffff600000-ffffffffff601000 --xp 00000000 00:00 0                  [vsyscall]
Total number of mappings: 881


VM Arguments:
jvm_args: --add-opens=java.base/java.lang=ALL-UNNAMED --add-opens=java.base/java.lang.invoke=ALL-UNNAMED --add-opens=java.base/java.util=ALL-UNNAMED --add-opens=java.prefs/java.util.prefs=ALL-UNNAMED --add-exports=jdk.compiler/com.sun.tools.javac.api=ALL-UNNAMED --add-exports=jdk.compiler/com.sun.tools.javac.util=ALL-UNNAMED --add-opens=java.base/java.util=ALL-UNNAMED --add-opens=java.prefs/java.util.prefs=ALL-UNNAMED --add-opens=java.base/java.nio.charset=ALL-UNNAMED --add-opens=java.base/java.net=ALL-UNNAMED --add-opens=java.base/java.util.concurrent=ALL-UNNAMED --add-opens=java.base/java.util.concurrent.atomic=ALL-UNNAMED --add-opens=java.xml/javax.xml.namespace=ALL-UNNAMED --add-opens=java.base/java.time=ALL-UNNAMED -Xmx2048m -Dfile.encoding=UTF-8 -Duser.country=US -Duser.language=en -Duser.variant -javaagent:/home/notch/.gradle/wrapper/dists/gradle-9.1.0-bin/9agqghryom9wkf8r80qlhnts3/gradle-9.1.0/lib/agents/gradle-instrumentation-agent-9.1.0.jar 
java_command: org.gradle.launcher.daemon.bootstrap.GradleDaemon 9.1.0
java_class_path (initial): /home/notch/.gradle/wrapper/dists/gradle-9.1.0-bin/9agqghryom9wkf8r80qlhnts3/gradle-9.1.0/lib/gradle-daemon-main-9.1.0.jar
Launcher Type: SUN_STANDARD

[Global flags]
     intx CICompilerCount                          = 4                                         {product} {ergonomic}
     uint ConcGCThreads                            = 3                                         {product} {ergonomic}
     uint G1ConcRefinementThreads                  = 10                                        {product} {ergonomic}
   size_t G1HeapRegionSize                         = 1048576                                   {product} {ergonomic}
    uintx GCDrainStackTargetSize                   = 64                                        {product} {ergonomic}
   size_t InitialHeapSize                          = 257949696                                 {product} {ergonomic}
   size_t MarkStackSize                            = 4194304                                   {product} {ergonomic}
   size_t MaxHeapSize                              = 2147483648                                {product} {command line}
   size_t MaxNewSize                               = 1287651328                                {product} {ergonomic}
   size_t MinHeapDeltaBytes                        = 1048576                                   {product} {ergonomic}
   size_t MinHeapSize                              = 8388608                                   {product} {ergonomic}
    uintx NonNMethodCodeHeapSize                   = 5839372                                {pd product} {ergonomic}
    uintx NonProfiledCodeHeapSize                  = 122909434                              {pd product} {ergonomic}
    uintx ProfiledCodeHeapSize                     = 122909434                              {pd product} {ergonomic}
    uintx ReservedCodeCacheSize                    = 251658240                              {pd product} {ergonomic}
     bool SegmentedCodeCache                       = true                                      {product} {ergonomic}
   size_t SoftMaxHeapSize                          = 2147483648                             {manageable} {ergonomic}
     bool UseCompressedOops                        = true                           {product lp64_product} {ergonomic}
     bool UseG1GC                                  = true                                      {product} {ergonomic}

Logging:
Log output configuration:
 #0: stdout all=warning uptime,level,tags foldmultilines=false
 #1: stderr all=off uptime,level,tags foldmultilines=false

Environment Variables:
JAVA_HOME=/home/notch/.sdkman/candidates/java/current
PATH=/home/notch/.local/bin:/home/notch/.sdkman/candidates/java/current/bin:/home/notch/.local/bin:/home/notch/.nvm/versions/node/v26.7.0/bin:/home/notch/.local/bin:/home/notch/bin:/usr/local/bin:/usr/bin:/bin:/var/lib/snapd/snap/bin
SHELL=/bin/bash
DISPLAY=:0
LANG=en_US.UTF-8
TERM=dumb

Active Locale:
LC_ALL=en_US.UTF-8
LC_COLLATE=en_US.UTF-8
LC_CTYPE=en_US.UTF-8
LC_MESSAGES=en_US.UTF-8
LC_MONETARY=en_US.UTF-8
LC_NUMERIC=en_US.UTF-8
LC_TIME=en_US.UTF-8

Signal Handlers:
   SIGSEGV: crash_handler in libjvm.so, mask=11100100010111111101111111111110, flags=SA_RESTART|SA_SIGINFO, unblocked
    SIGBUS: crash_handler in libjvm.so, mask=11100100010111111101111111111110, flags=SA_RESTART|SA_SIGINFO, unblocked
    SIGFPE: crash_handler in libjvm.so, mask=11100100010111111101111111111110, flags=SA_RESTART|SA_SIGINFO, unblocked
   SIGPIPE: javaSignalHandler in libjvm.so, mask=11100100010111111101111111111110, flags=SA_RESTART|SA_SIGINFO, blocked
   SIGXFSZ: javaSignalHandler in libjvm.so, mask=11100100010111111101111111111110, flags=SA_RESTART|SA_SIGINFO, blocked
    SIGILL: crash_handler in libjvm.so, mask=11100100010111111101111111111110, flags=SA_RESTART|SA_SIGINFO, unblocked
   SIGUSR2: SR_handler in libjvm.so, mask=00000000000000000000000000000000, flags=SA_RESTART|SA_SIGINFO, blocked
    SIGHUP: UserHandler in libjvm.so, mask=11100100010111111101111111111110, flags=SA_RESTART|SA_SIGINFO, blocked
    SIGINT: UserHandler in libjvm.so, mask=11100100010111111101111111111110, flags=SA_RESTART|SA_SIGINFO, blocked
   SIGTERM: UserHandler in libjvm.so, mask=11100100010111111101111111111110, flags=SA_RESTART|SA_SIGINFO, blocked
   SIGQUIT: UserHandler in libjvm.so, mask=11100100010111111101111111111110, flags=SA_RESTART|SA_SIGINFO, blocked
   SIGTRAP: crash_handler in libjvm.so, mask=11100100010111111101111111111110, flags=SA_RESTART|SA_SIGINFO, unblocked


Periodic native trim disabled

---------------  S Y S T E M  ---------------

OS:
Fedora release 44 (Forty Four)
uname: Linux 7.1.10-200.fc44.x86_64 #1 SMP PREEMPT_DYNAMIC Sun Aug 23 16:15:11 UTC 2026 x86_64
OS uptime: 0 days 0:38 hours
libc: glibc 2.43 NPTL 2.43 
rlimit (soft/hard): STACK 8192k/infinity , CORE infinity/infinity , NPROC 62097/62097 , NOFILE 1048576/1048576 , AS infinity/infinity , CPU infinity/infinity , DATA infinity/infinity , FSIZE infinity/infinity , MEMLOCK 8192k/8192k
load average: 4.86 2.18 1.46

/proc/meminfo:
MemTotal:       16065508 kB
MemFree:          210508 kB
MemAvailable:    2362144 kB
Buffers:             568 kB
Cached:          2386488 kB
SwapCached:         2948 kB
Active:          3498576 kB
Inactive:        8691756 kB
Active(anon):    2942368 kB
Inactive(anon):  6894652 kB
Active(file):     556208 kB
Inactive(file):  1797104 kB
Unevictable:        2544 kB
Mlocked:            2544 kB
SwapTotal:       8388604 kB
SwapFree:        2253260 kB
Zswap:                 0 kB
Zswapped:              0 kB
Dirty:              3196 kB
Writeback:             0 kB
AnonPages:       9805400 kB
Mapped:          1188756 kB
Shmem:             31720 kB
KReclaimable:     113108 kB
Slab:             430136 kB
SReclaimable:     113108 kB
SUnreclaim:       317028 kB
KernelStack:       32720 kB
PageTables:       113032 kB
SecPageTables:      4792 kB
NFS_Unstable:          0 kB
Bounce:                0 kB
WritebackTmp:          0 kB
CommitLimit:    16421356 kB
Committed_AS:   36922204 kB
VmallocTotal:   34359738367 kB
VmallocUsed:      204996 kB
VmallocChunk:          0 kB
Percpu:             9744 kB
HardwareCorrupted:     0 kB
AnonHugePages:   2050048 kB
ShmemHugePages:        0 kB
ShmemPmdMapped:        0 kB
FileHugePages:     12288 kB
FilePmdMapped:     12288 kB
CmaTotal:              0 kB
CmaFree:               0 kB
Unaccepted:            0 kB
Balloon:               0 kB
GPUActive:             0 kB
GPUReclaim:            0 kB
HugePages_Total:       0
HugePages_Free:        0
HugePages_Rsvd:        0
HugePages_Surp:        0
Hugepagesize:       2048 kB
Hugetlb:               0 kB
DirectMap4k:     1229312 kB
DirectMap2M:    15251456 kB
DirectMap1G:     1048576 kB

/sys/kernel/mm/transparent_hugepage/enabled: always [madvise] never
/sys/kernel/mm/transparent_hugepage/hpage_pmd_size: 2097152
/sys/kernel/mm/transparent_hugepage/defrag (defrag/compaction efforts parameter): always defer defer+madvise [madvise] never

Process Memory:
Virtual Size: 11004180K (peak: 11004180K)
Resident Set Size: 2806380K (peak: 2806380K) (anon: 2785256K, file: 21108K, shmem: 16K)
Swapped out: 312620K
C-Heap outstanding allocations: 415225K, retained: 509806K
glibc malloc tunables: (default)

/proc/sys/kernel/threads-max (system-wide limit on the number of threads): 124194
/proc/sys/vm/max_map_count (maximum number of memory map areas a process may have): 1048576
/proc/sys/vm/swappiness (control to define how aggressively the kernel swaps out anonymous memory): 60
/proc/sys/kernel/pid_max (system-wide limit on number of process identifiers): 4194304

container information not found.
Steal ticks since vm start: 0
Steal ticks percentage since vm start:  0.000

CPU: total 12 (initial active 12) (6 cores per cpu, 2 threads per core) family 6 model 151 stepping 5 microcode 0x3e, cx8, cmov, fxsr, ht, mmx, 3dnowpref, sse, sse2, sse3, ssse3, sse4.1, sse4.2, popcnt, lzcnt, tsc, tscinvbit, avx, avx2, aes, erms, clmul, bmi1, bmi2, adx, sha, fma, vzeroupper, clflush, clflushopt, clwb, serialize, rdtscp, rdpid, fsrm, f16c, pku, ospke, cet_ibt, cet_ss
CPU Model and flags from /proc/cpuinfo:
model name	: 12th Gen Intel(R) Core(TM) i5-12400F
flags		: fpu vme de pse tsc msr pae mce cx8 apic sep mtrr pge mca cmov pat pse36 clflush dts acpi mmx fxsr sse sse2 ss ht tm pbe syscall nx pdpe1gb rdtscp lm constant_tsc art arch_perfmon pebs bts rep_good nopl xtopology nonstop_tsc cpuid aperfmperf tsc_known_freq pni pclmulqdq dtes64 monitor ds_cpl vmx est tm2 ssse3 sdbg fma cx16 xtpr pdcm pcid sse4_1 sse4_2 x2apic movbe popcnt tsc_deadline_timer aes xsave avx f16c rdrand lahf_lm abm 3dnowprefetch cpuid_fault epb ssbd ibrs ibpb stibp ibrs_enhanced tpr_shadow flexpriority ept vpid ept_ad fsgsbase tsc_adjust bmi1 avx2 smep bmi2 erms invpcid rdseed adx smap clflushopt clwb intel_pt sha_ni xsaveopt xsavec xgetbv1 xsaves split_lock_detect user_shstk avx_vnni dtherm ida arat pln pts hwp hwp_notify hwp_act_window hwp_epp hwp_pkg_req hfi vnmi umip pku ospke waitpkg gfni vaes vpclmulqdq rdpid movdiri movdir64b fsrm md_clear serialize arch_lbr ibt flush_l1d arch_capabilities

Online cpus: 0-11
Offline cpus: 
BIOS frequency limitation: <Not Available>
Frequency switch latency (ns): 0
Available cpu frequencies: <Not Available>
Current governor: powersave
Core performance/turbo boost: <Not Available>

Memory: 4k page, physical 16065508k(2362144k free), swap 8388604k(2253336k free)
Page Sizes: 4k

vm_info: OpenJDK 64-Bit Server VM (21.0.4+7-LTS) for linux-amd64 JRE (21.0.4+7-LTS), built on 2024-07-16T00:00:00Z by "admin" with gcc 11.3.0

END.
